25769803781,90194313240,CFG
25769803784,30064771141,CFG
25769803784,30064771142,CFG
25769803785,30064771142,CFG
25769803792,124554051586,CFG
25769803794,30064771161,CFG
25769803795,68719476838,CFG
25769803796,30064771184,CFG
25769803799,68719476862,CFG
25769803800,30064771201,CFG
25769803801,30064771208,CFG
25769803802,30064771228,CFG
25769803804,30064771236,CFG
25769803807,30064771244,CFG
25769803812,30064771256,CFG
25769803816,30064771266,CFG
25769803817,68719476936,CFG
25769803818,90194313288,CFG
25769803823,30064771279,CFG
25769803824,90194313292,CFG
25769803826,30064771289,CFG
25769803827,141733920775,CFG
25769803834,68719477004,CFG
25769803835,30064771333,CFG
25769803838,68719477017,CFG
25769803839,90194313311,CFG
25769803840,30064771354,CFG
25769803841,30064771373,CFG
25769803845,68719477070,CFG
25769803846,90194313327,CFG
25769803849,30064771415,CFG
25769803851,68719477094,CFG
25769803853,30064771426,CFG
25769803857,68719477129,CFG
25769803858,30064771462,CFG
25769803860,68719477139,CFG
25769803862,30064771488,CFG
25769803863,30064771491,CFG
25769803866,68719477169,CFG
25769803867,30064771498,CFG
25769803870,68719477186,CFG
25769803871,90194313371,CFG
25769803872,30064771528,CFG
25769803877,68719477227,CFG
25769803878,90194313384,CFG
25769803881,68719477246,CFG
25769803882,30064771572,CFG
25769803887,68719477265,CFG
25769803888,30064771593,CFG
25769803895,30064771602,CFG
25769803896,30064771605,CFG
25769803897,30064771622,CFG
25769803900,68719477297,CFG
25769803901,30064771624,CFG
25769803902,30064771645,CFG
25769803904,124554051601,CFG
25769803910,68719477344,CFG
25769803911,30064771678,CFG
25769803914,68719477364,CFG
25769803915,90194313429,CFG
25769803919,124554051602,CFG
25769803923,68719477405,CFG
25769803924,90194313444,CFG
25769803927,30064771767,CFG
25769803928,68719477430,CFG
25769803929,30064771782,CFG
25769803936,30064771811,CFG
25769803938,68719477469,CFG
25769803941,68719477485,CFG
25769803942,30064771838,CFG
25769803947,68719477507,CFG
25769803948,90194313482,CFG
25769803950,30064771867,CFG
25769803951,30064771880,CFG
25769803954,68719477535,CFG
25769803955,90194313489,CFG
25769803957,30064771906,CFG
25769803961,68719477571,CFG
25769803962,90194313501,CFG
25769803966,68719477592,CFG
25769803967,90194313507,CFG
25769804008,68719477717,CFG
25769804010,30064772112,CFG
25769804012,30064772117,CFG
25769804014,68719477760,CFG
25769804016,30064772129,CFG
25769804018,68719477775,CFG
25769804019,141733920801,CFG
25769804022,68719477809,CFG
25769804023,68719477806,CFG
25769804024,30064772169,CFG
25769804026,68719477818,CFG
30064771072,68719476737,CFG
30064771073,68719476738,CFG
30064771074,68719476739,CFG
30064771075,68719476740,CFG
30064771076,68719476741,CFG
30064771077,68719476742,CFG
30064771078,68719476743,CFG
30064771079,68719476744,CFG
30064771080,68719476745,CFG
30064771081,68719476746,CFG
30064771082,68719476747,CFG
30064771083,30064771084,CFG
30064771084,68719476749,CFG
30064771085,30064771086,CFG
30064771086,68719476751,CFG
30064771087,30064771088,CFG
30064771088,68719476753,CFG
30064771089,30064771090,CFG
30064771090,68719476755,CFG
30064771091,30064771092,CFG
30064771092,68719476757,CFG
30064771093,30064771094,CFG
30064771094,68719476759,CFG
30064771095,30064771096,CFG
30064771096,68719476762,CFG
30064771097,30064771098,CFG
30064771098,68719476763,CFG
30064771099,68719476764,CFG
30064771100,68719476765,CFG
30064771100,68719476775,CFG
30064771101,30064771102,CFG
30064771102,68719476770,CFG
30064771103,55834574851,CFG
30064771104,90194313233,CFG
30064771105,68719476769,CFG
30064771106,30064771108,CFG
30064771107,68719476768,CFG
30064771108,68719476774,CFG
30064771109,55834574855,CFG
30064771110,90194313234,CFG
30064771111,68719476773,CFG
30064771112,30064771114,CFG
30064771113,68719476772,CFG
30064771114,68719476775,CFG
30064771115,68719476776,CFG
30064771116,68719476777,CFG
30064771117,68719476778,CFG
30064771118,68719476779,CFG
30064771119,30064771120,CFG
30064771120,68719476783,CFG
30064771121,68719476784,CFG
30064771122,68719476787,CFG
30064771122,30064771128,CFG
30064771123,30064771124,CFG
30064771124,68719476788,CFG
30064771125,68719476789,CFG
30064771126,25769803781,CFG
30064771127,30064771128,CFG
30064771128,68719476795,CFG
30064771128,30064771142,CFG
30064771129,68719476792,CFG
30064771130,68719476805,CFG
30064771130,68719476805,CFG
30064771130,141733920768,CFG
30064771131,30064771132,CFG
30064771132,68719476797,CFG
30064771133,30064771134,CFG
30064771134,68719476799,CFG
30064771135,30064771136,CFG
30064771136,68719476802,CFG
30064771137,30064771138,CFG
30064771138,68719476804,CFG
30064771139,68719476791,CFG
30064771140,68719476805,CFG
30064771140,25769803784,CFG
30064771141,141733920769,CFG
30064771142,141733920770,CFG
30064771143,68719476807,CFG
30064771144,68719476811,CFG
30064771145,68719476824,CFG
30064771145,68719476824,CFG
30064771146,30064771147,CFG
30064771147,68719476816,CFG
30064771148,30064771149,CFG
30064771149,68719476818,CFG
30064771150,30064771151,CFG
30064771151,68719476821,CFG
30064771152,30064771153,CFG
30064771153,68719476823,CFG
30064771154,68719476810,CFG
30064771155,68719476824,CFG
30064771155,25769803792,CFG
30064771156,68719476826,CFG
30064771157,30064771158,CFG
30064771158,68719476830,CFG
30064771159,68719476831,CFG
30064771160,25769803794,CFG
30064771161,68719476844,CFG
30064771161,68719476850,CFG
30064771162,30064771163,CFG
30064771163,68719476833,CFG
30064771164,90194313247,CFG
30064771165,68719476834,CFG
30064771166,90194313249,CFG
30064771167,68719476835,CFG
30064771168,90194313251,CFG
30064771169,68719476836,CFG
30064771170,90194313253,CFG
30064771171,30064771172,CFG
30064771172,68719476837,CFG
30064771173,30064771174,CFG
30064771174,68719476839,CFG
30064771175,90194313256,CFG
30064771176,68719476840,CFG
30064771177,90194313258,CFG
30064771178,68719476841,CFG
30064771179,90194313260,CFG
30064771180,68719476842,CFG
30064771181,90194313262,CFG
30064771182,30064771183,CFG
30064771183,68719476843,CFG
30064771184,30064771185,CFG
30064771185,68719476847,CFG
30064771186,68719476850,CFG
30064771187,30064771188,CFG
30064771188,68719476863,CFG
30064771189,30064771190,CFG
30064771190,68719476858,CFG
30064771191,68719476853,CFG
30064771192,30064771194,CFG
30064771193,68719476855,CFG
30064771194,180388626432,CFG
30064771195,68719476857,CFG
30064771196,30064771197,CFG
30064771197,180388626432,CFG
30064771198,68719476860,CFG
30064771199,30064771200,CFG
30064771200,68719476854,CFG
30064771201,30064771202,CFG
30064771202,68719476869,CFG
30064771202,68719476892,CFG
30064771203,68719476865,CFG
30064771204,30064771205,CFG
30064771205,68719476867,CFG
30064771206,68719476868,CFG
30064771207,25769803801,CFG
30064771208,68719476883,CFG
30064771209,30064771210,CFG
30064771210,68719476871,CFG
30064771211,90194313267,CFG
30064771212,68719476872,CFG
30064771213,90194313269,CFG
30064771214,68719476873,CFG
30064771215,90194313271,CFG
30064771216,68719476874,CFG
30064771217,68719476876,CFG
30064771218,30064771219,CFG
30064771219,68719476877,CFG
30064771220,68719476878,CFG
30064771221,68719476879,CFG
30064771222,90194313276,CFG
30064771223,68719476880,CFG
30064771224,90194313278,CFG
30064771225,68719476881,CFG
30064771226,90194313280,CFG
30064771227,68719476882,CFG
30064771228,68719476885,CFG
30064771229,68719476886,CFG
30064771230,68719476889,CFG
30064771231,68719476892,CFG
30064771232,30064771233,CFG
30064771233,68719476893,CFG
30064771234,68719476894,CFG
30064771235,25769803804,CFG
30064771236,68719476896,CFG
30064771236,124554051587,CFG
30064771237,30064771238,CFG
30064771238,124554051587,CFG
30064771239,68719476897,CFG
30064771240,30064771241,CFG
30064771241,68719476901,CFG
30064771242,68719476902,CFG
30064771243,25769803807,CFG
30064771244,68719476904,CFG
30064771245,68719476905,CFG
30064771245,68719476906,CFG
30064771246,47244640268,CFG
30064771247,30064771248,CFG
30064771248,30064771249,CFG
30064771249,68719476910,CFG
30064771249,68719476911,CFG
30064771250,47244640270,CFG
30064771251,68719476912,CFG
30064771252,30064771253,CFG
30064771253,68719476916,CFG
30064771254,68719476917,CFG
30064771255,25769803812,CFG
30064771256,68719476919,CFG
30064771257,68719476920,CFG
30064771258,68719476922,CFG
30064771258,68719476923,CFG
30064771259,141733920772,CFG
30064771260,90194313285,CFG
30064771261,68719476924,CFG
30064771262,30064771263,CFG
30064771263,68719476928,CFG
30064771264,68719476929,CFG
30064771265,25769803816,CFG
30064771266,68719476933,CFG
30064771267,30064771268,CFG
30064771268,68719476934,CFG
30064771269,68719476935,CFG
30064771270,25769803817,CFG
30064771271,25769803818,CFG
30064771272,68719476938,CFG
30064771273,90194313291,CFG
30064771274,30064771275,CFG
30064771275,30064771276,CFG
30064771276,68719476942,CFG
30064771277,68719476943,CFG
30064771278,25769803823,CFG
30064771279,68719476945,CFG
30064771280,68719476946,CFG
30064771281,25769803824,CFG
30064771282,141733920774,CFG
30064771283,68719476947,CFG
30064771284,30064771285,CFG
30064771285,68719476951,CFG
30064771286,68719476952,CFG
30064771287,25769803826,CFG
30064771288,68719476954,CFG
30064771289,30064771290,CFG
30064771290,68719476956,CFG
30064771291,68719476957,CFG
30064771292,25769803827,CFG
30064771293,68719476958,CFG
30064771294,68719476961,CFG
30064771295,30064771296,CFG
30064771296,141733920776,CFG
30064771297,68719476963,CFG
30064771298,68719476966,CFG
30064771299,30064771300,CFG
30064771300,141733920777,CFG
30064771301,68719476968,CFG
30064771302,68719476971,CFG
30064771303,30064771304,CFG
30064771304,141733920778,CFG
30064771305,68719476973,CFG
30064771306,68719476976,CFG
30064771307,30064771308,CFG
30064771308,68719476979,CFG
30064771309,30064771310,CFG
30064771310,68719476982,CFG
30064771311,30064771312,CFG
30064771312,68719476985,CFG
30064771313,30064771314,CFG
30064771314,68719476989,CFG
30064771315,90194313306,CFG
30064771316,141733920779,CFG
30064771317,30064771318,CFG
30064771318,68719476992,CFG
30064771319,30064771320,CFG
30064771320,68719477005,CFG
30064771321,30064771322,CFG
30064771322,68719477000,CFG
30064771323,68719476995,CFG
30064771324,30064771326,CFG
30064771325,68719476997,CFG
30064771326,180388626433,CFG
30064771327,68719476999,CFG
30064771328,30064771329,CFG
30064771329,180388626433,CFG
30064771330,68719477002,CFG
30064771331,30064771332,CFG
30064771332,68719476996,CFG
30064771333,68719477006,CFG
30064771333,68719477019,CFG
30064771334,141733920780,CFG
30064771335,30064771336,CFG
30064771336,68719477013,CFG
30064771337,30064771339,CFG
30064771338,68719477010,CFG
30064771339,180388626434,CFG
30064771340,68719477012,CFG
30064771341,30064771342,CFG
30064771342,180388626434,CFG
30064771343,68719477015,CFG
30064771344,30064771345,CFG
30064771345,68719477009,CFG
30064771346,90194313312,CFG
30064771347,30064771348,CFG
30064771348,68719477025,CFG
30064771349,68719477021,CFG
30064771350,30064771351,CFG
30064771351,68719477023,CFG
30064771352,68719477024,CFG
30064771353,25769803840,CFG
30064771354,68719477044,CFG
30064771355,30064771356,CFG
30064771356,68719477027,CFG
30064771357,68719477028,CFG
30064771358,68719477029,CFG
30064771359,68719477030,CFG
30064771360,68719477031,CFG
30064771361,68719477032,CFG
30064771362,68719477033,CFG
30064771363,68719477036,CFG
30064771364,30064771365,CFG
30064771365,68719477037,CFG
30064771366,68719477038,CFG
30064771367,68719477039,CFG
30064771368,68719477040,CFG
30064771369,68719477041,CFG
30064771370,68719477042,CFG
30064771371,68719477043,CFG
30064771372,68719477045,CFG
30064771373,68719477048,CFG
30064771374,68719477050,CFG
30064771375,90194313322,CFG
30064771376,30064771377,CFG
30064771377,124554051596,CFG
30064771378,68719477051,CFG
30064771379,68719477090,CFG
30064771380,30064771381,CFG
30064771381,68719477057,CFG
30064771382,30064771383,CFG
30064771383,68719477072,CFG
30064771384,30064771385,CFG
30064771385,68719477064,CFG
30064771386,68719477061,CFG
30064771387,180388626435,CFG
30064771388,68719477063,CFG
30064771389,30064771390,CFG
30064771390,180388626435,CFG
30064771391,68719477066,CFG
30064771392,30064771393,CFG
30064771393,68719477068,CFG
30064771394,68719477069,CFG
30064771395,30064771396,CFG
30064771396,47244640282,CFG
30064771396,68719477060,CFG
30064771397,30064771398,CFG
30064771398,68719477073,CFG
30064771399,68719477075,CFG
30064771400,30064771401,CFG
30064771401,68719477077,CFG
30064771402,68719477080,CFG
30064771403,30064771404,CFG
30064771404,68719477081,CFG
30064771404,68719477084,CFG
30064771405,90194313332,CFG
30064771406,90194313334,CFG
30064771407,90194313335,CFG
30064771408,30064771409,CFG
30064771409,180388626436,CFG
30064771410,30064771411,CFG
30064771411,30064771412,CFG
30064771412,68719477088,CFG
30064771413,68719477089,CFG
30064771414,25769803849,CFG
30064771415,180388626436,CFG
30064771416,68719477092,CFG
30064771417,30064771418,CFG
30064771418,68719477054,CFG
30064771419,90194313339,CFG
30064771420,68719477095,CFG
30064771421,68719477135,CFG
30064771422,30064771423,CFG
30064771423,68719477099,CFG
30064771424,68719477100,CFG
30064771425,25769803853,CFG
30064771426,68719477103,CFG
30064771427,30064771428,CFG
30064771428,68719477106,CFG
30064771429,30064771430,CFG
30064771430,68719477123,CFG
30064771431,68719477108,CFG
30064771432,30064771433,CFG
30064771433,68719477109,CFG
30064771433,30064771436,CFG
30064771434,68719477110,CFG
30064771435,30064771436,CFG
30064771436,180388626437,CFG
30064771436,68719477113,CFG
30064771437,68719477112,CFG
30064771438,30064771439,CFG
30064771439,68719477114,CFG
30064771440,68719477117,CFG
30064771441,30064771442,CFG
30064771442,180388626437,CFG
30064771442,68719477119,CFG
30064771443,30064771444,CFG
30064771444,90194313351,CFG
30064771445,30064771446,CFG
30064771446,68719477120,CFG
30064771447,68719477122,CFG
30064771448,30064771449,CFG
30064771449,180388626437,CFG
30064771450,68719477125,CFG
30064771451,30064771452,CFG
30064771452,68719477107,CFG
30064771453,90194313353,CFG
30064771454,90194313354,CFG
30064771455,30064771456,CFG
30064771456,180388626438,CFG
30064771457,30064771458,CFG
30064771458,30064771459,CFG
30064771459,68719477133,CFG
30064771460,68719477134,CFG
30064771461,25769803858,CFG
30064771462,180388626438,CFG
30064771463,68719477137,CFG
30064771464,30064771465,CFG
30064771465,68719477101,CFG
30064771466,90194313358,CFG
30064771467,68719477140,CFG
30064771468,68719477142,CFG
30064771469,68719477143,CFG
30064771470,68719477145,CFG
30064771471,30064771472,CFG
30064771472,68719477146,CFG
30064771473,68719477148,CFG
30064771473,68719477207,CFG
30064771474,30064771475,CFG
30064771475,68719477150,CFG
30064771476,30064771477,CFG
30064771477,68719477170,CFG
30064771478,30064771479,CFG
30064771479,68719477163,CFG
30064771480,68719477153,CFG
30064771481,30064771483,CFG
30064771482,68719477155,CFG
30064771483,180388626439,CFG
30064771484,30064771485,CFG
30064771485,68719477158,CFG
30064771486,68719477159,CFG
30064771487,25769803862,CFG
30064771488,68719477161,CFG
30064771489,68719477162,CFG
30064771490,25769803863,CFG
30064771491,180388626439,CFG
30064771492,68719477165,CFG
30064771493,30064771494,CFG
30064771494,68719477167,CFG
30064771495,68719477168,CFG
30064771496,30064771497,CFG
30064771497,47244640292,CFG
30064771497,68719477154,CFG
30064771498,68719477171,CFG
30064771499,68719477172,CFG
30064771499,68719477175,CFG
30064771500,141733920785,CFG
30064771501,30064771502,CFG
30064771502,68719477188,CFG
30064771503,30064771504,CFG
30064771504,68719477182,CFG
30064771505,30064771507,CFG
30064771506,68719477179,CFG
30064771507,180388626440,CFG
30064771508,68719477181,CFG
30064771509,30064771510,CFG
30064771510,180388626440,CFG
30064771511,68719477184,CFG
30064771512,30064771513,CFG
30064771513,68719477178,CFG
30064771514,90194313372,CFG
30064771515,30064771516,CFG
30064771516,68719477199,CFG
30064771517,30064771518,CFG
30064771518,68719477190,CFG
30064771519,68719477191,CFG
30064771520,68719477192,CFG
30064771521,68719477193,CFG
30064771522,68719477194,CFG
30064771523,68719477195,CFG
30064771524,68719477196,CFG
30064771525,68719477197,CFG
30064771526,68719477198,CFG
30064771527,68719477200,CFG
30064771528,68719477203,CFG
30064771529,68719477206,CFG
30064771530,90194313378,CFG
30064771531,90194313379,CFG
30064771532,30064771533,CFG
30064771533,124554051600,CFG
30064771534,68719477210,CFG
30064771534,68719477268,CFG
30064771535,30064771536,CFG
30064771536,68719477211,CFG
30064771537,68719477212,CFG
30064771537,68719477214,CFG
30064771538,141733920786,CFG
30064771539,30064771540,CFG
30064771540,68719477229,CFG
30064771541,30064771542,CFG
30064771542,68719477221,CFG
30064771543,68719477218,CFG
30064771544,180388626441,CFG
30064771545,68719477220,CFG
30064771546,30064771547,CFG
30064771547,180388626441,CFG
30064771548,68719477223,CFG
30064771549,30064771550,CFG
30064771550,68719477225,CFG
30064771551,68719477226,CFG
30064771552,30064771553,CFG
30064771553,47244640299,CFG
30064771553,68719477217,CFG
30064771554,30064771555,CFG
30064771555,68719477230,CFG
30064771556,68719477231,CFG
30064771556,68719477234,CFG
30064771557,141733920787,CFG
30064771558,30064771559,CFG
30064771559,68719477247,CFG
30064771560,30064771561,CFG
30064771561,68719477242,CFG
30064771562,68719477237,CFG
30064771563,30064771565,CFG
30064771564,68719477239,CFG
30064771565,180388626442,CFG
30064771566,68719477241,CFG
30064771567,30064771568,CFG
30064771568,180388626442,CFG
30064771569,68719477244,CFG
30064771570,30064771571,CFG
30064771571,68719477238,CFG
30064771572,68719477248,CFG
30064771572,68719477250,CFG
30064771573,141733920788,CFG
30064771574,30064771575,CFG
30064771575,90194313390,CFG
30064771576,30064771577,CFG
30064771577,30064771578,CFG
30064771578,68719477251,CFG
30064771578,68719477266,CFG
30064771579,141733920789,CFG
30064771580,30064771581,CFG
30064771581,68719477259,CFG
30064771582,68719477256,CFG
30064771583,180388626443,CFG
30064771584,68719477258,CFG
30064771585,30064771586,CFG
30064771586,180388626443,CFG
30064771587,68719477261,CFG
30064771588,30064771589,CFG
30064771589,68719477263,CFG
30064771590,68719477264,CFG
30064771591,30064771592,CFG
30064771592,47244640306,CFG
30064771592,68719477255,CFG
30064771593,68719477267,CFG
30064771594,124554051600,CFG
30064771595,141733920790,CFG
30064771595,68719477269,CFG
30064771596,124554051600,CFG
30064771597,68719477270,CFG
30064771598,30064771599,CFG
30064771599,68719477273,CFG
30064771600,68719477274,CFG
30064771601,25769803895,CFG
30064771602,68719477276,CFG
30064771603,68719477277,CFG
30064771604,25769803896,CFG
30064771605,68719477281,CFG
30064771606,30064771607,CFG
30064771607,68719477298,CFG
30064771608,30064771609,CFG
30064771609,68719477288,CFG
30064771610,68719477285,CFG
30064771611,180388626444,CFG
30064771612,68719477287,CFG
30064771613,30064771614,CFG
30064771614,180388626444,CFG
30064771615,68719477290,CFG
30064771616,30064771617,CFG
30064771617,68719477292,CFG
30064771618,30064771619,CFG
30064771619,68719477295,CFG
30064771620,68719477296,CFG
30064771621,25769803897,CFG
30064771622,30064771623,CFG
30064771623,47244640311,CFG
30064771623,68719477284,CFG
30064771624,68719477299,CFG
30064771625,30064771626,CFG
30064771626,90194313400,CFG
30064771627,30064771628,CFG
30064771628,68719477317,CFG
30064771629,30064771630,CFG
30064771630,30064771631,CFG
30064771631,30064771632,CFG
30064771632,68719477306,CFG
30064771633,30064771634,CFG
30064771634,30064771635,CFG
30064771635,30064771636,CFG
30064771636,68719477308,CFG
30064771637,30064771638,CFG
30064771638,30064771639,CFG
30064771639,30064771640,CFG
30064771640,68719477313,CFG
30064771641,30064771644,CFG
30064771642,68719477311,CFG
30064771643,68719477312,CFG
30064771644,25769803902,CFG
30064771645,30064771646,CFG
30064771646,30064771647,CFG
30064771647,68719477314,CFG
30064771648,30064771649,CFG
30064771649,180388626445,CFG
30064771650,68719477316,CFG
30064771651,30064771652,CFG
30064771652,180388626445,CFG
30064771653,68719477319,CFG
30064771654,30064771655,CFG
30064771655,68719477304,CFG
30064771656,124554051601,CFG
30064771657,68719477322,CFG
30064771658,30064771659,CFG
30064771659,68719477328,CFG
30064771660,30064771661,CFG
30064771661,68719477331,CFG
30064771662,30064771663,CFG
30064771663,68719477332,CFG
30064771664,68719477333,CFG
30064771664,68719477345,CFG
30064771665,141733920791,CFG
30064771666,30064771667,CFG
30064771667,68719477340,CFG
30064771668,30064771669,CFG
30064771669,68719477337,CFG
30064771670,30064771671,CFG
30064771671,180388626446,CFG
30064771672,68719477339,CFG
30064771673,30064771674,CFG
30064771674,180388626446,CFG
30064771675,68719477342,CFG
30064771676,30064771677,CFG
30064771677,68719477335,CFG
30064771678,68719477346,CFG
30064771679,68719477383,CFG
30064771680,30064771681,CFG
30064771681,90194313420,CFG
30064771682,30064771683,CFG
30064771683,90194313422,CFG
30064771684,90194313423,CFG
30064771685,30064771686,CFG
30064771686,90194313425,CFG
30064771687,30064771688,CFG
30064771688,30064771689,CFG
30064771689,30064771690,CFG
30064771690,30064771691,CFG
30064771691,68719477366,CFG
30064771692,30064771693,CFG
30064771693,68719477358,CFG
30064771694,68719477355,CFG
30064771695,180388626447,CFG
30064771696,68719477357,CFG
30064771697,30064771698,CFG
30064771698,180388626447,CFG
30064771699,68719477360,CFG
30064771700,30064771701,CFG
30064771701,68719477362,CFG
30064771702,68719477363,CFG
30064771703,30064771704,CFG
30064771704,30064771705,CFG
30064771705,47244640318,CFG
30064771705,68719477354,CFG
30064771706,30064771707,CFG
30064771707,68719477367,CFG
30064771708,90194313431,CFG
30064771709,68719477370,CFG
30064771710,30064771711,CFG
30064771711,68719477374,CFG
30064771712,68719477373,CFG
30064771713,90194313433,CFG
30064771713,30064771714,CFG
30064771714,30064771715,CFG
30064771715,68719477378,CFG
30064771716,30064771717,CFG
30064771717,90194313436,CFG
30064771718,68719477376,CFG
30064771719,90194313437,CFG
30064771720,30064771721,CFG
30064771721,30064771722,CFG
30064771722,30064771723,CFG
30064771723,68719477380,CFG
30064771724,68719477380,CFG
30064771725,30064771726,CFG
30064771726,180388626448,CFG
30064771727,68719477382,CFG
30064771728,30064771729,CFG
30064771729,180388626448,CFG
30064771730,68719477385,CFG
30064771731,30064771732,CFG
30064771732,68719477351,CFG
30064771733,68719477387,CFG
30064771734,30064771735,CFG
30064771735,68719477392,CFG
30064771736,30064771737,CFG
30064771737,68719477407,CFG
30064771738,30064771739,CFG
30064771739,68719477399,CFG
30064771740,68719477396,CFG
30064771741,180388626449,CFG
30064771742,68719477398,CFG
30064771743,30064771744,CFG
30064771744,180388626449,CFG
30064771745,68719477401,CFG
30064771746,30064771747,CFG
30064771747,68719477403,CFG
30064771748,68719477404,CFG
30064771749,30064771750,CFG
30064771750,47244640323,CFG
30064771750,68719477395,CFG
30064771751,30064771752,CFG
30064771752,68719477408,CFG
30064771753,68719477409,CFG
30064771753,68719477410,CFG
30064771754,141733920792,CFG
30064771755,68719477412,CFG
30064771755,68719477413,CFG
30064771756,30064771757,CFG
30064771757,30064771758,CFG
30064771758,30064771759,CFG
30064771759,141733920793,CFG
30064771760,68719477414,CFG
30064771761,68719477415,CFG
30064771762,68719477420,CFG
30064771763,30064771764,CFG
30064771764,68719477418,CFG
30064771765,68719477419,CFG
30064771766,25769803927,CFG
30064771767,68719477421,CFG
30064771768,68719477424,CFG
30064771768,68719477436,CFG
30064771769,68719477423,CFG
30064771770,30064771771,CFG
30064771771,68719477435,CFG
30064771772,30064771773,CFG
30064771773,68719477427,CFG
30064771774,68719477428,CFG
30064771775,25769803928,CFG
30064771776,68719477431,CFG
30064771777,30064771778,CFG
30064771778,30064771779,CFG
30064771779,68719477433,CFG
30064771780,68719477434,CFG
30064771781,25769803929,CFG
30064771782,68719477441,CFG
30064771783,68719477438,CFG
30064771783,68719477439,CFG
30064771784,30064771785,CFG
30064771785,68719477441,CFG
30064771786,141733920794,CFG
30064771787,68719477440,CFG
30064771788,68719477444,CFG
30064771789,68719477446,CFG
30064771790,30064771791,CFG
30064771791,30064771792,CFG
30064771792,124554051603,CFG
30064771793,68719477447,CFG
30064771794,30064771795,CFG
30064771795,68719477451,CFG
30064771796,68719477452,CFG
30064771796,68719477453,CFG
30064771797,141733920795,CFG
30064771798,68719477465,CFG
30064771799,30064771800,CFG
30064771800,90194313467,CFG
30064771801,30064771802,CFG
30064771802,90194313469,CFG
30064771803,30064771804,CFG
30064771804,30064771805,CFG
30064771805,30064771806,CFG
30064771806,68719477462,CFG
30064771807,30064771810,CFG
30064771808,68719477460,CFG
30064771809,68719477461,CFG
30064771810,25769803936,CFG
30064771811,30064771812,CFG
30064771812,30064771813,CFG
30064771813,180388626450,CFG
30064771814,68719477464,CFG
30064771815,30064771816,CFG
30064771816,180388626450,CFG
30064771817,68719477467,CFG
30064771818,30064771819,CFG
30064771819,68719477457,CFG
30064771820,30064771821,CFG
30064771821,124554051604,CFG
30064771822,68719477470,CFG
30064771823,30064771824,CFG
30064771824,68719477486,CFG
30064771825,30064771826,CFG
30064771826,68719477481,CFG
30064771827,68719477476,CFG
30064771828,30064771829,CFG
30064771829,30064771831,CFG
30064771830,68719477478,CFG
30064771831,180388626451,CFG
30064771832,68719477480,CFG
30064771833,30064771834,CFG
30064771834,180388626451,CFG
30064771835,68719477483,CFG
30064771836,30064771837,CFG
30064771837,68719477477,CFG
30064771838,68719477487,CFG
30064771838,68719477488,CFG
30064771839,141733920796,CFG
30064771840,68719477491,CFG
30064771841,30064771842,CFG
30064771842,68719477492,CFG
30064771843,141733920797,CFG
30064771843,68719477494,CFG
30064771844,30064771845,CFG
30064771845,68719477509,CFG
30064771846,30064771847,CFG
30064771847,68719477501,CFG
30064771848,68719477498,CFG
30064771849,180388626452,CFG
30064771850,68719477500,CFG
30064771851,30064771852,CFG
30064771852,180388626452,CFG
30064771853,68719477503,CFG
30064771854,30064771855,CFG
30064771855,68719477505,CFG
30064771856,68719477506,CFG
30064771857,30064771858,CFG
30064771858,47244640335,CFG
30064771858,68719477497,CFG
30064771859,30064771860,CFG
30064771860,68719477510,CFG
30064771861,68719477511,CFG
30064771861,68719477516,CFG
30064771862,141733920798,CFG
30064771863,30064771866,CFG
30064771864,68719477514,CFG
30064771865,68719477515,CFG
30064771866,25769803950,CFG
30064771867,30064771868,CFG
30064771868,30064771869,CFG
30064771869,68719477518,CFG
30064771870,30064771871,CFG
30064771871,68719477537,CFG
30064771872,30064771873,CFG
30064771873,68719477527,CFG
30064771874,68719477522,CFG
30064771875,180388626453,CFG
30064771876,30064771877,CFG
30064771877,68719477525,CFG
30064771878,68719477526,CFG
30064771879,25769803951,CFG
30064771880,180388626453,CFG
30064771881,68719477529,CFG
30064771882,30064771883,CFG
30064771883,68719477531,CFG
30064771884,68719477532,CFG
30064771885,68719477533,CFG
30064771886,68719477534,CFG
30064771887,30064771888,CFG
30064771888,30064771889,CFG
30064771889,47244640339,CFG
30064771889,68719477521,CFG
30064771890,30064771891,CFG
30064771891,68719477538,CFG
30064771892,68719477539,CFG
30064771892,68719477549,CFG
30064771893,141733920799,CFG
30064771894,30064771895,CFG
30064771895,68719477541,CFG
30064771896,68719477542,CFG
30064771897,30064771898,CFG
30064771898,68719477543,CFG
30064771899,68719477544,CFG
30064771900,68719477545,CFG
30064771901,68719477546,CFG
30064771902,68719477547,CFG
30064771903,90194313496,CFG
30064771904,68719477548,CFG
30064771905,68719477550,CFG
30064771906,68719477553,CFG
30064771907,68719477554,CFG
30064771908,124554051605,CFG
30064771909,68719477555,CFG
30064771910,30064771911,CFG
30064771911,68719477573,CFG
30064771912,30064771913,CFG
30064771913,68719477565,CFG
30064771914,68719477562,CFG
30064771915,180388626454,CFG
30064771916,68719477564,CFG
30064771917,30064771918,CFG
30064771918,180388626454,CFG
30064771919,68719477567,CFG
30064771920,30064771921,CFG
30064771921,68719477569,CFG
30064771922,68719477570,CFG
30064771923,30064771924,CFG
30064771924,30064771925,CFG
30064771925,47244640343,CFG
30064771925,68719477561,CFG
30064771926,30064771927,CFG
30064771927,68719477574,CFG
30064771928,68719477575,CFG
30064771928,68719477576,CFG
30064771929,124554051606,CFG
30064771930,68719477579,CFG
30064771930,68719477599,CFG
30064771931,30064771932,CFG
30064771932,68719477594,CFG
30064771933,30064771934,CFG
30064771934,68719477586,CFG
30064771935,30064771937,CFG
30064771936,68719477583,CFG
30064771937,180388626455,CFG
30064771938,68719477585,CFG
30064771939,30064771940,CFG
30064771940,180388626455,CFG
30064771941,68719477588,CFG
30064771942,30064771943,CFG
30064771943,68719477590,CFG
30064771944,68719477591,CFG
30064771945,30064771946,CFG
30064771946,30064771947,CFG
30064771947,47244640347,CFG
30064771947,68719477582,CFG
30064771948,30064771949,CFG
30064771949,68719477598,CFG
30064771950,30064771951,CFG
30064771951,90194313510,CFG
30064771952,90194313511,CFG
30064771953,90194313512,CFG
30064771954,30064771955,CFG
30064771955,90194313514,CFG
30064771956,30064771957,CFG
30064771957,30064771958,CFG
30064771958,124554051606,CFG
30064771959,124554051606,CFG
30064771960,68719477600,CFG
30064771961,68719477602,CFG
30064771962,68719477603,CFG
30064771963,68719477604,CFG
30064771964,68719477605,CFG
30064771965,68719477606,CFG
30064771966,68719477608,CFG
30064771967,30064771968,CFG
30064771968,68719477609,CFG
30064771969,68719477610,CFG
30064771969,68719477611,CFG
30064771970,90194313516,CFG
30064771971,68719477612,CFG
30064771971,68719477613,CFG
30064771972,90194313516,CFG
30064771973,68719477614,CFG
30064771973,68719477615,CFG
30064771974,90194313516,CFG
30064771975,68719477616,CFG
30064771975,68719477617,CFG
30064771976,90194313516,CFG
30064771977,68719477618,CFG
30064771977,68719477619,CFG
30064771978,47244640354,CFG
30064771979,90194313516,CFG
30064771980,68719477620,CFG
30064771981,30064771982,CFG
30064771982,90194313534,CFG
30064771983,30064771984,CFG
30064771984,68719477623,CFG
30064771985,68719477624,CFG
30064771986,68719477625,CFG
30064771987,68719477626,CFG
30064771988,68719477628,CFG
30064771989,30064771990,CFG
30064771990,68719477629,CFG
30064771991,68719477630,CFG
30064771991,68719477631,CFG
30064771992,90194313531,CFG
30064771993,68719477633,CFG
30064771993,68719477634,CFG
30064771994,90194313531,CFG
30064771995,68719477636,CFG
30064771995,68719477637,CFG
30064771996,90194313531,CFG
30064771997,68719477638,CFG
30064771997,68719477639,CFG
30064771998,47244640360,CFG
30064771999,90194313531,CFG
30064772000,68719477640,CFG
30064772001,90194313546,CFG
30064772002,68719477643,CFG
30064772003,68719477644,CFG
30064772004,68719477645,CFG
30064772005,68719477646,CFG
30064772006,68719477648,CFG
30064772007,30064772008,CFG
30064772008,68719477649,CFG
30064772009,68719477650,CFG
30064772009,68719477651,CFG
30064772010,90194313546,CFG
30064772011,68719477652,CFG
30064772011,68719477654,CFG
30064772012,90194313546,CFG
30064772012,68719477653,CFG
30064772013,90194313546,CFG
30064772014,68719477656,CFG
30064772014,68719477660,CFG
30064772015,30064772016,CFG
30064772016,68719477657,CFG
30064772017,90194313546,CFG
30064772018,68719477661,CFG
30064772018,68719477662,CFG
30064772019,47244640368,CFG
30064772020,90194313546,CFG
30064772021,68719477663,CFG
30064772022,68719477664,CFG
30064772022,124554051584,CFG
30064772023,124554051584,CFG
30064772024,90194313560,CFG
30064772025,30064772026,CFG
30064772026,68719477668,CFG
30064772027,30064772028,CFG
30064772028,68719477669,CFG
30064772029,68719477670,CFG
30064772030,30064772031,CFG
30064772031,68719477671,CFG
30064772032,68719477675,CFG
30064772033,68719477674,CFG
30064772034,30064772035,CFG
30064772035,68719477679,CFG
30064772036,68719477678,CFG
30064772037,30064772038,CFG
30064772038,68719477680,CFG
30064772039,30064772040,CFG
30064772040,30064772041,CFG
30064772041,68719477681,CFG
30064772042,68719477682,CFG
30064772043,30064772044,CFG
30064772044,68719477683,CFG
30064772045,68719477687,CFG
30064772046,68719477686,CFG
30064772047,30064772048,CFG
30064772048,68719477691,CFG
30064772049,68719477690,CFG
30064772050,30064772051,CFG
30064772051,68719477692,CFG
30064772052,30064772053,CFG
30064772053,30064772054,CFG
30064772054,68719477693,CFG
30064772055,68719477694,CFG
30064772056,30064772057,CFG
30064772057,68719477695,CFG
30064772058,68719477699,CFG
30064772059,68719477698,CFG
30064772060,30064772061,CFG
30064772061,68719477703,CFG
30064772062,68719477702,CFG
30064772063,30064772064,CFG
30064772064,124554051610,CFG
30064772065,68719477705,CFG
30064772066,68719477706,CFG
30064772067,68719477707,CFG
30064772068,68719477708,CFG
30064772069,90194313586,CFG
30064772070,30064772071,CFG
30064772071,68719477711,CFG
30064772072,30064772073,CFG
30064772073,68719477713,CFG
30064772074,30064772075,CFG
30064772075,68719477715,CFG
30064772076,30064772077,CFG
30064772077,25769804008,CFG
30064772078,30064772079,CFG
30064772079,68719477756,CFG
30064772080,90194313597,CFG
30064772081,30064772082,CFG
30064772082,68719477722,CFG
30064772083,30064772084,CFG
30064772084,30064772085,CFG
30064772085,30064772086,CFG
30064772086,68719477725,CFG
30064772087,30064772088,CFG
30064772088,30064772089,CFG
30064772089,68719477727,CFG
30064772090,30064772091,CFG
30064772091,30064772092,CFG
30064772092,68719477729,CFG
30064772093,68719477731,CFG
30064772093,30064772096,CFG
30064772094,30064772096,CFG
30064772096,180388626456,CFG
30064772096,68719477736,CFG
30064772097,30064772098,CFG
30064772098,68719477749,CFG
30064772099,30064772100,CFG
30064772100,68719477738,CFG
30064772101,68719477739,CFG
30064772102,68719477740,CFG
30064772103,68719477741,CFG
30064772104,68719477742,CFG
30064772105,68719477743,CFG
30064772106,68719477744,CFG
30064772107,68719477745,CFG
30064772108,68719477746,CFG
30064772109,68719477747,CFG
30064772110,68719477748,CFG
30064772111,68719477750,CFG
30064772112,180388626456,CFG
30064772113,30064772114,CFG
30064772114,68719477754,CFG
30064772115,68719477755,CFG
30064772116,25769804012,CFG
30064772117,180388626456,CFG
30064772118,68719477758,CFG
30064772119,30064772120,CFG
30064772120,68719477720,CFG
30064772121,68719477761,CFG
30064772122,30064772123,CFG
30064772123,68719477771,CFG
30064772124,30064772125,CFG
30064772125,68719477765,CFG
30064772126,68719477766,CFG
30064772127,25769804016,CFG
30064772128,68719477768,CFG
30064772129,180388626457,CFG
30064772130,68719477770,CFG
30064772131,30064772132,CFG
30064772132,180388626457,CFG
30064772133,68719477773,CFG
30064772134,30064772135,CFG
30064772135,68719477767,CFG
30064772136,68719477776,CFG
30064772137,141733920802,CFG
30064772138,68719477780,CFG
30064772139,30064772140,CFG
30064772140,68719477783,CFG
30064772141,30064772142,CFG
30064772142,68719477786,CFG
30064772143,30064772144,CFG
30064772144,68719477788,CFG
30064772145,30064772146,CFG
30064772146,30064772147,CFG
30064772147,68719477790,CFG
30064772148,30064772149,CFG
30064772149,30064772150,CFG
30064772150,30064772151,CFG
30064772151,124554051611,CFG
30064772152,90194313615,CFG
30064772153,30064772154,CFG
30064772154,68719477794,CFG
30064772155,30064772156,CFG
30064772156,68719477796,CFG
30064772157,30064772158,CFG
30064772158,68719477798,CFG
30064772159,30064772160,CFG
30064772160,25769804022,CFG
30064772161,30064772162,CFG
30064772162,68719477802,CFG
30064772163,68719477803,CFG
30064772164,25769804023,CFG
30064772165,30064772166,CFG
30064772166,68719477807,CFG
30064772167,68719477808,CFG
30064772168,25769804024,CFG
30064772169,30064772170,CFG
30064772170,68719477810,CFG
30064772171,30064772172,CFG
30064772172,68719477815,CFG
30064772173,30064772177,CFG
30064772174,30064772175,CFG
30064772175,68719477816,CFG
30064772176,68719477817,CFG
30064772177,25769804026,CFG
30064772178,90194313625,CFG
30064772178,68719477820,CFG
30064772179,30064772180,CFG
30064772180,68719477822,CFG
30064772181,30064772182,CFG
30064772182,68719477826,CFG
30064772183,90194313627,CFG
30064772184,90194313628,CFG
30064772185,30064772186,CFG
30064772186,30064772187,CFG
30064772187,68719477827,CFG
30064772188,68719477828,CFG
30064772189,30064772190,CFG
30064772190,68719477834,CFG
30064772191,30064772192,CFG
30064772192,68719477835,CFG
30064772193,141733920805,CFG
30064772194,68719477838,CFG
30064772195,68719477839,CFG
30064772196,68719477841,CFG
30064772197,30064772198,CFG
30064772198,68719477842,CFG
30064772199,68719477843,CFG
30064772200,68719477845,CFG
30064772201,124554051615,CFG
47244640268,90194313282,CFG
47244640270,90194313282,CFG
47244640282,180388626435,CFG
47244640292,180388626439,CFG
47244640299,180388626441,CFG
47244640306,180388626443,CFG
47244640311,180388626444,CFG
47244640318,180388626447,CFG
47244640323,180388626449,CFG
47244640335,180388626452,CFG
47244640339,180388626453,CFG
47244640343,180388626454,CFG
47244640347,180388626455,CFG
47244640354,124554051607,CFG
47244640360,124554051608,CFG
47244640368,124554051609,CFG
55834574848,30064771097,CFG
55834574849,30064771099,CFG
55834574850,30064771103,CFG
55834574851,30064771104,CFG
55834574852,30064771105,CFG
55834574853,30064771107,CFG
55834574854,30064771109,CFG
55834574855,30064771110,CFG
55834574856,30064771111,CFG
55834574857,30064771113,CFG
55834574858,30064771119,CFG
55834574859,30064771121,CFG
55834574860,30064771123,CFG
55834574861,30064771125,CFG
55834574862,30064771129,CFG
55834574863,30064771133,CFG
55834574864,30064771135,CFG
55834574865,30064771144,CFG
55834574866,30064771148,CFG
55834574867,30064771150,CFG
55834574868,30064771157,CFG
55834574869,30064771159,CFG
55834574870,30064771191,CFG
55834574871,30064771193,CFG
55834574872,30064771195,CFG
55834574873,30064771198,CFG
55834574874,30064771203,CFG
55834574875,30064771206,CFG
55834574876,30064771229,CFG
55834574877,30064771232,CFG
55834574878,30064771234,CFG
55834574879,30064771242,CFG
55834574880,30064771254,CFG
55834574881,30064771257,CFG
55834574882,30064771264,CFG
55834574883,30064771267,CFG
55834574884,30064771269,CFG
55834574885,30064771277,CFG
55834574886,30064771280,CFG
55834574887,30064771286,CFG
55834574888,30064771288,CFG
55834574889,30064771291,CFG
55834574890,30064771294,CFG
55834574891,30064771298,CFG
55834574892,30064771302,CFG
55834574893,30064771325,CFG
55834574894,30064771327,CFG
55834574895,30064771330,CFG
55834574896,30064771338,CFG
55834574897,30064771340,CFG
55834574898,30064771343,CFG
55834574899,30064771349,CFG
55834574900,30064771352,CFG
55834574901,30064771372,CFG
55834574902,30064771386,CFG
55834574903,30064771388,CFG
55834574904,30064771391,CFG
55834574905,30064771394,CFG
55834574906,30064771399,CFG
55834574907,30064771413,CFG
55834574908,30064771416,CFG
55834574909,30064771424,CFG
55834574910,30064771431,CFG
55834574911,30064771437,CFG
55834574912,30064771447,CFG
55834574913,30064771450,CFG
55834574914,30064771460,CFG
55834574915,30064771463,CFG
55834574916,30064771480,CFG
55834574917,30064771482,CFG
55834574918,30064771486,CFG
55834574919,30064771489,CFG
55834574920,30064771492,CFG
55834574921,30064771495,CFG
55834574922,30064771506,CFG
55834574923,30064771508,CFG
55834574924,30064771511,CFG
55834574925,30064771527,CFG
55834574926,30064771543,CFG
55834574927,30064771545,CFG
55834574928,30064771548,CFG
55834574929,30064771564,CFG
55834574930,30064771566,CFG
55834574931,30064771569,CFG
55834574932,30064771582,CFG
55834574933,30064771584,CFG
55834574934,30064771587,CFG
55834574935,30064771600,CFG
55834574936,30064771603,CFG
55834574937,30064771610,CFG
55834574938,30064771612,CFG
55834574939,30064771615,CFG
55834574940,30064771620,CFG
55834574941,30064771643,CFG
55834574942,30064771650,CFG
55834574943,30064771653,CFG
55834574944,30064771672,CFG
55834574945,30064771675,CFG
55834574946,30064771694,CFG
55834574947,30064771696,CFG
55834574948,30064771699,CFG
55834574949,30064771709,CFG
55834574950,30064771712,CFG
55834574951,30064771727,CFG
55834574952,30064771730,CFG
55834574953,30064771740,CFG
55834574954,30064771742,CFG
55834574955,30064771745,CFG
55834574956,30064771765,CFG
55834574957,30064771769,CFG
55834574958,30064771772,CFG
55834574959,30064771774,CFG
55834574960,30064771776,CFG
55834574961,30064771780,CFG
55834574962,30064771809,CFG
55834574963,30064771814,CFG
55834574964,30064771817,CFG
55834574965,30064771830,CFG
55834574966,30064771832,CFG
55834574967,30064771835,CFG
55834574968,30064771848,CFG
55834574969,30064771850,CFG
55834574970,30064771853,CFG
55834574971,30064771865,CFG
55834574972,30064771874,CFG
55834574973,30064771878,CFG
55834574974,30064771881,CFG
55834574975,30064771884,CFG
55834574976,30064771886,CFG
55834574977,30064771905,CFG
55834574978,30064771914,CFG
55834574979,30064771916,CFG
55834574980,30064771919,CFG
55834574981,30064771936,CFG
55834574982,30064771938,CFG
55834574983,30064771941,CFG
55834574984,30064772033,CFG
55834574985,30064772036,CFG
55834574986,30064772046,CFG
55834574987,30064772049,CFG
55834574988,30064772059,CFG
55834574989,30064772062,CFG
55834574990,30064772111,CFG
55834574991,30064772115,CFG
55834574992,30064772118,CFG
55834574993,30064772126,CFG
55834574994,30064772128,CFG
55834574995,30064772130,CFG
55834574996,30064772133,CFG
55834574997,30064772161,CFG
55834574998,30064772163,CFG
55834574999,30064772165,CFG
55834575000,30064772167,CFG
55834575001,30064772171,CFG
55834575002,30064772173,CFG
55834575003,30064772174,CFG
55834575004,30064772176,CFG
55834575005,30064772179,CFG
55834575006,30064772181,CFG
55834575007,30064772195,CFG
55834575008,30064772199,CFG
68719476736,176093659136,CFG
68719476737,176093659137,CFG
68719476738,176093659138,CFG
68719476739,176093659139,CFG
68719476740,176093659140,CFG
68719476741,176093659141,CFG
68719476742,176093659142,CFG
68719476743,176093659143,CFG
68719476744,176093659144,CFG
68719476745,176093659145,CFG
68719476746,176093659146,CFG
68719476747,68719476748,CFG
68719476748,90194313216,CFG
68719476749,68719476750,CFG
68719476750,90194313218,CFG
68719476751,68719476752,CFG
68719476752,90194313220,CFG
68719476753,68719476754,CFG
68719476754,90194313222,CFG
68719476755,68719476756,CFG
68719476756,90194313224,CFG
68719476757,68719476758,CFG
68719476758,90194313226,CFG
68719476759,68719476760,CFG
68719476760,90194313228,CFG
68719476761,55834574848,CFG
68719476762,68719476761,CFG
68719476763,55834574849,CFG
68719476764,90194313230,CFG
68719476765,68719476766,CFG
68719476766,90194313231,CFG
68719476767,55834574850,CFG
68719476768,55834574852,CFG
68719476769,68719476767,CFG
68719476770,55834574853,CFG
68719476771,55834574854,CFG
68719476772,55834574856,CFG
68719476773,68719476771,CFG
68719476774,55834574857,CFG
68719476775,90194313235,CFG
68719476776,90194313236,CFG
68719476777,90194313237,CFG
68719476778,90194313238,CFG
68719476779,120259084288,CFG
68719476780,30064771122,CFG
68719476781,55834574858,CFG
68719476782,68719476781,CFG
68719476783,55834574859,CFG
68719476784,68719476780,CFG
68719476785,30064771126,CFG
68719476786,55834574860,CFG
68719476787,68719476786,CFG
68719476788,55834574861,CFG
68719476789,68719476785,CFG
68719476790,30064771130,CFG
68719476791,55834574862,CFG
68719476792,68719476790,CFG
68719476793,90194313241,CFG
68719476794,68719476793,CFG
68719476795,68719476794,CFG
68719476796,55834574863,CFG
68719476797,68719476796,CFG
68719476798,55834574864,CFG
68719476799,68719476798,CFG
68719476800,68719476801,CFG
68719476801,30064771137,CFG
68719476802,68719476800,CFG
68719476803,30064771139,CFG
68719476804,68719476803,CFG
68719476805,68719476806,CFG
68719476805,68719476806,CFG
68719476806,30064771140,CFG
68719476806,30064771140,CFG
68719476807,120259084289,CFG
68719476808,68719476809,CFG
68719476809,90194313243,CFG
68719476810,55834574865,CFG
68719476811,68719476808,CFG
68719476812,90194313244,CFG
68719476813,68719476812,CFG
68719476814,68719476813,CFG
68719476815,55834574866,CFG
68719476816,68719476815,CFG
68719476817,55834574867,CFG
68719476818,68719476817,CFG
68719476819,68719476820,CFG
68719476820,30064771152,CFG
68719476821,68719476819,CFG
68719476822,30064771154,CFG
68719476823,68719476822,CFG
68719476824,68719476825,CFG
68719476824,68719476825,CFG
68719476825,30064771155,CFG
68719476825,30064771155,CFG
68719476826,120259084290,CFG
68719476827,30064771160,CFG
68719476828,55834574868,CFG
68719476829,68719476828,CFG
68719476830,55834574869,CFG
68719476831,68719476827,CFG
68719476832,30064771162,CFG
68719476833,90194313246,CFG
68719476834,90194313248,CFG
68719476835,90194313250,CFG
68719476836,90194313252,CFG
68719476837,25769803795,CFG
68719476838,30064771173,CFG
68719476839,90194313255,CFG
68719476840,90194313257,CFG
68719476841,90194313259,CFG
68719476842,90194313261,CFG
68719476843,25769803796,CFG
68719476844,68719476832,CFG
68719476845,68719476846,CFG
68719476846,30064771186,CFG
68719476847,68719476845,CFG
68719476848,30064771187,CFG
68719476849,68719476848,CFG
68719476850,68719476849,CFG
68719476851,30064771189,CFG
68719476852,55834574870,CFG
68719476853,90194313264,CFG
68719476854,55834574871,CFG
68719476855,68719476852,CFG
68719476856,55834574872,CFG
68719476857,30064771196,CFG
68719476858,68719476856,CFG
68719476859,55834574873,CFG
68719476860,30064771199,CFG
68719476861,68719476859,CFG
68719476862,25769803800,CFG
68719476863,68719476851,CFG
68719476864,55834574874,CFG
68719476865,90194313265,CFG
68719476866,68719476864,CFG
68719476867,55834574875,CFG
68719476868,30064771207,CFG
68719476869,68719476866,CFG
68719476870,30064771209,CFG
68719476871,90194313266,CFG
68719476872,90194313268,CFG
68719476873,90194313270,CFG
68719476874,90194313272,CFG
68719476875,30064771218,CFG
68719476876,90194313273,CFG
68719476877,90194313274,CFG
68719476878,30064771221,CFG
68719476879,90194313275,CFG
68719476880,90194313277,CFG
68719476881,90194313279,CFG
68719476882,25769803802,CFG
68719476883,68719476870,CFG
68719476884,30064771230,CFG
68719476885,55834574876,CFG
68719476886,68719476884,CFG
68719476887,68719476888,CFG
68719476888,30064771231,CFG
68719476889,68719476887,CFG
68719476890,30064771235,CFG
68719476891,55834574877,CFG
68719476892,68719476891,CFG
68719476893,55834574878,CFG
68719476894,68719476890,CFG
68719476895,30064771237,CFG
68719476896,68719476895,CFG
68719476897,120259084291,CFG
68719476898,30064771240,CFG
68719476899,68719476898,CFG
68719476900,68719476899,CFG
68719476901,55834574879,CFG
68719476902,30064771243,CFG
68719476903,68719476900,CFG
68719476904,30064771245,CFG
68719476905,90194313283,CFG
68719476906,68719476908,CFG
68719476906,30064771249,CFG
68719476907,30064771247,CFG
68719476908,68719476907,CFG
68719476909,30064771250,CFG
68719476910,68719476909,CFG
68719476911,141733920771,CFG
68719476912,120259084292,CFG
68719476913,30064771252,CFG
68719476914,68719476913,CFG
68719476915,68719476914,CFG
68719476916,55834574880,CFG
68719476917,30064771255,CFG
68719476918,68719476915,CFG
68719476919,55834574881,CFG
68719476920,30064771258,CFG
68719476921,30064771259,CFG
68719476922,68719476921,CFG
68719476923,90194313286,CFG
68719476924,120259084293,CFG
68719476925,30064771262,CFG
68719476926,68719476925,CFG
68719476927,68719476926,CFG
68719476928,55834574882,CFG
68719476929,30064771265,CFG
68719476930,68719476927,CFG
68719476931,30064771270,CFG
68719476932,55834574883,CFG
68719476933,68719476932,CFG
68719476934,55834574884,CFG
68719476935,68719476931,CFG
68719476936,90194313288,CFG
68719476936,68719476937,CFG
68719476936,141733920773,CFG
68719476937,90194313289,CFG
68719476938,120259084294,CFG
68719476939,30064771273,CFG
68719476940,68719476939,CFG
68719476941,68719476940,CFG
68719476942,55834574885,CFG
68719476943,30064771278,CFG
68719476944,68719476941,CFG
68719476945,55834574886,CFG
68719476946,30064771281,CFG
68719476947,120259084295,CFG
68719476948,68719476949,CFG
68719476949,30064771284,CFG
68719476950,68719476948,CFG
68719476951,55834574887,CFG
68719476952,30064771287,CFG
68719476953,55834574888,CFG
68719476954,68719476950,CFG
68719476955,68719476953,CFG
68719476956,55834574889,CFG
68719476957,30064771292,CFG
68719476958,120259084296,CFG
68719476959,30064771295,CFG
68719476960,55834574890,CFG
68719476961,90194313293,CFG
68719476962,68719476960,CFG
68719476963,120259084297,CFG
68719476964,30064771299,CFG
68719476965,55834574891,CFG
68719476966,90194313294,CFG
68719476967,68719476965,CFG
68719476968,120259084298,CFG
68719476969,30064771303,CFG
68719476970,55834574892,CFG
68719476971,90194313295,CFG
68719476972,68719476970,CFG
68719476973,120259084299,CFG
68719476974,90194313297,CFG
68719476975,90194313298,CFG
68719476976,68719476975,CFG
68719476977,90194313300,CFG
68719476978,90194313299,CFG
68719476979,68719476978,CFG
68719476980,90194313302,CFG
68719476981,90194313301,CFG
68719476982,68719476981,CFG
68719476983,90194313304,CFG
68719476984,90194313303,CFG
68719476985,68719476984,CFG
68719476986,30064771315,CFG
68719476987,68719476986,CFG
68719476988,90194313305,CFG
68719476989,68719476988,CFG
68719476990,30064771319,CFG
68719476991,68719476990,CFG
68719476992,68719476991,CFG
68719476993,30064771321,CFG
68719476994,90194313308,CFG
68719476995,30064771324,CFG
68719476996,55834574893,CFG
68719476997,68719476994,CFG
68719476998,55834574894,CFG
68719476999,30064771328,CFG
68719477000,68719476998,CFG
68719477001,55834574895,CFG
68719477002,30064771331,CFG
68719477003,68719477001,CFG
68719477004,25769803835,CFG
68719477005,68719476993,CFG
68719477006,90194313309,CFG
68719477007,30064771335,CFG
68719477008,90194313310,CFG
68719477009,55834574896,CFG
68719477010,68719477008,CFG
68719477011,55834574897,CFG
68719477012,30064771341,CFG
68719477013,68719477011,CFG
68719477014,55834574898,CFG
68719477015,30064771344,CFG
68719477016,68719477014,CFG
68719477017,25769803839,CFG
68719477018,68719477007,CFG
68719477019,68719477018,CFG
68719477020,55834574899,CFG
68719477021,90194313313,CFG
68719477022,68719477020,CFG
68719477023,55834574900,CFG
68719477024,30064771353,CFG
68719477025,68719477022,CFG
68719477026,30064771355,CFG
68719477027,90194313314,CFG
68719477028,30064771358,CFG
68719477029,90194313315,CFG
68719477030,30064771360,CFG
68719477031,90194313316,CFG
68719477032,30064771362,CFG
68719477033,90194313317,CFG
68719477034,68719477035,CFG
68719477035,30064771364,CFG
68719477036,68719477034,CFG
68719477037,90194313318,CFG
68719477038,30064771367,CFG
68719477039,90194313319,CFG
68719477040,30064771369,CFG
68719477041,90194313320,CFG
68719477042,30064771371,CFG
68719477043,25769803841,CFG
68719477044,55834574901,CFG
68719477045,68719477026,CFG
68719477046,68719477047,CFG
68719477047,30064771374,CFG
68719477048,68719477046,CFG
68719477049,30064771375,CFG
68719477050,90194313321,CFG
68719477051,120259084301,CFG
68719477052,90194313324,CFG
68719477053,90194313325,CFG
68719477054,68719477053,CFG
68719477055,30064771382,CFG
68719477056,68719477055,CFG
68719477057,68719477056,CFG
68719477058,30064771384,CFG
68719477059,30064771387,CFG
68719477060,55834574902,CFG
68719477061,68719477059,CFG
68719477062,55834574903,CFG
68719477063,30064771389,CFG
68719477064,68719477062,CFG
68719477065,55834574904,CFG
68719477066,30064771392,CFG
68719477067,68719477065,CFG
68719477068,55834574905,CFG
68719477069,90194313326,CFG
68719477070,25769803846,CFG
68719477071,68719477058,CFG
68719477072,68719477071,CFG
68719477073,68719477076,CFG
68719477073,68719477084,CFG
68719477074,55834574906,CFG
68719477075,90194313328,CFG
68719477076,68719477074,CFG
68719477077,90194313330,CFG
68719477078,68719477079,CFG
68719477079,30064771403,CFG
68719477080,68719477078,CFG
68719477081,90194313331,CFG
68719477082,30064771406,CFG
68719477083,30064771407,CFG
68719477084,90194313333,CFG
68719477085,90194313337,CFG
68719477086,90194313336,CFG
68719477087,68719477086,CFG
68719477088,55834574907,CFG
68719477089,30064771414,CFG
68719477090,68719477087,CFG
68719477091,55834574908,CFG
68719477092,30064771417,CFG
68719477093,68719477091,CFG
68719477094,90194313338,CFG
68719477095,120259084302,CFG
68719477096,90194313341,CFG
68719477097,90194313342,CFG
68719477098,68719477097,CFG
68719477099,55834574909,CFG
68719477100,30064771425,CFG
68719477101,68719477098,CFG
68719477102,90194313343,CFG
68719477103,68719477102,CFG
68719477104,30064771429,CFG
68719477105,68719477104,CFG
68719477106,68719477105,CFG
68719477107,55834574910,CFG
68719477108,90194313344,CFG
68719477109,90194313345,CFG
68719477110,30064771435,CFG
68719477111,55834574911,CFG
68719477112,90194313346,CFG
68719477113,68719477111,CFG
68719477114,90194313348,CFG
68719477115,68719477116,CFG
68719477116,30064771441,CFG
68719477117,68719477115,CFG
68719477118,90194313350,CFG
68719477119,90194313349,CFG
68719477120,141733920783,CFG
68719477121,55834574912,CFG
68719477122,30064771448,CFG
68719477123,68719477121,CFG
68719477124,55834574913,CFG
68719477125,30064771451,CFG
68719477126,68719477124,CFG
68719477127,30064771453,CFG
68719477128,30064771454,CFG
68719477129,90194313352,CFG
68719477130,90194313356,CFG
68719477131,90194313355,CFG
68719477132,68719477131,CFG
68719477133,55834574914,CFG
68719477134,30064771461,CFG
68719477135,68719477132,CFG
68719477136,55834574915,CFG
68719477137,30064771464,CFG
68719477138,68719477136,CFG
68719477139,90194313357,CFG
68719477140,120259084303,CFG
68719477141,90194313360,CFG
68719477142,90194313361,CFG
68719477143,90194313362,CFG
68719477144,90194313363,CFG
68719477145,68719477144,CFG
68719477146,90194313364,CFG
68719477147,90194313365,CFG
68719477148,68719477147,CFG
68719477149,90194313366,CFG
68719477150,68719477149,CFG
68719477151,30064771478,CFG
68719477152,55834574916,CFG
68719477153,30064771481,CFG
68719477154,55834574917,CFG
68719477155,68719477152,CFG
68719477156,90194313368,CFG
68719477157,68719477156,CFG
68719477158,55834574918,CFG
68719477159,90194313367,CFG
68719477160,68719477157,CFG
68719477161,55834574919,CFG
68719477162,30064771490,CFG
68719477163,68719477160,CFG
68719477164,55834574920,CFG
68719477165,30064771493,CFG
68719477166,68719477164,CFG
68719477167,55834574921,CFG
68719477168,30064771496,CFG
68719477169,25769803867,CFG
68719477170,68719477151,CFG
68719477171,30064771499,CFG
68719477172,90194313369,CFG
68719477173,30064771501,CFG
68719477174,68719477173,CFG
68719477175,68719477174,CFG
68719477176,30064771503,CFG
68719477177,90194313370,CFG
68719477178,55834574922,CFG
68719477179,68719477177,CFG
68719477180,55834574923,CFG
68719477181,30064771509,CFG
68719477182,68719477180,CFG
68719477183,55834574924,CFG
68719477184,30064771512,CFG
68719477185,68719477183,CFG
68719477186,25769803871,CFG
68719477187,68719477176,CFG
68719477188,68719477187,CFG
68719477189,30064771517,CFG
68719477190,90194313373,CFG
68719477191,30064771520,CFG
68719477192,90194313374,CFG
68719477193,30064771522,CFG
68719477194,90194313375,CFG
68719477195,30064771524,CFG
68719477196,90194313376,CFG
68719477197,30064771526,CFG
68719477198,25769803872,CFG
68719477199,55834574925,CFG
68719477200,68719477189,CFG
68719477201,68719477202,CFG
68719477202,30064771529,CFG
68719477203,68719477201,CFG
68719477204,30064771530,CFG
68719477205,30064771531,CFG
68719477206,90194313377,CFG
68719477207,90194313380,CFG
68719477208,30064771535,CFG
68719477209,68719477208,CFG
68719477210,68719477209,CFG
68719477211,30064771537,CFG
68719477212,90194313381,CFG
68719477213,90194313382,CFG
68719477214,68719477213,CFG
68719477215,30064771541,CFG
68719477216,30064771544,CFG
68719477217,55834574926,CFG
68719477218,68719477216,CFG
68719477219,55834574927,CFG
68719477220,30064771546,CFG
68719477221,68719477219,CFG
68719477222,55834574928,CFG
68719477223,30064771549,CFG
68719477224,68719477222,CFG
68719477225,90194313383,CFG
68719477226,30064771552,CFG
68719477227,25769803878,CFG
68719477228,68719477215,CFG
68719477229,68719477228,CFG
68719477230,30064771556,CFG
68719477231,90194313385,CFG
68719477232,30064771558,CFG
68719477233,68719477232,CFG
68719477234,68719477233,CFG
68719477235,30064771560,CFG
68719477236,90194313386,CFG
68719477237,30064771563,CFG
68719477238,55834574929,CFG
68719477239,68719477236,CFG
68719477240,55834574930,CFG
68719477241,30064771567,CFG
68719477242,68719477240,CFG
68719477243,55834574931,CFG
68719477244,30064771570,CFG
68719477245,68719477243,CFG
68719477246,25769803882,CFG
68719477247,68719477235,CFG
68719477248,90194313387,CFG
68719477249,90194313389,CFG
68719477250,90194313388,CFG
68719477251,90194313391,CFG
68719477252,68719477253,CFG
68719477253,30064771580,CFG
68719477254,30064771583,CFG
68719477255,55834574932,CFG
68719477256,68719477254,CFG
68719477257,55834574933,CFG
68719477258,30064771585,CFG
68719477259,68719477257,CFG
68719477260,55834574934,CFG
68719477261,30064771588,CFG
68719477262,68719477260,CFG
68719477263,90194313392,CFG
68719477264,30064771591,CFG
68719477265,25769803888,CFG
68719477266,68719477252,CFG
68719477267,90194313393,CFG
68719477268,90194313394,CFG
68719477269,90194313395,CFG
68719477270,120259084304,CFG
68719477271,90194313397,CFG
68719477272,68719477271,CFG
68719477273,55834574935,CFG
68719477274,30064771601,CFG
68719477275,68719477272,CFG
68719477276,55834574936,CFG
68719477277,30064771604,CFG
68719477278,68719477275,CFG
68719477279,30064771606,CFG
68719477280,68719477279,CFG
68719477281,68719477280,CFG
68719477282,30064771608,CFG
68719477283,30064771611,CFG
68719477284,55834574937,CFG
68719477285,68719477283,CFG
68719477286,55834574938,CFG
68719477287,30064771613,CFG
68719477288,68719477286,CFG
68719477289,55834574939,CFG
68719477290,30064771616,CFG
68719477291,68719477289,CFG
68719477292,68719477294,CFG
68719477293,90194313398,CFG
68719477294,68719477293,CFG
68719477295,55834574940,CFG
68719477296,30064771621,CFG
68719477297,25769803901,CFG
68719477298,68719477282,CFG
68719477299,68719477302,CFG
68719477299,68719477321,CFG
68719477300,30064771625,CFG
68719477301,68719477300,CFG
68719477302,90194313399,CFG
68719477303,90194313402,CFG
68719477304,90194313401,CFG
68719477305,90194313404,CFG
68719477306,90194313403,CFG
68719477307,90194313406,CFG
68719477308,90194313405,CFG
68719477309,90194313408,CFG
68719477310,90194313409,CFG
68719477311,55834574941,CFG
68719477312,68719477309,CFG
68719477313,90194313407,CFG
68719477314,90194313410,CFG
68719477315,55834574942,CFG
68719477316,30064771651,CFG
68719477317,68719477315,CFG
68719477318,55834574943,CFG
68719477319,30064771654,CFG
68719477320,68719477318,CFG
68719477321,90194313412,CFG
68719477322,120259084305,CFG
68719477323,30064771658,CFG
68719477324,68719477323,CFG
68719477325,68719477324,CFG
68719477326,30064771660,CFG
68719477327,68719477326,CFG
68719477328,68719477327,CFG
68719477329,30064771662,CFG
68719477330,68719477329,CFG
68719477331,68719477330,CFG
68719477332,30064771664,CFG
68719477333,90194313414,CFG
68719477334,30064771666,CFG
68719477335,68719477336,CFG
68719477336,90194313415,CFG
68719477337,90194313416,CFG
68719477338,55834574944,CFG
68719477339,30064771673,CFG
68719477340,68719477338,CFG
68719477341,55834574945,CFG
68719477342,30064771676,CFG
68719477343,68719477341,CFG
68719477344,25769803911,CFG
68719477345,68719477334,CFG
68719477346,90194313417,CFG
68719477347,90194313419,CFG
68719477348,90194313421,CFG
68719477349,90194313424,CFG
68719477350,90194313426,CFG
68719477351,90194313418,CFG
68719477352,30064771692,CFG
68719477353,30064771695,CFG
68719477354,55834574946,CFG
68719477355,68719477353,CFG
68719477356,55834574947,CFG
68719477357,30064771697,CFG
68719477358,68719477356,CFG
68719477359,55834574948,CFG
68719477360,30064771700,CFG
68719477361,68719477359,CFG
68719477362,90194313427,CFG
68719477363,90194313428,CFG
68719477364,25769803915,CFG
68719477365,68719477352,CFG
68719477366,68719477365,CFG
68719477367,68719477371,CFG
68719477367,68719477379,CFG
68719477368,90194313430,CFG
68719477369,55834574949,CFG
68719477370,68719477368,CFG
68719477371,68719477369,CFG
68719477372,55834574950,CFG
68719477373,90194313432,CFG
68719477374,68719477372,CFG
68719477375,90194313435,CFG
68719477376,30064771719,CFG
68719477377,30064771720,CFG
68719477378,90194313434,CFG
68719477379,90194313438,CFG
68719477380,90194313439,CFG
68719477381,55834574951,CFG
68719477382,30064771728,CFG
68719477383,68719477381,CFG
68719477384,55834574952,CFG
68719477385,30064771731,CFG
68719477386,68719477384,CFG
68719477387,120259084306,CFG
68719477388,30064771734,CFG
68719477389,68719477388,CFG
68719477390,68719477389,CFG
68719477391,90194313442,CFG
68719477392,68719477391,CFG
68719477393,30064771738,CFG
68719477394,30064771741,CFG
68719477395,55834574953,CFG
68719477396,68719477394,CFG
68719477397,55834574954,CFG
68719477398,30064771743,CFG
68719477399,68719477397,CFG
68719477400,55834574955,CFG
68719477401,30064771746,CFG
68719477402,68719477400,CFG
68719477403,90194313443,CFG
68719477404,30064771749,CFG
68719477405,25769803924,CFG
68719477406,68719477393,CFG
68719477407,68719477406,CFG
68719477408,30064771753,CFG
68719477409,90194313445,CFG
68719477410,90194313446,CFG
68719477411,90194313448,CFG
68719477412,90194313447,CFG
68719477413,90194313449,CFG
68719477414,90194313450,CFG
68719477415,90194313451,CFG
68719477416,90194313452,CFG
68719477417,68719477416,CFG
68719477418,55834574956,CFG
68719477419,30064771766,CFG
68719477420,68719477417,CFG
68719477421,90194313453,CFG
68719477422,55834574957,CFG
68719477423,90194313454,CFG
68719477424,68719477422,CFG
68719477425,55834574958,CFG
68719477426,68719477425,CFG
68719477427,55834574959,CFG
68719477428,30064771775,CFG
68719477429,30064771777,CFG
68719477430,55834574960,CFG
68719477431,68719477429,CFG
68719477432,68719477426,CFG
68719477433,55834574961,CFG
68719477434,90194313456,CFG
68719477435,68719477432,CFG
68719477436,90194313457,CFG
68719477437,90194313458,CFG
68719477438,68719477437,CFG
68719477439,90194313459,CFG
68719477440,30064771788,CFG
68719477441,90194313460,CFG
68719477442,68719477443,CFG
68719477443,30064771789,CFG
68719477444,68719477442,CFG
68719477445,30064771790,CFG
68719477446,90194313461,CFG
68719477447,120259084307,CFG
68719477448,30064771794,CFG
68719477449,68719477448,CFG
68719477450,68719477449,CFG
68719477451,30064771796,CFG
68719477452,90194313463,CFG
68719477453,90194313464,CFG
68719477454,90194313466,CFG
68719477455,90194313468,CFG
68719477456,90194313470,CFG
68719477457,90194313465,CFG
68719477458,90194313472,CFG
68719477459,90194313473,CFG
68719477460,55834574962,CFG
68719477461,68719477458,CFG
68719477462,90194313471,CFG
68719477463,55834574963,CFG
68719477464,30064771815,CFG
68719477465,68719477463,CFG
68719477466,55834574964,CFG
68719477467,30064771818,CFG
68719477468,68719477466,CFG
68719477469,90194313474,CFG
68719477470,120259084308,CFG
68719477471,30064771823,CFG
68719477472,68719477471,CFG
68719477473,68719477472,CFG
68719477474,30064771825,CFG
68719477475,90194313477,CFG
68719477476,90194313478,CFG
68719477477,55834574965,CFG
68719477478,68719477475,CFG
68719477479,55834574966,CFG
68719477480,30064771833,CFG
68719477481,68719477479,CFG
68719477482,55834574967,CFG
68719477483,30064771836,CFG
68719477484,68719477482,CFG
68719477485,25769803942,CFG
68719477486,68719477474,CFG
68719477487,90194313479,CFG
68719477488,30064771840,CFG
68719477489,30064771841,CFG
68719477490,68719477489,CFG
68719477491,68719477490,CFG
68719477492,30064771843,CFG
68719477493,90194313480,CFG
68719477494,68719477493,CFG
68719477495,30064771846,CFG
68719477496,30064771849,CFG
68719477497,55834574968,CFG
68719477498,68719477496,CFG
68719477499,55834574969,CFG
68719477500,30064771851,CFG
68719477501,68719477499,CFG
68719477502,55834574970,CFG
68719477503,30064771854,CFG
68719477504,68719477502,CFG
68719477505,90194313481,CFG
68719477506,30064771857,CFG
68719477507,25769803948,CFG
68719477508,68719477495,CFG
68719477509,68719477508,CFG
68719477510,30064771861,CFG
68719477511,90194313483,CFG
68719477512,90194313485,CFG
68719477513,90194313486,CFG
68719477514,55834574971,CFG
68719477515,68719477512,CFG
68719477516,90194313484,CFG
68719477517,90194313487,CFG
68719477518,68719477517,CFG
68719477519,30064771872,CFG
68719477520,30064771875,CFG
68719477521,55834574972,CFG
68719477522,68719477520,CFG
68719477523,90194313488,CFG
68719477524,68719477523,CFG
68719477525,55834574973,CFG
68719477526,30064771879,CFG
68719477527,68719477524,CFG
68719477528,55834574974,CFG
68719477529,30064771882,CFG
68719477530,68719477528,CFG
68719477531,55834574975,CFG
68719477532,30064771885,CFG
68719477533,55834574976,CFG
68719477534,30064771887,CFG
68719477535,25769803955,CFG
68719477536,68719477519,CFG
68719477537,68719477536,CFG
68719477538,30064771892,CFG
68719477539,90194313490,CFG
68719477540,30064771894,CFG
68719477541,90194313491,CFG
68719477542,90194313492,CFG
68719477543,90194313493,CFG
68719477544,30064771900,CFG
68719477545,90194313494,CFG
68719477546,30064771902,CFG
68719477547,90194313495,CFG
68719477548,25769803957,CFG
68719477549,55834574977,CFG
68719477550,68719477540,CFG
68719477551,68719477552,CFG
68719477552,30064771907,CFG
68719477553,68719477551,CFG
68719477554,90194313497,CFG
68719477555,120259084309,CFG
68719477556,30064771910,CFG
68719477557,68719477556,CFG
68719477558,68719477557,CFG
68719477559,30064771912,CFG
68719477560,30064771915,CFG
68719477561,55834574978,CFG
68719477562,68719477560,CFG
68719477563,55834574979,CFG
68719477564,30064771917,CFG
68719477565,68719477563,CFG
68719477566,55834574980,CFG
68719477567,30064771920,CFG
68719477568,68719477566,CFG
68719477569,90194313499,CFG
68719477570,90194313500,CFG
68719477571,25769803962,CFG
68719477572,68719477559,CFG
68719477573,68719477572,CFG
68719477574,30064771928,CFG
68719477575,90194313502,CFG
68719477576,90194313503,CFG
68719477577,30064771931,CFG
68719477578,68719477577,CFG
68719477579,68719477578,CFG
68719477580,30064771933,CFG
68719477581,90194313504,CFG
68719477582,55834574981,CFG
68719477583,68719477581,CFG
68719477584,55834574982,CFG
68719477585,30064771939,CFG
68719477586,68719477584,CFG
68719477587,55834574983,CFG
68719477588,30064771942,CFG
68719477589,68719477587,CFG
68719477590,90194313505,CFG
68719477591,90194313506,CFG
68719477592,25769803967,CFG
68719477593,68719477580,CFG
68719477594,68719477593,CFG
68719477595,90194313509,CFG
68719477596,30064771952,CFG
68719477597,90194313513,CFG
68719477598,90194313508,CFG
68719477599,90194313515,CFG
68719477600,120259084310,CFG
68719477601,90194313517,CFG
68719477602,90194313518,CFG
68719477603,90194313519,CFG
68719477604,90194313520,CFG
68719477605,90194313521,CFG
68719477606,90194313522,CFG
68719477607,90194313523,CFG
68719477608,68719477607,CFG
68719477609,90194313524,CFG
68719477610,30064771970,CFG
68719477611,90194313525,CFG
68719477612,30064771972,CFG
68719477613,90194313526,CFG
68719477614,30064771974,CFG
68719477615,90194313527,CFG
68719477616,30064771976,CFG
68719477617,90194313528,CFG
68719477618,90194313529,CFG
68719477619,90194313530,CFG
68719477620,120259084311,CFG
68719477621,90194313533,CFG
68719477622,90194313532,CFG
68719477623,90194313535,CFG
68719477624,90194313536,CFG
68719477625,90194313537,CFG
68719477626,90194313538,CFG
68719477627,90194313539,CFG
68719477628,68719477627,CFG
68719477629,90194313540,CFG
68719477630,30064771992,CFG
68719477631,90194313541,CFG
68719477632,30064771994,CFG
68719477633,68719477632,CFG
68719477634,90194313542,CFG
68719477635,30064771996,CFG
68719477636,68719477635,CFG
68719477637,90194313543,CFG
68719477638,90194313544,CFG
68719477639,90194313545,CFG
68719477640,120259084312,CFG
68719477641,30064772001,CFG
68719477642,90194313547,CFG
68719477643,90194313548,CFG
68719477644,90194313549,CFG
68719477645,90194313550,CFG
68719477646,90194313551,CFG
68719477647,90194313552,CFG
68719477648,68719477647,CFG
68719477649,90194313553,CFG
68719477650,30064772010,CFG
68719477651,90194313554,CFG
68719477652,30064772012,CFG
68719477653,30064772013,CFG
68719477654,90194313555,CFG
68719477655,30064772015,CFG
68719477656,68719477655,CFG
68719477657,90194313546,CFG
68719477657,68719477659,CFG
68719477658,30064772017,CFG
68719477659,68719477658,CFG
68719477660,90194313556,CFG
68719477661,90194313557,CFG
68719477662,90194313558,CFG
68719477663,90194313559,CFG
68719477664,30064772023,CFG
68719477665,176093659147,CFG
68719477666,68719477667,CFG
68719477667,90194313561,CFG
68719477668,90194313563,CFG
68719477669,90194313565,CFG
68719477670,90194313566,CFG
68719477671,90194313568,CFG
68719477672,30064772034,CFG
68719477673,55834574984,CFG
68719477674,68719477672,CFG
68719477675,68719477673,CFG
68719477676,90194313569,CFG
68719477677,55834574985,CFG
68719477678,68719477676,CFG
68719477679,68719477677,CFG
68719477680,90194313570,CFG
68719477681,90194313573,CFG
68719477682,90194313574,CFG
68719477683,90194313576,CFG
68719477684,30064772047,CFG
68719477685,55834574986,CFG
68719477686,68719477684,CFG
68719477687,68719477685,CFG
68719477688,90194313577,CFG
68719477689,55834574987,CFG
68719477690,68719477688,CFG
68719477691,68719477689,CFG
68719477692,90194313578,CFG
68719477693,90194313581,CFG
68719477694,90194313582,CFG
68719477695,90194313584,CFG
68719477696,30064772060,CFG
68719477697,55834574988,CFG
68719477698,68719477696,CFG
68719477699,68719477697,CFG
68719477700,90194313585,CFG
68719477701,55834574989,CFG
68719477702,68719477700,CFG
68719477703,68719477701,CFG
68719477704,176093659148,CFG
68719477705,176093659149,CFG
68719477706,176093659150,CFG
68719477707,176093659151,CFG
68719477708,176093659152,CFG
68719477709,68719477710,CFG
68719477710,90194313587,CFG
68719477711,68719477712,CFG
68719477712,90194313589,CFG
68719477713,68719477714,CFG
68719477714,90194313591,CFG
68719477715,68719477716,CFG
68719477716,90194313593,CFG
68719477717,120259084313,CFG
68719477718,30064772078,CFG
68719477719,30064772080,CFG
68719477720,90194313596,CFG
68719477721,90194313599,CFG
68719477722,90194313598,CFG
68719477723,30064772087,CFG
68719477724,90194313600,CFG
68719477725,68719477724,CFG
68719477726,30064772090,CFG
68719477727,90194313601,CFG
68719477728,30064772093,CFG
68719477729,68719477728,CFG
68719477730,30064772094,CFG
68719477731,68719477730,CFG
68719477734,90194313602,CFG
68719477735,68719477734,CFG
68719477736,68719477735,CFG
68719477737,30064772099,CFG
68719477738,90194313603,CFG
68719477739,30064772102,CFG
68719477740,90194313604,CFG
68719477741,30064772104,CFG
68719477742,90194313605,CFG
68719477743,30064772106,CFG
68719477744,90194313606,CFG
68719477745,30064772108,CFG
68719477746,90194313607,CFG
68719477747,30064772110,CFG
68719477748,25769804010,CFG
68719477749,55834574990,CFG
68719477750,68719477737,CFG
68719477751,30064772113,CFG
68719477752,68719477751,CFG
68719477753,68719477752,CFG
68719477754,55834574991,CFG
68719477755,30064772116,CFG
68719477756,68719477753,CFG
68719477757,55834574992,CFG
68719477758,30064772119,CFG
68719477759,68719477757,CFG
68719477760,141733920800,CFG
68719477761,120259084314,CFG
68719477762,30064772122,CFG
68719477763,90194313609,CFG
68719477764,68719477763,CFG
68719477765,55834574993,CFG
68719477766,30064772127,CFG
68719477767,55834574994,CFG
68719477768,68719477764,CFG
68719477769,55834574995,CFG
68719477770,30064772131,CFG
68719477771,68719477769,CFG
68719477772,55834574996,CFG
68719477773,30064772134,CFG
68719477774,68719477772,CFG
68719477775,25769804019,CFG
68719477776,120259084315,CFG
68719477777,30064772137,CFG
68719477778,68719477777,CFG
68719477779,90194313611,CFG
68719477780,68719477779,CFG
68719477781,30064772141,CFG
68719477782,68719477781,CFG
68719477783,68719477782,CFG
68719477784,30064772143,CFG
68719477785,68719477784,CFG
68719477786,68719477785,CFG
68719477787,30064772145,CFG
68719477788,90194313612,CFG
68719477789,90194313614,CFG
68719477790,90194313613,CFG
68719477791,176093659153,CFG
68719477792,68719477793,CFG
68719477793,90194313616,CFG
68719477794,68719477795,CFG
68719477795,90194313618,CFG
68719477796,68719477797,CFG
68719477797,90194313620,CFG
68719477798,68719477799,CFG
68719477799,90194313622,CFG
68719477800,55834574997,CFG
68719477801,68719477800,CFG
68719477802,55834574998,CFG
68719477803,90194313624,CFG
68719477804,30064772168,CFG
68719477805,55834574999,CFG
68719477806,68719477805,CFG
68719477807,55834575000,CFG
68719477808,68719477804,CFG
68719477809,68719477801,CFG
68719477810,120259084316,CFG
68719477811,55834575001,CFG
68719477812,68719477811,CFG
68719477813,55834575002,CFG
68719477814,55834575003,CFG
68719477815,68719477814,CFG
68719477816,55834575004,CFG
68719477817,68719477813,CFG
68719477818,30064772178,CFG
68719477819,55834575005,CFG
68719477820,68719477819,CFG
68719477821,55834575006,CFG
68719477822,68719477821,CFG
68719477823,30064772183,CFG
68719477824,30064772184,CFG
68719477825,30064772185,CFG
68719477826,90194313626,CFG
68719477827,141733920804,CFG
68719477828,120259084317,CFG
68719477829,30064772189,CFG
68719477830,68719477829,CFG
68719477831,68719477830,CFG
68719477832,90194313630,CFG
68719477833,68719477832,CFG
68719477834,68719477833,CFG
68719477835,68719477836,CFG
68719477836,30064772193,CFG
68719477837,30064772196,CFG
68719477838,55834575007,CFG
68719477839,68719477837,CFG
68719477840,90194313631,CFG
68719477841,68719477840,CFG
68719477842,55834575008,CFG
68719477843,90194313633,CFG
68719477844,30064772201,CFG
68719477845,90194313634,CFG
90194313216,90194313217,CFG
90194313217,30064771083,CFG
90194313218,90194313219,CFG
90194313219,30064771085,CFG
90194313220,90194313221,CFG
90194313221,30064771087,CFG
90194313222,90194313223,CFG
90194313223,30064771089,CFG
90194313224,90194313225,CFG
90194313225,30064771091,CFG
90194313226,90194313227,CFG
90194313227,30064771093,CFG
90194313228,90194313229,CFG
90194313229,30064771095,CFG
90194313230,30064771100,CFG
90194313231,90194313232,CFG
90194313232,30064771101,CFG
90194313233,30064771106,CFG
90194313234,30064771112,CFG
90194313235,30064771115,CFG
90194313236,30064771116,CFG
90194313237,30064771117,CFG
90194313238,30064771118,CFG
90194313239,68719476782,CFG
90194313240,30064771127,CFG
90194313241,30064771131,CFG
90194313242,68719476814,CFG
90194313243,30064771145,CFG
90194313244,30064771146,CFG
90194313245,68719476829,CFG
90194313246,30064771164,CFG
90194313247,30064771165,CFG
90194313248,30064771166,CFG
90194313249,30064771167,CFG
90194313250,30064771168,CFG
90194313251,30064771169,CFG
90194313252,30064771170,CFG
90194313253,90194313254,CFG
90194313254,30064771171,CFG
90194313255,30064771175,CFG
90194313256,30064771176,CFG
90194313257,30064771177,CFG
90194313258,30064771178,CFG
90194313259,30064771179,CFG
90194313260,30064771180,CFG
90194313261,30064771181,CFG
90194313262,90194313263,CFG
90194313263,30064771182,CFG
90194313264,30064771192,CFG
90194313265,30064771204,CFG
90194313266,30064771211,CFG
90194313267,30064771212,CFG
90194313268,30064771213,CFG
90194313269,30064771214,CFG
90194313270,30064771215,CFG
90194313271,30064771216,CFG
90194313272,30064771217,CFG
90194313273,68719476875,CFG
90194313274,30064771220,CFG
90194313275,30064771222,CFG
90194313276,30064771223,CFG
90194313277,30064771224,CFG
90194313278,30064771225,CFG
90194313279,30064771226,CFG
90194313280,30064771227,CFG
90194313281,90194313282,CFG
90194313282,68719476903,CFG
90194313282,124554051588,CFG
90194313283,30064771246,CFG
90194313284,90194313285,CFG
90194313285,68719476918,CFG
90194313285,124554051589,CFG
90194313286,30064771260,CFG
90194313287,90194313288,CFG
90194313288,68719476930,CFG
90194313288,124554051590,CFG
90194313289,30064771271,CFG
90194313290,68719476944,CFG
90194313291,30064771274,CFG
90194313292,30064771282,CFG
90194313293,68719476959,CFG
90194313294,68719476964,CFG
90194313295,68719476969,CFG
90194313296,68719476974,CFG
90194313297,30064771306,CFG
90194313298,30064771307,CFG
90194313299,68719476977,CFG
90194313300,30064771309,CFG
90194313301,68719476980,CFG
90194313302,30064771311,CFG
90194313303,68719476983,CFG
90194313304,30064771313,CFG
90194313305,120259084300,CFG
90194313306,30064771316,CFG
90194313307,30064771317,CFG
90194313308,30064771323,CFG
90194313309,30064771334,CFG
90194313310,30064771337,CFG
90194313311,30064771346,CFG
90194313312,30064771347,CFG
90194313313,30064771350,CFG
90194313314,30064771357,CFG
90194313315,30064771359,CFG
90194313316,30064771361,CFG
90194313317,30064771363,CFG
90194313318,30064771366,CFG
90194313319,30064771368,CFG
90194313320,30064771370,CFG
90194313321,68719477049,CFG
90194313322,30064771376,CFG
90194313323,68719477052,CFG
90194313324,30064771379,CFG
90194313325,30064771380,CFG
90194313326,30064771395,CFG
90194313327,30064771397,CFG
90194313328,90194313329,CFG
90194313329,30064771400,CFG
90194313330,30064771402,CFG
90194313331,30064771405,CFG
90194313332,141733920781,CFG
90194313333,68719477082,CFG
90194313334,68719477083,CFG
90194313335,30064771408,CFG
90194313336,68719477085,CFG
90194313337,30064771410,CFG
90194313338,30064771419,CFG
90194313339,141733920782,CFG
90194313340,68719477096,CFG
90194313341,30064771421,CFG
90194313342,30064771422,CFG
90194313343,30064771427,CFG
90194313344,30064771432,CFG
90194313345,30064771434,CFG
90194313346,90194313347,CFG
90194313347,30064771438,CFG
90194313348,30064771440,CFG
90194313349,68719477118,CFG
90194313350,30064771443,CFG
90194313351,30064771445,CFG
90194313352,68719477127,CFG
90194313353,68719477128,CFG
90194313354,30064771455,CFG
90194313355,68719477130,CFG
90194313356,30064771457,CFG
90194313357,30064771466,CFG
90194313358,141733920784,CFG
90194313359,68719477141,CFG
90194313360,30064771468,CFG
90194313361,30064771469,CFG
90194313362,30064771470,CFG
90194313363,30064771471,CFG
90194313364,30064771473,CFG
90194313365,30064771474,CFG
90194313366,30064771476,CFG
90194313367,30064771487,CFG
90194313368,30064771484,CFG
90194313369,30064771500,CFG
90194313370,30064771505,CFG
90194313371,30064771514,CFG
90194313372,30064771515,CFG
90194313373,30064771519,CFG
90194313374,30064771521,CFG
90194313375,30064771523,CFG
90194313376,30064771525,CFG
90194313377,68719477204,CFG
90194313378,68719477205,CFG
90194313379,30064771532,CFG
90194313380,30064771534,CFG
90194313381,30064771538,CFG
90194313382,30064771539,CFG
90194313383,30064771551,CFG
90194313384,30064771554,CFG
90194313385,30064771557,CFG
90194313386,30064771562,CFG
90194313387,30064771573,CFG
90194313388,68719477249,CFG
90194313389,30064771574,CFG
90194313390,30064771576,CFG
90194313391,30064771579,CFG
90194313392,30064771590,CFG
90194313393,30064771594,CFG
90194313394,30064771595,CFG
90194313395,30064771596,CFG
90194313396,68719477278,CFG
90194313397,30064771598,CFG
90194313398,30064771618,CFG
90194313399,68719477301,CFG
90194313400,30064771627,CFG
90194313401,68719477303,CFG
90194313402,30064771629,CFG
90194313403,68719477305,CFG
90194313404,30064771633,CFG
90194313405,68719477307,CFG
90194313406,30064771637,CFG
90194313407,68719477310,CFG
90194313408,30064771641,CFG
90194313409,30064771642,CFG
90194313410,90194313411,CFG
90194313411,30064771648,CFG
90194313412,30064771656,CFG
90194313413,68719477325,CFG
90194313414,30064771665,CFG
90194313415,30064771668,CFG
90194313416,30064771670,CFG
90194313417,30064771679,CFG
90194313418,68719477347,CFG
90194313419,30064771680,CFG
90194313420,68719477348,CFG
90194313421,30064771682,CFG
90194313422,30064771684,CFG
90194313423,68719477349,CFG
90194313424,30064771685,CFG
90194313425,68719477350,CFG
90194313426,30064771687,CFG
90194313427,30064771702,CFG
90194313428,30064771703,CFG
90194313429,30064771706,CFG
90194313430,30064771708,CFG
90194313431,30064771710,CFG
90194313432,30064771713,CFG
90194313433,30064771714,CFG
90194313434,68719477375,CFG
90194313435,30064771716,CFG
90194313436,30064771718,CFG
90194313437,68719477377,CFG
90194313438,30064771724,CFG
90194313439,90194313440,CFG
90194313440,30064771725,CFG
90194313441,68719477390,CFG
90194313442,30064771736,CFG
90194313443,30064771748,CFG
90194313444,30064771751,CFG
90194313445,30064771754,CFG
90194313446,30064771755,CFG
90194313447,68719477411,CFG
90194313448,30064771756,CFG
90194313449,30064771760,CFG
90194313450,30064771761,CFG
90194313451,30064771762,CFG
90194313452,30064771763,CFG
90194313453,30064771768,CFG
90194313454,90194313455,CFG
90194313455,30064771770,CFG
90194313456,30064771781,CFG
90194313457,30064771783,CFG
90194313458,30064771784,CFG
90194313459,30064771786,CFG
90194313460,30064771787,CFG
90194313461,68719477445,CFG
90194313462,68719477450,CFG
90194313463,30064771797,CFG
90194313464,30064771798,CFG
90194313465,68719477454,CFG
90194313466,30064771799,CFG
90194313467,68719477455,CFG
90194313468,30064771801,CFG
90194313469,68719477456,CFG
90194313470,30064771803,CFG
90194313471,68719477459,CFG
90194313472,30064771807,CFG
90194313473,30064771808,CFG
90194313474,90194313475,CFG
90194313475,30064771820,CFG
90194313476,68719477473,CFG
90194313477,30064771827,CFG
90194313478,30064771828,CFG
90194313479,30064771839,CFG
90194313480,30064771844,CFG
90194313481,30064771856,CFG
90194313482,30064771859,CFG
90194313483,30064771862,CFG
90194313484,68719477513,CFG
90194313485,30064771863,CFG
90194313486,30064771864,CFG
90194313487,30064771870,CFG
90194313488,30064771876,CFG
90194313489,30064771890,CFG
90194313490,30064771893,CFG
90194313491,30064771896,CFG
90194313492,30064771897,CFG
90194313493,30064771899,CFG
90194313494,30064771901,CFG
90194313495,30064771903,CFG
90194313496,30064771904,CFG
90194313497,30064771908,CFG
90194313498,68719477558,CFG
90194313499,30064771922,CFG
90194313500,30064771923,CFG
90194313501,30064771926,CFG
90194313502,30064771929,CFG
90194313503,30064771930,CFG
90194313504,30064771935,CFG
90194313505,30064771944,CFG
90194313506,30064771945,CFG
90194313507,30064771948,CFG
90194313508,68719477595,CFG
90194313509,30064771950,CFG
90194313510,68719477596,CFG
90194313511,30064771953,CFG
90194313512,68719477597,CFG
90194313513,30064771954,CFG
90194313514,30064771956,CFG
90194313515,30064771959,CFG
90194313516,68719477601,CFG
90194313516,124554051607,CFG
90194313517,30064771961,CFG
90194313518,30064771962,CFG
90194313519,30064771963,CFG
90194313520,30064771964,CFG
90194313521,30064771965,CFG
90194313522,30064771966,CFG
90194313523,30064771967,CFG
90194313524,30064771969,CFG
90194313525,30064771971,CFG
90194313526,30064771973,CFG
90194313527,30064771975,CFG
90194313528,30064771977,CFG
90194313529,30064771978,CFG
90194313530,30064771979,CFG
90194313531,68719477622,CFG
90194313531,124554051608,CFG
90194313532,68719477621,CFG
90194313533,30064771981,CFG
90194313534,30064771983,CFG
90194313535,30064771985,CFG
90194313536,30064771986,CFG
90194313537,30064771987,CFG
90194313538,30064771988,CFG
90194313539,30064771989,CFG
90194313540,30064771991,CFG
90194313541,30064771993,CFG
90194313542,30064771995,CFG
90194313543,30064771997,CFG
90194313544,30064771998,CFG
90194313545,30064771999,CFG
90194313546,68719477642,CFG
90194313546,124554051609,CFG
90194313547,30064772002,CFG
90194313548,30064772003,CFG
90194313549,30064772004,CFG
90194313550,30064772005,CFG
90194313551,30064772006,CFG
90194313552,30064772007,CFG
90194313553,30064772009,CFG
90194313554,30064772011,CFG
90194313555,30064772014,CFG
90194313556,30064772018,CFG
90194313557,30064772019,CFG
90194313558,30064772020,CFG
90194313559,30064772022,CFG
90194313560,68719477666,CFG
90194313561,90194313562,CFG
90194313562,30064772025,CFG
90194313563,90194313564,CFG
90194313564,30064772027,CFG
90194313565,30064772029,CFG
90194313566,90194313567,CFG
90194313567,30064772030,CFG
90194313568,30064772032,CFG
90194313569,30064772037,CFG
90194313570,90194313571,CFG
90194313571,90194313572,CFG
90194313572,30064772039,CFG
90194313573,30064772042,CFG
90194313574,90194313575,CFG
90194313575,30064772043,CFG
90194313576,30064772045,CFG
90194313577,30064772050,CFG
90194313578,90194313579,CFG
90194313579,90194313580,CFG
90194313580,30064772052,CFG
90194313581,30064772055,CFG
90194313582,90194313583,CFG
90194313583,30064772056,CFG
90194313584,30064772058,CFG
90194313585,30064772063,CFG
90194313586,68719477709,CFG
90194313587,90194313588,CFG
90194313588,30064772070,CFG
90194313589,90194313590,CFG
90194313590,30064772072,CFG
90194313591,90194313592,CFG
90194313592,30064772074,CFG
90194313593,90194313594,CFG
90194313594,30064772076,CFG
90194313595,68719477718,CFG
90194313596,68719477719,CFG
90194313597,30064772081,CFG
90194313598,68719477721,CFG
90194313599,30064772083,CFG
90194313600,68719477723,CFG
90194313601,68719477726,CFG
90194313602,30064772097,CFG
90194313603,30064772101,CFG
90194313604,30064772103,CFG
90194313605,30064772105,CFG
90194313606,30064772107,CFG
90194313607,30064772109,CFG
90194313608,68719477762,CFG
90194313609,30064772124,CFG
90194313610,68719477778,CFG
90194313611,30064772139,CFG
90194313612,68719477787,CFG
90194313613,68719477789,CFG
90194313614,30064772148,CFG
90194313615,68719477792,CFG
90194313616,90194313617,CFG
90194313617,30064772153,CFG
90194313618,90194313619,CFG
90194313619,30064772155,CFG
90194313620,90194313621,CFG
90194313621,30064772157,CFG
90194313622,90194313623,CFG
90194313623,30064772159,CFG
90194313624,30064772164,CFG
90194313625,141733920803,CFG
90194313626,68719477823,CFG
90194313627,68719477824,CFG
90194313628,68719477825,CFG
90194313629,68719477831,CFG
90194313630,30064772191,CFG
90194313631,90194313632,CFG
90194313632,30064772197,CFG
90194313633,30064772200,CFG
90194313634,68719477844,CFG
107374182400,68719476736,CFG
107374182401,90194313239,CFG
107374182402,90194313242,CFG
107374182403,90194313245,CFG
107374182404,90194313281,CFG
107374182405,90194313284,CFG
107374182406,90194313287,CFG
107374182407,90194313290,CFG
107374182408,68719476955,CFG
107374182409,68719476962,CFG
107374182410,68719476967,CFG
107374182411,68719476972,CFG
107374182412,90194313296,CFG
107374182413,68719476987,CFG
107374182414,90194313323,CFG
107374182415,90194313340,CFG
107374182416,90194313359,CFG
107374182417,90194313396,CFG
107374182418,90194313413,CFG
107374182419,90194313441,CFG
107374182420,90194313462,CFG
107374182421,90194313476,CFG
107374182422,90194313498,CFG
107374182423,90194313516,CFG
107374182424,90194313531,CFG
107374182425,68719477641,CFG
107374182426,68719477665,CFG
107374182427,68719477704,CFG
107374182428,90194313595,CFG
107374182429,90194313608,CFG
107374182430,90194313610,CFG
107374182431,68719477791,CFG
107374182432,68719477812,CFG
107374182433,90194313629,CFG
107374182434,124554051618,CFG
107374182435,124554051619,CFG
107374182436,124554051620,CFG
107374182437,124554051621,CFG
107374182438,124554051622,CFG
107374182439,124554051623,CFG
107374182440,124554051624,CFG
107374182441,124554051625,CFG
107374182442,124554051626,CFG
107374182443,124554051627,CFG
107374182444,124554051628,CFG
107374182445,124554051629,CFG
107374182446,124554051630,CFG
107374182447,124554051631,CFG
107374182448,124554051632,CFG
107374182449,124554051633,CFG
107374182450,124554051634,CFG
107374182451,124554051635,CFG
107374182452,124554051636,CFG
107374182453,124554051637,CFG
107374182454,124554051638,CFG
107374182455,124554051639,CFG
107374182456,124554051640,CFG
120259084288,30064771143,CFG
120259084289,30064771156,CFG
120259084290,30064771239,CFG
120259084291,30064771251,CFG
120259084292,30064771261,CFG
120259084293,30064771272,CFG
120259084294,30064771283,CFG
120259084295,30064771293,CFG
120259084296,30064771297,CFG
120259084297,30064771301,CFG
120259084298,30064771305,CFG
120259084299,30064771378,CFG
120259084300,90194313307,CFG
120259084301,30064771420,CFG
120259084302,30064771467,CFG
120259084303,30064771597,CFG
120259084304,30064771657,CFG
120259084305,30064771733,CFG
120259084306,30064771793,CFG
120259084307,30064771822,CFG
120259084308,30064771909,CFG
120259084309,30064771960,CFG
120259084310,30064771980,CFG
120259084311,30064772000,CFG
120259084312,30064772021,CFG
120259084313,30064772121,CFG
120259084314,30064772136,CFG
120259084315,30064772138,CFG
120259084316,30064772188,CFG
120259084317,30064772194,CFG
141733920768,124554051585,CFG
141733920769,124554051585,CFG
141733920770,124554051585,CFG
141733920771,124554051588,CFG
141733920772,124554051589,CFG
141733920773,124554051590,CFG
141733920774,124554051591,CFG
141733920775,124554051592,CFG
141733920776,124554051593,CFG
141733920777,124554051594,CFG
141733920778,124554051595,CFG
141733920779,124554051597,CFG
141733920780,124554051596,CFG
141733920781,124554051598,CFG
141733920782,124554051598,CFG
141733920783,124554051599,CFG
141733920784,124554051599,CFG
141733920785,124554051600,CFG
141733920786,124554051600,CFG
141733920787,124554051600,CFG
141733920788,124554051600,CFG
141733920789,124554051600,CFG
141733920790,124554051600,CFG
141733920791,124554051602,CFG
141733920792,124554051603,CFG
141733920793,124554051603,CFG
141733920794,124554051603,CFG
141733920795,124554051604,CFG
141733920796,124554051605,CFG
141733920797,124554051605,CFG
141733920798,124554051605,CFG
141733920799,124554051605,CFG
141733920800,124554051612,CFG
141733920801,124554051613,CFG
141733920802,124554051614,CFG
141733920803,124554051616,CFG
141733920804,124554051616,CFG
141733920805,124554051617,CFG
176093659136,30064771072,CFG
176093659137,30064771073,CFG
176093659138,30064771074,CFG
176093659139,30064771075,CFG
176093659140,30064771076,CFG
176093659141,30064771077,CFG
176093659142,30064771078,CFG
176093659143,30064771079,CFG
176093659144,30064771080,CFG
176093659145,30064771081,CFG
176093659146,30064771082,CFG
176093659147,30064772024,CFG
176093659148,30064772065,CFG
176093659149,30064772066,CFG
176093659150,30064772067,CFG
176093659151,30064772068,CFG
176093659152,30064772069,CFG
176093659153,30064772152,CFG
180388626432,68719476861,CFG
180388626432,25769803799,CFG
180388626433,68719477003,CFG
180388626433,25769803834,CFG
180388626434,68719477016,CFG
180388626434,25769803838,CFG
180388626435,68719477067,CFG
180388626435,25769803845,CFG
180388626436,68719477093,CFG
180388626436,25769803851,CFG
180388626437,68719477126,CFG
180388626437,25769803857,CFG
180388626438,68719477138,CFG
180388626438,25769803860,CFG
180388626439,68719477166,CFG
180388626439,25769803866,CFG
180388626440,68719477185,CFG
180388626440,25769803870,CFG
180388626441,68719477224,CFG
180388626441,25769803877,CFG
180388626442,68719477245,CFG
180388626442,25769803881,CFG
180388626443,68719477262,CFG
180388626443,25769803887,CFG
180388626444,68719477291,CFG
180388626444,25769803900,CFG
180388626445,68719477320,CFG
180388626445,25769803904,CFG
180388626446,68719477343,CFG
180388626446,25769803910,CFG
180388626447,68719477361,CFG
180388626447,25769803914,CFG
180388626448,68719477386,CFG
180388626448,25769803919,CFG
180388626449,68719477402,CFG
180388626449,25769803923,CFG
180388626450,68719477468,CFG
180388626450,25769803938,CFG
180388626451,68719477484,CFG
180388626451,25769803941,CFG
180388626452,68719477504,CFG
180388626452,25769803947,CFG
180388626453,68719477530,CFG
180388626453,25769803954,CFG
180388626454,68719477568,CFG
180388626454,25769803961,CFG
180388626455,68719477589,CFG
180388626455,25769803966,CFG
180388626456,68719477759,CFG
180388626456,25769804014,CFG
180388626457,68719477774,CFG
180388626457,25769804018,CFG
