30064771083,73014444032,IS_CALL_FOR_IMPORT
30064771085,73014444033,IS_CALL_FOR_IMPORT
30064771087,73014444034,IS_CALL_FOR_IMPORT
30064771089,73014444035,IS_CALL_FOR_IMPORT
30064771091,73014444036,IS_CALL_FOR_IMPORT
30064771093,73014444037,IS_CALL_FOR_IMPORT
30064771095,73014444038,IS_CALL_FOR_IMPORT
30064771101,73014444039,IS_CALL_FOR_IMPORT
30064772025,73014444040,IS_CALL_FOR_IMPORT
30064772070,73014444041,IS_CALL_FOR_IMPORT
30064772072,73014444042,IS_CALL_FOR_IMPORT
30064772074,73014444043,IS_CALL_FOR_IMPORT
30064772076,73014444044,IS_CALL_FOR_IMPORT
30064772153,73014444045,IS_CALL_FOR_IMPORT
30064772155,73014444046,IS_CALL_FOR_IMPORT
30064772157,73014444047,IS_CALL_FOR_IMPORT
30064772159,73014444048,IS_CALL_FOR_IMPORT
