25769803784,141733920769,CDG
25769803784,141733920770,CDG
25769803784,30064771142,CDG
25769803784,30064771141,CDG
30064771100,30064771110,CDG
30064771100,30064771111,CDG
30064771100,30064771112,CDG
30064771100,30064771113,CDG
30064771100,30064771106,CDG
30064771100,30064771107,CDG
30064771100,30064771108,CDG
30064771100,30064771109,CDG
30064771100,30064771102,CDG
30064771100,30064771103,CDG
30064771100,30064771104,CDG
30064771100,30064771105,CDG
30064771100,30064771101,CDG
30064771100,68719476767,CDG
30064771100,68719476768,CDG
30064771100,68719476769,CDG
30064771100,68719476770,CDG
30064771100,68719476765,CDG
30064771100,68719476766,CDG
30064771100,30064771114,CDG
30064771100,55834574856,CDG
30064771100,90194313232,CDG
30064771100,55834574857,CDG
30064771100,90194313233,CDG
30064771100,90194313234,CDG
30064771100,55834574852,CDG
30064771100,55834574853,CDG
30064771100,55834574854,CDG
30064771100,55834574855,CDG
30064771100,90194313231,CDG
30064771100,68719476771,CDG
30064771100,68719476772,CDG
30064771100,55834574850,CDG
30064771100,68719476773,CDG
30064771100,55834574851,CDG
30064771100,68719476774,CDG
30064771122,25769803781,CDG
30064771122,30064771126,CDG
30064771122,30064771127,CDG
30064771122,30064771123,CDG
30064771122,30064771124,CDG
30064771122,30064771125,CDG
30064771122,55834574860,CDG
30064771122,55834574861,CDG
30064771122,68719476785,CDG
30064771122,68719476786,CDG
30064771122,90194313240,CDG
30064771122,68719476787,CDG
30064771122,68719476788,CDG
30064771122,68719476789,CDG
30064771128,68719476803,CDG
30064771128,68719476804,CDG
30064771128,141733920770,CDG
30064771128,30064771129,CDG
30064771128,30064771142,CDG
30064771128,55834574862,CDG
30064771128,55834574863,CDG
30064771128,30064771138,CDG
30064771128,30064771139,CDG
30064771128,30064771134,CDG
30064771128,30064771135,CDG
30064771128,30064771136,CDG
30064771128,30064771137,CDG
30064771128,30064771130,CDG
30064771128,30064771131,CDG
30064771128,30064771132,CDG
30064771128,30064771133,CDG
30064771128,68719476799,CDG
30064771128,68719476800,CDG
30064771128,68719476801,CDG
30064771128,68719476802,CDG
30064771128,68719476795,CDG
30064771128,68719476796,CDG
30064771128,68719476797,CDG
30064771128,68719476798,CDG
30064771128,68719476791,CDG
30064771128,68719476792,CDG
30064771128,68719476793,CDG
30064771128,68719476794,CDG
30064771128,55834574864,CDG
30064771128,90194313241,CDG
30064771128,68719476790,CDG
30064771130,25769803784,CDG
30064771130,68719476805,CDG
30064771130,68719476806,CDG
30064771130,141733920768,CDG
30064771130,30064771140,CDG
30064771140,68719476805,CDG
30064771140,68719476806,CDG
30064771140,30064771140,CDG
30064771155,30064771155,CDG
30064771155,68719476824,CDG
30064771155,68719476825,CDG
30064771161,30064771174,CDG
30064771161,30064771175,CDG
30064771161,30064771176,CDG
30064771161,30064771177,CDG
30064771161,30064771170,CDG
30064771161,30064771171,CDG
30064771161,30064771172,CDG
30064771161,30064771173,CDG
30064771161,30064771166,CDG
30064771161,30064771167,CDG
30064771161,30064771168,CDG
30064771161,30064771169,CDG
30064771161,30064771162,CDG
30064771161,30064771163,CDG
30064771161,30064771164,CDG
30064771161,30064771165,CDG
30064771161,68719476832,CDG
30064771161,68719476833,CDG
30064771161,68719476834,CDG
30064771161,30064771186,CDG
30064771161,30064771182,CDG
30064771161,30064771183,CDG
30064771161,30064771184,CDG
30064771161,30064771185,CDG
30064771161,30064771178,CDG
30064771161,30064771179,CDG
30064771161,30064771180,CDG
30064771161,30064771181,CDG
30064771161,68719476847,CDG
30064771161,68719476843,CDG
30064771161,68719476844,CDG
30064771161,68719476845,CDG
30064771161,68719476846,CDG
30064771161,68719476839,CDG
30064771161,68719476840,CDG
30064771161,68719476841,CDG
30064771161,68719476842,CDG
30064771161,68719476835,CDG
30064771161,68719476836,CDG
30064771161,68719476837,CDG
30064771161,68719476838,CDG
30064771161,90194313252,CDG
30064771161,90194313253,CDG
30064771161,90194313254,CDG
30064771161,90194313255,CDG
30064771161,90194313248,CDG
30064771161,90194313249,CDG
30064771161,90194313250,CDG
30064771161,90194313251,CDG
30064771161,90194313246,CDG
30064771161,90194313247,CDG
30064771161,90194313260,CDG
30064771161,90194313261,CDG
30064771161,90194313262,CDG
30064771161,90194313263,CDG
30064771161,90194313256,CDG
30064771161,90194313257,CDG
30064771161,90194313258,CDG
30064771161,90194313259,CDG
30064771161,25769803795,CDG
30064771161,25769803796,CDG
30064771202,30064771206,CDG
30064771202,30064771207,CDG
30064771202,30064771208,CDG
30064771202,30064771209,CDG
30064771202,30064771203,CDG
30064771202,30064771204,CDG
30064771202,30064771205,CDG
30064771202,30064771222,CDG
30064771202,30064771223,CDG
30064771202,68719476864,CDG
30064771202,30064771224,CDG
30064771202,68719476865,CDG
30064771202,30064771225,CDG
30064771202,68719476866,CDG
30064771202,30064771218,CDG
30064771202,30064771219,CDG
30064771202,30064771220,CDG
30064771202,30064771221,CDG
30064771202,30064771214,CDG
30064771202,30064771215,CDG
30064771202,30064771216,CDG
30064771202,30064771217,CDG
30064771202,30064771210,CDG
30064771202,30064771211,CDG
30064771202,30064771212,CDG
30064771202,30064771213,CDG
30064771202,68719476879,CDG
30064771202,68719476880,CDG
30064771202,68719476881,CDG
30064771202,68719476882,CDG
30064771202,68719476875,CDG
30064771202,68719476876,CDG
30064771202,68719476877,CDG
30064771202,68719476878,CDG
30064771202,30064771230,CDG
30064771202,68719476871,CDG
30064771202,30064771231,CDG
30064771202,68719476872,CDG
30064771202,68719476873,CDG
30064771202,68719476874,CDG
30064771202,30064771226,CDG
30064771202,68719476867,CDG
30064771202,30064771227,CDG
30064771202,68719476868,CDG
30064771202,30064771228,CDG
30064771202,68719476869,CDG
30064771202,30064771229,CDG
30064771202,68719476870,CDG
30064771202,68719476887,CDG
30064771202,68719476888,CDG
30064771202,68719476889,CDG
30064771202,68719476883,CDG
30064771202,68719476884,CDG
30064771202,68719476885,CDG
30064771202,68719476886,CDG
30064771202,55834574876,CDG
30064771202,55834574874,CDG
30064771202,55834574875,CDG
30064771202,90194313268,CDG
30064771202,90194313269,CDG
30064771202,90194313270,CDG
30064771202,90194313271,CDG
30064771202,90194313265,CDG
30064771202,90194313266,CDG
30064771202,90194313267,CDG
30064771202,90194313280,CDG
30064771202,90194313276,CDG
30064771202,90194313277,CDG
30064771202,90194313278,CDG
30064771202,90194313279,CDG
30064771202,90194313272,CDG
30064771202,90194313273,CDG
30064771202,90194313274,CDG
30064771202,90194313275,CDG
30064771202,25769803801,CDG
30064771202,25769803802,CDG
30064771236,30064771238,CDG
30064771236,30064771237,CDG
30064771236,68719476895,CDG
30064771236,68719476896,CDG
30064771245,90194313282,CDG
30064771245,90194313283,CDG
30064771245,30064771246,CDG
30064771245,30064771249,CDG
30064771245,47244640268,CDG
30064771245,68719476905,CDG
30064771245,68719476906,CDG
30064771249,141733920771,CDG
30064771249,30064771250,CDG
30064771249,90194313282,CDG
30064771249,68719476911,CDG
30064771249,68719476909,CDG
30064771249,68719476910,CDG
30064771249,47244640270,CDG
30064771258,90194313285,CDG
30064771258,90194313286,CDG
30064771258,141733920772,CDG
30064771258,30064771259,CDG
30064771258,30064771260,CDG
30064771258,68719476923,CDG
30064771258,68719476921,CDG
30064771258,68719476922,CDG
30064771333,55834574900,CDG
30064771333,55834574901,CDG
30064771333,55834574897,CDG
30064771333,55834574899,CDG
30064771333,30064771334,CDG
30064771333,30064771335,CDG
30064771333,30064771336,CDG
30064771333,90194313316,CDG
30064771333,30064771350,CDG
30064771333,90194313317,CDG
30064771333,30064771351,CDG
30064771333,90194313318,CDG
30064771333,30064771352,CDG
30064771333,90194313319,CDG
30064771333,30064771353,CDG
30064771333,90194313312,CDG
30064771333,30064771346,CDG
30064771333,90194313313,CDG
30064771333,30064771347,CDG
30064771333,90194313314,CDG
30064771333,30064771348,CDG
30064771333,90194313315,CDG
30064771333,30064771349,CDG
30064771333,30064771342,CDG
30064771333,90194313309,CDG
30064771333,90194313311,CDG
30064771333,30064771340,CDG
30064771333,30064771341,CDG
30064771333,68719477007,CDG
30064771333,30064771366,CDG
30064771333,30064771367,CDG
30064771333,30064771368,CDG
30064771333,30064771369,CDG
30064771333,25769803841,CDG
30064771333,30064771362,CDG
30064771333,30064771363,CDG
30064771333,30064771364,CDG
30064771333,68719477006,CDG
30064771333,30064771365,CDG
30064771333,30064771358,CDG
30064771333,25769803838,CDG
30064771333,30064771359,CDG
30064771333,25769803839,CDG
30064771333,30064771360,CDG
30064771333,25769803840,CDG
30064771333,30064771361,CDG
30064771333,90194313320,CDG
30064771333,30064771354,CDG
30064771333,90194313321,CDG
30064771333,30064771355,CDG
30064771333,90194313322,CDG
30064771333,30064771356,CDG
30064771333,30064771357,CDG
30064771333,68719477023,CDG
30064771333,68719477024,CDG
30064771333,68719477025,CDG
30064771333,68719477026,CDG
30064771333,68719477019,CDG
30064771333,141733920780,CDG
30064771333,68719477020,CDG
30064771333,68719477021,CDG
30064771333,68719477022,CDG
30064771333,30064771374,CDG
30064771333,30064771375,CDG
30064771333,68719477017,CDG
30064771333,30064771376,CDG
30064771333,68719477018,CDG
30064771333,30064771377,CDG
30064771333,68719477011,CDG
30064771333,30064771370,CDG
30064771333,68719477012,CDG
30064771333,30064771371,CDG
30064771333,68719477013,CDG
30064771333,30064771372,CDG
30064771333,30064771373,CDG
30064771333,68719477039,CDG
30064771333,68719477040,CDG
30064771333,68719477041,CDG
30064771333,68719477042,CDG
30064771333,68719477035,CDG
30064771333,68719477036,CDG
30064771333,68719477037,CDG
30064771333,68719477038,CDG
30064771333,68719477031,CDG
30064771333,68719477032,CDG
30064771333,180388626434,CDG
30064771333,68719477033,CDG
30064771333,68719477034,CDG
30064771333,68719477027,CDG
30064771333,68719477028,CDG
30064771333,68719477029,CDG
30064771333,68719477030,CDG
30064771333,68719477047,CDG
30064771333,68719477048,CDG
30064771333,68719477049,CDG
30064771333,68719477050,CDG
30064771333,68719477043,CDG
30064771333,68719477044,CDG
30064771333,68719477045,CDG
30064771333,68719477046,CDG
30064771396,68719477059,CDG
30064771396,68719477060,CDG
30064771396,68719477061,CDG
30064771396,47244640282,CDG
30064771396,55834574902,CDG
30064771396,30064771386,CDG
30064771396,30064771387,CDG
30064771404,68719477083,CDG
30064771404,68719477084,CDG
30064771404,68719477081,CDG
30064771404,68719477082,CDG
30064771404,90194313332,CDG
30064771404,90194313333,CDG
30064771404,90194313334,CDG
30064771404,90194313335,CDG
30064771404,90194313331,CDG
30064771404,141733920781,CDG
30064771404,180388626436,CDG
30064771404,30064771406,CDG
30064771404,30064771407,CDG
30064771404,30064771408,CDG
30064771404,30064771409,CDG
30064771404,30064771405,CDG
30064771433,30064771434,CDG
30064771433,30064771435,CDG
30064771433,68719477109,CDG
30064771433,68719477110,CDG
30064771433,90194313345,CDG
30064771436,30064771442,CDG
30064771436,30064771438,CDG
30064771436,30064771439,CDG
30064771436,30064771440,CDG
30064771436,30064771441,CDG
30064771436,30064771437,CDG
30064771436,68719477115,CDG
30064771436,68719477116,CDG
30064771436,68719477117,CDG
30064771436,68719477111,CDG
30064771436,68719477112,CDG
30064771436,68719477113,CDG
30064771436,68719477114,CDG
30064771436,55834574911,CDG
30064771436,90194313348,CDG
30064771436,90194313346,CDG
30064771436,90194313347,CDG
30064771436,180388626437,CDG
30064771442,30064771446,CDG
30064771442,30064771443,CDG
30064771442,30064771444,CDG
30064771442,30064771445,CDG
30064771442,68719477119,CDG
30064771442,68719477120,CDG
30064771442,68719477118,CDG
30064771442,90194313349,CDG
30064771442,90194313350,CDG
30064771442,90194313351,CDG
30064771442,141733920783,CDG
30064771442,180388626437,CDG
30064771473,68719477151,CDG
30064771473,68719477147,CDG
30064771473,68719477148,CDG
30064771473,68719477149,CDG
30064771473,68719477150,CDG
30064771473,68719477169,CDG
30064771473,68719477170,CDG
30064771473,68719477163,CDG
30064771473,68719477159,CDG
30064771473,68719477160,CDG
30064771473,68719477161,CDG
30064771473,68719477162,CDG
30064771473,68719477156,CDG
30064771473,68719477157,CDG
30064771473,68719477158,CDG
30064771473,68719477171,CDG
30064771473,25769803862,CDG
30064771473,25769803863,CDG
30064771473,90194313365,CDG
30064771473,90194313366,CDG
30064771473,90194313367,CDG
30064771473,180388626439,CDG
30064771473,25769803866,CDG
30064771473,25769803867,CDG
30064771473,90194313380,CDG
30064771473,90194313368,CDG
30064771473,30064771478,CDG
30064771473,30064771479,CDG
30064771473,30064771474,CDG
30064771473,30064771475,CDG
30064771473,30064771476,CDG
30064771473,30064771477,CDG
30064771473,30064771490,CDG
30064771473,30064771491,CDG
30064771473,30064771486,CDG
30064771473,30064771487,CDG
30064771473,30064771488,CDG
30064771473,30064771489,CDG
30064771473,30064771484,CDG
30064771473,30064771485,CDG
30064771473,30064771498,CDG
30064771473,30064771499,CDG
30064771473,30064771534,CDG
30064771473,68719477207,CDG
30064771473,55834574918,CDG
30064771473,55834574919,CDG
30064771497,47244640292,CDG
30064771497,68719477152,CDG
30064771497,68719477153,CDG
30064771497,68719477154,CDG
30064771497,68719477155,CDG
30064771497,30064771480,CDG
30064771497,30064771481,CDG
30064771497,30064771482,CDG
30064771497,30064771483,CDG
30064771497,55834574916,CDG
30064771497,55834574917,CDG
30064771499,68719477186,CDG
30064771499,68719477180,CDG
30064771499,68719477181,CDG
30064771499,68719477182,CDG
30064771499,68719477175,CDG
30064771499,68719477176,CDG
30064771499,68719477172,CDG
30064771499,68719477173,CDG
30064771499,68719477174,CDG
30064771499,180388626440,CDG
30064771499,25769803870,CDG
30064771499,25769803871,CDG
30064771499,25769803872,CDG
30064771499,90194313376,CDG
30064771499,90194313377,CDG
30064771499,90194313378,CDG
30064771499,90194313379,CDG
30064771499,90194313372,CDG
30064771499,90194313373,CDG
30064771499,90194313374,CDG
30064771499,90194313375,CDG
30064771499,90194313369,CDG
30064771499,90194313371,CDG
30064771499,30064771510,CDG
30064771499,30064771508,CDG
30064771499,30064771509,CDG
30064771499,30064771502,CDG
30064771499,30064771503,CDG
30064771499,30064771504,CDG
30064771499,30064771500,CDG
30064771499,30064771501,CDG
30064771499,30064771526,CDG
30064771499,30064771527,CDG
30064771499,30064771528,CDG
30064771499,30064771529,CDG
30064771499,30064771522,CDG
30064771499,30064771523,CDG
30064771499,30064771524,CDG
30064771499,30064771525,CDG
30064771499,30064771518,CDG
30064771499,30064771519,CDG
30064771499,30064771520,CDG
30064771499,30064771521,CDG
30064771499,30064771514,CDG
30064771499,30064771515,CDG
30064771499,30064771516,CDG
30064771499,30064771517,CDG
30064771499,30064771530,CDG
30064771499,30064771531,CDG
30064771499,30064771532,CDG
30064771499,30064771533,CDG
30064771499,68719477199,CDG
30064771499,68719477200,CDG
30064771499,68719477201,CDG
30064771499,68719477202,CDG
30064771499,68719477195,CDG
30064771499,68719477196,CDG
30064771499,68719477197,CDG
30064771499,68719477198,CDG
30064771499,68719477191,CDG
30064771499,68719477192,CDG
30064771499,68719477193,CDG
30064771499,68719477194,CDG
30064771499,68719477187,CDG
30064771499,68719477188,CDG
30064771499,68719477189,CDG
30064771499,68719477190,CDG
30064771499,68719477203,CDG
30064771499,68719477204,CDG
30064771499,68719477205,CDG
30064771499,68719477206,CDG
30064771499,55834574925,CDG
30064771499,55834574923,CDG
30064771499,141733920785,CDG
30064771534,90194313394,CDG
30064771534,30064771595,CDG
30064771534,30064771535,CDG
30064771534,30064771536,CDG
30064771534,30064771537,CDG
30064771534,68719477211,CDG
30064771534,68719477208,CDG
30064771534,68719477209,CDG
30064771534,68719477210,CDG
30064771534,68719477268,CDG
30064771537,90194313384,CDG
30064771537,30064771554,CDG
30064771537,30064771555,CDG
30064771537,30064771556,CDG
30064771537,30064771546,CDG
30064771537,30064771547,CDG
30064771537,25769803877,CDG
30064771537,180388626441,CDG
30064771537,25769803878,CDG
30064771537,90194313381,CDG
30064771537,90194313382,CDG
30064771537,30064771542,CDG
30064771537,30064771545,CDG
30064771537,30064771538,CDG
30064771537,30064771539,CDG
30064771537,30064771540,CDG
30064771537,30064771541,CDG
30064771537,68719477215,CDG
30064771537,68719477212,CDG
30064771537,68719477213,CDG
30064771537,68719477214,CDG
30064771537,55834574927,CDG
30064771537,68719477227,CDG
30064771537,68719477228,CDG
30064771537,68719477229,CDG
30064771537,68719477230,CDG
30064771537,68719477219,CDG
30064771537,68719477220,CDG
30064771537,68719477221,CDG
30064771537,141733920786,CDG
30064771553,47244640299,CDG
30064771553,30064771543,CDG
30064771553,30064771544,CDG
30064771553,68719477216,CDG
30064771553,68719477217,CDG
30064771553,68719477218,CDG
30064771553,55834574926,CDG
30064771556,90194313385,CDG
30064771556,30064771558,CDG
30064771556,30064771559,CDG
30064771556,30064771560,CDG
30064771556,30064771561,CDG
30064771556,30064771557,CDG
30064771556,30064771572,CDG
30064771556,30064771566,CDG
30064771556,30064771567,CDG
30064771556,30064771568,CDG
30064771556,180388626442,CDG
30064771556,25769803881,CDG
30064771556,25769803882,CDG
30064771556,68719477231,CDG
30064771556,68719477232,CDG
30064771556,68719477233,CDG
30064771556,68719477234,CDG
30064771556,68719477247,CDG
30064771556,68719477246,CDG
30064771556,68719477240,CDG
30064771556,68719477241,CDG
30064771556,68719477242,CDG
30064771556,68719477235,CDG
30064771556,55834574930,CDG
30064771556,141733920787,CDG
30064771572,90194313388,CDG
30064771572,90194313389,CDG
30064771572,90194313390,CDG
30064771572,90194313387,CDG
30064771572,30064771574,CDG
30064771572,30064771575,CDG
30064771572,30064771576,CDG
30064771572,30064771577,CDG
30064771572,30064771573,CDG
30064771572,30064771578,CDG
30064771572,68719477248,CDG
30064771572,68719477249,CDG
30064771572,68719477250,CDG
30064771572,141733920788,CDG
30064771578,90194313393,CDG
30064771578,90194313391,CDG
30064771578,30064771593,CDG
30064771578,30064771586,CDG
30064771578,30064771584,CDG
30064771578,30064771585,CDG
30064771578,30064771579,CDG
30064771578,30064771580,CDG
30064771578,30064771581,CDG
30064771578,30064771594,CDG
30064771578,180388626443,CDG
30064771578,25769803887,CDG
30064771578,25769803888,CDG
30064771578,55834574933,CDG
30064771578,68719477265,CDG
30064771578,68719477266,CDG
30064771578,68719477259,CDG
30064771578,68719477257,CDG
30064771578,68719477258,CDG
30064771578,68719477251,CDG
30064771578,68719477252,CDG
30064771578,68719477253,CDG
30064771578,68719477267,CDG
30064771578,141733920789,CDG
30064771592,47244640306,CDG
30064771592,30064771582,CDG
30064771592,30064771583,CDG
30064771592,55834574932,CDG
30064771592,68719477255,CDG
30064771592,68719477256,CDG
30064771592,68719477254,CDG
30064771595,90194313395,CDG
30064771595,30064771596,CDG
30064771595,68719477269,CDG
30064771595,141733920790,CDG
30064771623,47244640311,CDG
30064771623,55834574937,CDG
30064771623,30064771610,CDG
30064771623,30064771611,CDG
30064771623,68719477283,CDG
30064771623,68719477284,CDG
30064771623,68719477285,CDG
30064771664,25769803910,CDG
30064771664,25769803911,CDG
30064771664,30064771678,CDG
30064771664,30064771679,CDG
30064771664,30064771674,CDG
30064771664,68719477344,CDG
30064771664,90194313414,CDG
30064771664,68719477345,CDG
30064771664,68719477346,CDG
30064771664,68719477339,CDG
30064771664,68719477340,CDG
30064771664,25769803919,CDG
30064771664,68719477338,CDG
30064771664,68719477333,CDG
30064771664,68719477334,CDG
30064771664,90194313417,CDG
30064771664,30064771727,CDG
30064771664,30064771728,CDG
30064771664,30064771729,CDG
30064771664,68719477383,CDG
30064771664,68719477381,CDG
30064771664,68719477382,CDG
30064771664,55834574951,CDG
30064771664,55834574944,CDG
30064771664,141733920791,CDG
30064771664,30064771672,CDG
30064771664,30064771673,CDG
30064771664,30064771666,CDG
30064771664,30064771667,CDG
30064771664,30064771665,CDG
30064771664,180388626446,CDG
30064771664,180388626448,CDG
30064771705,30064771694,CDG
30064771705,30064771695,CDG
30064771705,68719477355,CDG
30064771705,68719477353,CDG
30064771705,68719477354,CDG
30064771705,47244640318,CDG
30064771705,55834574946,CDG
30064771713,90194313433,CDG
30064771750,68719477394,CDG
30064771750,30064771740,CDG
30064771750,30064771741,CDG
30064771750,68719477395,CDG
30064771750,68719477396,CDG
30064771750,47244640323,CDG
30064771750,55834574953,CDG
30064771753,90194313445,CDG
30064771753,90194313446,CDG
30064771753,68719477409,CDG
30064771753,68719477410,CDG
30064771753,30064771754,CDG
30064771753,30064771755,CDG
30064771753,141733920792,CDG
30064771755,25769803927,CDG
30064771755,90194313447,CDG
30064771755,90194313452,CDG
30064771755,90194313453,CDG
30064771755,90194313448,CDG
30064771755,90194313449,CDG
30064771755,90194313450,CDG
30064771755,90194313451,CDG
30064771755,30064771766,CDG
30064771755,30064771767,CDG
30064771755,30064771768,CDG
30064771755,30064771762,CDG
30064771755,30064771763,CDG
30064771755,30064771764,CDG
30064771755,30064771765,CDG
30064771755,30064771758,CDG
30064771755,30064771759,CDG
30064771755,30064771760,CDG
30064771755,30064771761,CDG
30064771755,30064771756,CDG
30064771755,30064771757,CDG
30064771755,68719477419,CDG
30064771755,68719477420,CDG
30064771755,68719477421,CDG
30064771755,68719477415,CDG
30064771755,68719477416,CDG
30064771755,68719477417,CDG
30064771755,68719477418,CDG
30064771755,68719477411,CDG
30064771755,68719477412,CDG
30064771755,68719477413,CDG
30064771755,68719477414,CDG
30064771755,55834574956,CDG
30064771755,141733920793,CDG
30064771768,25769803928,CDG
30064771768,25769803929,CDG
30064771768,90194313460,CDG
30064771768,90194313461,CDG
30064771768,90194313456,CDG
30064771768,90194313457,CDG
30064771768,90194313454,CDG
30064771768,90194313455,CDG
30064771768,30064771769,CDG
30064771768,30064771782,CDG
30064771768,68719477423,CDG
30064771768,30064771783,CDG
30064771768,68719477424,CDG
30064771768,68719477425,CDG
30064771768,68719477426,CDG
30064771768,30064771778,CDG
30064771768,30064771779,CDG
30064771768,30064771780,CDG
30064771768,30064771781,CDG
30064771768,68719477422,CDG
30064771768,30064771774,CDG
30064771768,30064771775,CDG
30064771768,30064771776,CDG
30064771768,30064771777,CDG
30064771768,30064771770,CDG
30064771768,30064771771,CDG
30064771768,30064771772,CDG
30064771768,30064771773,CDG
30064771768,68719477440,CDG
30064771768,68719477441,CDG
30064771768,68719477442,CDG
30064771768,68719477435,CDG
30064771768,68719477436,CDG
30064771768,30064771790,CDG
30064771768,68719477431,CDG
30064771768,30064771791,CDG
30064771768,68719477432,CDG
30064771768,30064771792,CDG
30064771768,68719477433,CDG
30064771768,68719477434,CDG
30064771768,68719477427,CDG
30064771768,30064771787,CDG
30064771768,68719477428,CDG
30064771768,30064771788,CDG
30064771768,68719477429,CDG
30064771768,30064771789,CDG
30064771768,68719477430,CDG
30064771768,68719477443,CDG
30064771768,68719477444,CDG
30064771768,68719477445,CDG
30064771768,68719477446,CDG
30064771768,55834574957,CDG
30064771768,55834574958,CDG
30064771768,55834574959,CDG
30064771768,55834574960,CDG
30064771768,55834574961,CDG
30064771783,90194313460,CDG
30064771783,90194313461,CDG
30064771783,90194313458,CDG
30064771783,90194313459,CDG
30064771783,30064771784,CDG
30064771783,30064771785,CDG
30064771783,68719477439,CDG
30064771783,68719477440,CDG
30064771783,68719477441,CDG
30064771783,68719477442,CDG
30064771783,68719477437,CDG
30064771783,68719477438,CDG
30064771783,30064771790,CDG
30064771783,30064771791,CDG
30064771783,30064771792,CDG
30064771783,30064771786,CDG
30064771783,30064771787,CDG
30064771783,30064771788,CDG
30064771783,30064771789,CDG
30064771783,68719477443,CDG
30064771783,68719477444,CDG
30064771783,68719477445,CDG
30064771783,68719477446,CDG
30064771783,141733920794,CDG
30064771796,30064771814,CDG
30064771796,30064771815,CDG
30064771796,30064771816,CDG
30064771796,68719477452,CDG
30064771796,68719477453,CDG
30064771796,68719477469,CDG
30064771796,68719477463,CDG
30064771796,68719477464,CDG
30064771796,68719477465,CDG
30064771796,30064771820,CDG
30064771796,30064771821,CDG
30064771796,25769803938,CDG
30064771796,90194313463,CDG
30064771796,90194313474,CDG
30064771796,90194313475,CDG
30064771796,90194313464,CDG
30064771796,55834574963,CDG
30064771796,141733920795,CDG
30064771796,30064771798,CDG
30064771796,30064771797,CDG
30064771796,180388626450,CDG
30064771838,90194313479,CDG
30064771838,68719477487,CDG
30064771838,68719477488,CDG
30064771838,68719477489,CDG
30064771838,68719477490,CDG
30064771838,68719477491,CDG
30064771838,68719477492,CDG
30064771838,30064771842,CDG
30064771838,30064771843,CDG
30064771838,30064771839,CDG
30064771838,30064771840,CDG
30064771838,30064771841,CDG
30064771838,141733920796,CDG
30064771843,25769803947,CDG
30064771843,25769803948,CDG
30064771843,90194313480,CDG
30064771843,90194313482,CDG
30064771843,68719477499,CDG
30064771843,68719477500,CDG
30064771843,68719477501,CDG
30064771843,68719477495,CDG
30064771843,68719477493,CDG
30064771843,68719477494,CDG
30064771843,68719477507,CDG
30064771843,68719477508,CDG
30064771843,68719477509,CDG
30064771843,68719477510,CDG
30064771843,180388626452,CDG
30064771843,30064771846,CDG
30064771843,30064771847,CDG
30064771843,30064771844,CDG
30064771843,30064771845,CDG
30064771843,30064771859,CDG
30064771843,30064771860,CDG
30064771843,30064771861,CDG
30064771843,30064771850,CDG
30064771843,30064771851,CDG
30064771843,30064771852,CDG
30064771843,55834574969,CDG
30064771843,141733920797,CDG
30064771858,47244640335,CDG
30064771858,68719477496,CDG
30064771858,68719477497,CDG
30064771858,68719477498,CDG
30064771858,30064771848,CDG
30064771858,30064771849,CDG
30064771858,55834574968,CDG
30064771861,25769803954,CDG
30064771861,25769803955,CDG
30064771861,25769803950,CDG
30064771861,25769803951,CDG
30064771861,90194313488,CDG
30064771861,90194313489,CDG
30064771861,90194313484,CDG
30064771861,90194313485,CDG
30064771861,90194313486,CDG
30064771861,90194313487,CDG
30064771861,90194313483,CDG
30064771861,68719477519,CDG
30064771861,68719477515,CDG
30064771861,68719477516,CDG
30064771861,68719477517,CDG
30064771861,68719477518,CDG
30064771861,68719477511,CDG
30064771861,68719477512,CDG
30064771861,68719477513,CDG
30064771861,68719477514,CDG
30064771861,68719477535,CDG
30064771861,68719477536,CDG
30064771861,68719477537,CDG
30064771861,68719477538,CDG
30064771861,68719477527,CDG
30064771861,68719477523,CDG
30064771861,68719477524,CDG
30064771861,68719477525,CDG
30064771861,68719477526,CDG
30064771861,180388626453,CDG
30064771861,30064771862,CDG
30064771861,30064771863,CDG
30064771861,30064771864,CDG
30064771861,30064771865,CDG
30064771861,30064771878,CDG
30064771861,30064771879,CDG
30064771861,30064771880,CDG
30064771861,30064771876,CDG
30064771861,30064771877,CDG
30064771861,30064771870,CDG
30064771861,30064771871,CDG
30064771861,30064771872,CDG
30064771861,30064771873,CDG
30064771861,30064771866,CDG
30064771861,30064771867,CDG
30064771861,30064771868,CDG
30064771861,30064771869,CDG
30064771861,55834574973,CDG
30064771861,30064771890,CDG
30064771861,30064771891,CDG
30064771861,30064771892,CDG
30064771861,55834574971,CDG
30064771861,141733920798,CDG
30064771889,47244640339,CDG
30064771889,68719477520,CDG
30064771889,68719477521,CDG
30064771889,68719477522,CDG
30064771889,30064771874,CDG
30064771889,30064771875,CDG
30064771889,55834574972,CDG
30064771892,25769803957,CDG
30064771892,90194313492,CDG
30064771892,90194313493,CDG
30064771892,90194313494,CDG
30064771892,90194313495,CDG
30064771892,90194313490,CDG
30064771892,90194313491,CDG
30064771892,90194313496,CDG
30064771892,90194313497,CDG
30064771892,68719477551,CDG
30064771892,68719477552,CDG
30064771892,68719477553,CDG
30064771892,68719477554,CDG
30064771892,68719477547,CDG
30064771892,68719477548,CDG
30064771892,68719477549,CDG
30064771892,68719477550,CDG
30064771892,68719477543,CDG
30064771892,68719477544,CDG
30064771892,68719477545,CDG
30064771892,68719477546,CDG
30064771892,68719477539,CDG
30064771892,68719477540,CDG
30064771892,68719477541,CDG
30064771892,68719477542,CDG
30064771892,30064771894,CDG
30064771892,30064771895,CDG
30064771892,30064771896,CDG
30064771892,30064771897,CDG
30064771892,30064771893,CDG
30064771892,30064771906,CDG
30064771892,30064771907,CDG
30064771892,30064771908,CDG
30064771892,141733920799,CDG
30064771892,30064771902,CDG
30064771892,30064771903,CDG
30064771892,30064771904,CDG
30064771892,30064771905,CDG
30064771892,30064771898,CDG
30064771892,55834574977,CDG
30064771892,30064771899,CDG
30064771892,30064771900,CDG
30064771892,30064771901,CDG
30064771925,47244640343,CDG
30064771925,55834574978,CDG
30064771925,68719477560,CDG
30064771925,68719477561,CDG
30064771925,68719477562,CDG
30064771925,30064771914,CDG
30064771925,30064771915,CDG
30064771928,68719477575,CDG
30064771928,68719477576,CDG
30064771928,30064771930,CDG
30064771928,90194313502,CDG
30064771928,90194313503,CDG
30064771928,30064771929,CDG
30064771930,68719477584,CDG
30064771930,68719477585,CDG
30064771930,68719477586,CDG
30064771930,68719477579,CDG
30064771930,30064771938,CDG
30064771930,68719477580,CDG
30064771930,30064771939,CDG
30064771930,30064771940,CDG
30064771930,30064771934,CDG
30064771930,68719477577,CDG
30064771930,68719477578,CDG
30064771930,30064771931,CDG
30064771930,30064771932,CDG
30064771930,30064771933,CDG
30064771930,68719477599,CDG
30064771930,30064771958,CDG
30064771930,30064771959,CDG
30064771930,68719477595,CDG
30064771930,30064771954,CDG
30064771930,68719477596,CDG
30064771930,30064771955,CDG
30064771930,68719477597,CDG
30064771930,30064771956,CDG
30064771930,68719477598,CDG
30064771930,30064771957,CDG
30064771930,30064771950,CDG
30064771930,68719477592,CDG
30064771930,30064771951,CDG
30064771930,68719477593,CDG
30064771930,30064771952,CDG
30064771930,68719477594,CDG
30064771930,30064771953,CDG
30064771930,30064771948,CDG
30064771930,30064771949,CDG
30064771930,25769803966,CDG
30064771930,25769803967,CDG
30064771930,90194313508,CDG
30064771930,90194313509,CDG
30064771930,90194313510,CDG
30064771930,90194313511,CDG
30064771930,90194313507,CDG
30064771930,90194313512,CDG
30064771930,90194313513,CDG
30064771930,90194313514,CDG
30064771930,90194313515,CDG
30064771930,55834574982,CDG
30064771930,180388626455,CDG
30064771947,68719477583,CDG
30064771947,68719477581,CDG
30064771947,68719477582,CDG
30064771947,30064771935,CDG
30064771947,30064771936,CDG
30064771947,30064771937,CDG
30064771947,47244640347,CDG
30064771947,90194313504,CDG
30064771947,55834574981,CDG
30064771969,90194313525,CDG
30064771969,90194313516,CDG
30064771969,68719477611,CDG
30064771969,30064771970,CDG
30064771969,30064771971,CDG
30064771969,68719477610,CDG
30064771971,90194313526,CDG
30064771971,90194313516,CDG
30064771971,68719477612,CDG
30064771971,68719477613,CDG
30064771971,30064771972,CDG
30064771971,30064771973,CDG
30064771973,90194313527,CDG
30064771973,90194313516,CDG
30064771973,68719477615,CDG
30064771973,30064771974,CDG
30064771973,30064771975,CDG
30064771973,68719477614,CDG
30064771975,90194313516,CDG
30064771975,90194313528,CDG
30064771975,68719477616,CDG
30064771975,68719477617,CDG
30064771975,30064771976,CDG
30064771975,30064771977,CDG
30064771977,47244640354,CDG
30064771977,90194313516,CDG
30064771977,90194313529,CDG
30064771977,90194313530,CDG
30064771977,68719477618,CDG
30064771977,68719477619,CDG
30064771977,30064771978,CDG
30064771977,30064771979,CDG
30064771991,90194313541,CDG
30064771991,90194313531,CDG
30064771991,68719477631,CDG
30064771991,30064771992,CDG
30064771991,30064771993,CDG
30064771991,68719477630,CDG
30064771993,90194313542,CDG
30064771993,90194313531,CDG
30064771993,68719477632,CDG
30064771993,68719477633,CDG
30064771993,68719477634,CDG
30064771993,30064771994,CDG
30064771993,30064771995,CDG
30064771995,90194313543,CDG
30064771995,90194313531,CDG
30064771995,68719477635,CDG
30064771995,68719477636,CDG
30064771995,68719477637,CDG
30064771995,30064771996,CDG
30064771995,30064771997,CDG
30064771997,47244640360,CDG
30064771997,90194313531,CDG
30064771997,90194313544,CDG
30064771997,90194313545,CDG
30064771997,68719477639,CDG
30064771997,30064771998,CDG
30064771997,30064771999,CDG
30064771997,68719477638,CDG
30064772009,90194313554,CDG
30064772009,90194313546,CDG
30064772009,68719477650,CDG
30064772009,68719477651,CDG
30064772009,30064772010,CDG
30064772009,30064772011,CDG
30064772011,90194313555,CDG
30064772011,90194313546,CDG
30064772011,30064772014,CDG
30064772011,68719477652,CDG
30064772011,30064772012,CDG
30064772011,68719477654,CDG
30064772012,68719477653,CDG
30064772012,30064772013,CDG
30064772014,90194313556,CDG
30064772014,90194313546,CDG
30064772014,30064772018,CDG
30064772014,68719477660,CDG
30064772014,68719477655,CDG
30064772014,68719477656,CDG
30064772014,30064772015,CDG
30064772014,68719477657,CDG
30064772014,30064772016,CDG
30064772018,47244640368,CDG
30064772018,90194313557,CDG
30064772018,90194313558,CDG
30064772018,90194313546,CDG
30064772018,30064772019,CDG
30064772018,68719477661,CDG
30064772018,30064772020,CDG
30064772018,68719477662,CDG
30064772022,68719477664,CDG
30064772022,30064772023,CDG
30064772093,68719477730,CDG
30064772093,30064772094,CDG
30064772093,68719477731,CDG
30064772096,68719477743,CDG
30064772096,30064772102,CDG
30064772096,68719477744,CDG
30064772096,30064772103,CDG
30064772096,68719477745,CDG
30064772096,30064772104,CDG
30064772096,68719477746,CDG
30064772096,30064772105,CDG
30064772096,68719477739,CDG
30064772096,30064772098,CDG
30064772096,68719477740,CDG
30064772096,30064772099,CDG
30064772096,68719477741,CDG
30064772096,30064772100,CDG
30064772096,68719477742,CDG
30064772096,30064772101,CDG
30064772096,68719477735,CDG
30064772096,68719477736,CDG
30064772096,68719477737,CDG
30064772096,68719477738,CDG
30064772096,30064772097,CDG
30064772096,68719477734,CDG
30064772096,30064772110,CDG
30064772096,30064772111,CDG
30064772096,30064772112,CDG
30064772096,68719477747,CDG
30064772096,30064772106,CDG
30064772096,68719477748,CDG
30064772096,30064772107,CDG
30064772096,68719477749,CDG
30064772096,30064772108,CDG
30064772096,68719477750,CDG
30064772096,30064772109,CDG
30064772096,90194313604,CDG
30064772096,90194313605,CDG
30064772096,90194313606,CDG
30064772096,90194313607,CDG
30064772096,90194313602,CDG
30064772096,90194313603,CDG
30064772096,55834574990,CDG
30064772096,25769804010,CDG
30064772178,68719477827,CDG
30064772178,30064772186,CDG
30064772178,30064772187,CDG
30064772178,141733920803,CDG
30064772178,68719477823,CDG
30064772178,30064772182,CDG
30064772178,68719477824,CDG
30064772178,55834575005,CDG
30064772178,30064772183,CDG
30064772178,68719477825,CDG
30064772178,55834575006,CDG
30064772178,30064772184,CDG
30064772178,68719477826,CDG
30064772178,30064772185,CDG
30064772178,68719477819,CDG
30064772178,68719477820,CDG
30064772178,30064772179,CDG
30064772178,68719477821,CDG
30064772178,30064772180,CDG
30064772178,68719477822,CDG
30064772178,30064772181,CDG
30064772178,90194313628,CDG
30064772178,141733920804,CDG
30064772178,90194313625,CDG
30064772178,90194313626,CDG
30064772178,90194313627,CDG
68719476906,30064771247,CDG
68719476906,30064771248,CDG
68719476906,68719476907,CDG
68719476906,68719476908,CDG
68719476936,68719476937,CDG
68719476936,141733920773,CDG
68719476936,30064771271,CDG
68719476936,90194313288,CDG
68719476936,90194313289,CDG
68719476936,25769803818,CDG
68719477073,68719477074,CDG
68719477073,68719477083,CDG
68719477073,68719477084,CDG
68719477073,68719477079,CDG
68719477073,68719477080,CDG
68719477073,68719477082,CDG
68719477073,68719477075,CDG
68719477073,68719477076,CDG
68719477073,68719477077,CDG
68719477073,68719477078,CDG
68719477073,55834574906,CDG
68719477073,90194313333,CDG
68719477073,90194313334,CDG
68719477073,90194313335,CDG
68719477073,90194313328,CDG
68719477073,90194313329,CDG
68719477073,90194313330,CDG
68719477073,30064771399,CDG
68719477073,30064771400,CDG
68719477073,30064771401,CDG
68719477073,180388626436,CDG
68719477073,30064771406,CDG
68719477073,30064771407,CDG
68719477073,30064771408,CDG
68719477073,30064771409,CDG
68719477073,30064771402,CDG
68719477073,30064771403,CDG
68719477073,30064771404,CDG
68719477299,90194313399,CDG
68719477299,68719477321,CDG
68719477299,25769803904,CDG
68719477299,68719477315,CDG
68719477299,68719477316,CDG
68719477299,68719477317,CDG
68719477299,90194313412,CDG
68719477299,90194313400,CDG
68719477299,55834574942,CDG
68719477299,30064771625,CDG
68719477299,30064771626,CDG
68719477299,30064771627,CDG
68719477299,30064771628,CDG
68719477299,30064771656,CDG
68719477299,30064771650,CDG
68719477299,30064771651,CDG
68719477299,30064771652,CDG
68719477299,180388626445,CDG
68719477299,68719477300,CDG
68719477299,68719477301,CDG
68719477299,68719477302,CDG
68719477367,30064771718,CDG
68719477367,30064771719,CDG
68719477367,90194313430,CDG
68719477367,30064771720,CDG
68719477367,90194313431,CDG
68719477367,30064771721,CDG
68719477367,30064771714,CDG
68719477367,30064771715,CDG
68719477367,30064771716,CDG
68719477367,30064771717,CDG
68719477367,30064771710,CDG
68719477367,30064771711,CDG
68719477367,30064771712,CDG
68719477367,30064771713,CDG
68719477367,30064771708,CDG
68719477367,30064771709,CDG
68719477367,68719477375,CDG
68719477367,68719477376,CDG
68719477367,68719477377,CDG
68719477367,68719477378,CDG
68719477367,68719477371,CDG
68719477367,68719477372,CDG
68719477367,68719477373,CDG
68719477367,68719477374,CDG
68719477367,90194313436,CDG
68719477367,90194313437,CDG
68719477367,68719477368,CDG
68719477367,90194313438,CDG
68719477367,68719477369,CDG
68719477367,68719477370,CDG
68719477367,90194313432,CDG
68719477367,30064771722,CDG
68719477367,30064771723,CDG
68719477367,90194313434,CDG
68719477367,30064771724,CDG
68719477367,90194313435,CDG
68719477367,68719477379,CDG
68719477367,55834574949,CDG
68719477367,55834574950,CDG
68719477657,68719477659,CDG
68719477657,68719477658,CDG
68719477657,30064772017,CDG
90194313282,30064771240,CDG
90194313282,30064771241,CDG
90194313282,68719476898,CDG
90194313282,30064771242,CDG
90194313282,30064771243,CDG
90194313282,30064771244,CDG
90194313282,30064771245,CDG
90194313282,68719476903,CDG
90194313282,68719476904,CDG
90194313282,25769803807,CDG
90194313282,68719476899,CDG
90194313282,68719476900,CDG
90194313282,68719476901,CDG
90194313282,68719476902,CDG
90194313282,55834574879,CDG
90194313285,55834574880,CDG
90194313285,55834574881,CDG
90194313285,30064771254,CDG
90194313285,30064771255,CDG
90194313285,30064771256,CDG
90194313285,30064771257,CDG
90194313285,30064771252,CDG
90194313285,30064771253,CDG
90194313285,68719476913,CDG
90194313285,68719476914,CDG
90194313285,25769803812,CDG
90194313285,30064771258,CDG
90194313285,68719476919,CDG
90194313285,68719476920,CDG
90194313285,68719476915,CDG
90194313285,68719476916,CDG
90194313285,68719476917,CDG
90194313285,68719476918,CDG
90194313288,68719476935,CDG
90194313288,55834574884,CDG
90194313288,68719476936,CDG
90194313288,68719476931,CDG
90194313288,68719476932,CDG
90194313288,68719476933,CDG
90194313288,55834574882,CDG
90194313288,68719476934,CDG
90194313288,55834574883,CDG
90194313288,30064771270,CDG
90194313288,25769803816,CDG
90194313288,30064771266,CDG
90194313288,30064771267,CDG
90194313288,30064771268,CDG
90194313288,30064771269,CDG
90194313288,30064771262,CDG
90194313288,30064771263,CDG
90194313288,30064771264,CDG
90194313288,30064771265,CDG
90194313288,68719476927,CDG
90194313288,68719476928,CDG
90194313288,68719476929,CDG
90194313288,68719476930,CDG
90194313288,68719476925,CDG
90194313288,68719476926,CDG
90194313288,25769803817,CDG
90194313516,90194313524,CDG
90194313516,90194313520,CDG
90194313516,90194313521,CDG
90194313516,90194313522,CDG
90194313516,90194313523,CDG
90194313516,90194313517,CDG
90194313516,90194313518,CDG
90194313516,90194313519,CDG
90194313516,68719477601,CDG
90194313516,68719477602,CDG
90194313516,30064771961,CDG
90194313516,68719477607,CDG
90194313516,30064771966,CDG
90194313516,68719477608,CDG
90194313516,30064771967,CDG
90194313516,68719477609,CDG
90194313516,30064771968,CDG
90194313516,30064771969,CDG
90194313516,68719477603,CDG
90194313516,30064771962,CDG
90194313516,68719477604,CDG
90194313516,30064771963,CDG
90194313516,68719477605,CDG
90194313516,30064771964,CDG
90194313516,68719477606,CDG
90194313516,30064771965,CDG
90194313531,90194313540,CDG
90194313531,90194313536,CDG
90194313531,90194313537,CDG
90194313531,90194313538,CDG
90194313531,90194313539,CDG
90194313531,90194313532,CDG
90194313531,90194313533,CDG
90194313531,90194313534,CDG
90194313531,90194313535,CDG
90194313531,30064771990,CDG
90194313531,30064771991,CDG
90194313531,68719477627,CDG
90194313531,30064771986,CDG
90194313531,68719477628,CDG
90194313531,30064771987,CDG
90194313531,68719477629,CDG
90194313531,30064771988,CDG
90194313531,30064771989,CDG
90194313531,68719477623,CDG
90194313531,30064771982,CDG
90194313531,68719477624,CDG
90194313531,30064771983,CDG
90194313531,68719477625,CDG
90194313531,30064771984,CDG
90194313531,68719477626,CDG
90194313531,30064771985,CDG
90194313531,68719477621,CDG
90194313531,68719477622,CDG
90194313531,30064771981,CDG
90194313546,90194313552,CDG
90194313546,90194313553,CDG
90194313546,90194313548,CDG
90194313546,90194313549,CDG
90194313546,90194313550,CDG
90194313546,90194313551,CDG
90194313546,90194313547,CDG
90194313546,68719477647,CDG
90194313546,30064772006,CDG
90194313546,68719477648,CDG
90194313546,30064772007,CDG
90194313546,68719477649,CDG
90194313546,30064772008,CDG
90194313546,30064772009,CDG
90194313546,68719477643,CDG
90194313546,30064772002,CDG
90194313546,68719477644,CDG
90194313546,30064772003,CDG
90194313546,68719477645,CDG
90194313546,30064772004,CDG
90194313546,68719477646,CDG
90194313546,30064772005,CDG
90194313546,68719477642,CDG
180388626432,30064771191,CDG
180388626432,30064771192,CDG
180388626432,30064771193,CDG
180388626432,30064771198,CDG
180388626432,30064771199,CDG
180388626432,30064771200,CDG
180388626432,30064771194,CDG
180388626432,68719476859,CDG
180388626432,68719476860,CDG
180388626432,68719476861,CDG
180388626432,68719476855,CDG
180388626432,68719476852,CDG
180388626432,68719476853,CDG
180388626432,68719476854,CDG
180388626432,55834574873,CDG
180388626432,55834574870,CDG
180388626432,55834574871,CDG
180388626432,90194313264,CDG
180388626432,180388626432,CDG
180388626433,55834574893,CDG
180388626433,55834574895,CDG
180388626433,30064771330,CDG
180388626433,30064771331,CDG
180388626433,30064771332,CDG
180388626433,30064771326,CDG
180388626433,30064771323,CDG
180388626433,30064771324,CDG
180388626433,30064771325,CDG
180388626433,68719476994,CDG
180388626433,90194313308,CDG
180388626433,68719477003,CDG
180388626433,68719477001,CDG
180388626433,68719477002,CDG
180388626433,68719476995,CDG
180388626433,68719476996,CDG
180388626433,68719476997,CDG
180388626433,180388626433,CDG
180388626434,55834574896,CDG
180388626434,55834574898,CDG
180388626434,30064771337,CDG
180388626434,30064771343,CDG
180388626434,90194313310,CDG
180388626434,30064771344,CDG
180388626434,30064771345,CDG
180388626434,30064771338,CDG
180388626434,30064771339,CDG
180388626434,68719477008,CDG
180388626434,68719477009,CDG
180388626434,68719477010,CDG
180388626434,68719477015,CDG
180388626434,68719477016,CDG
180388626434,68719477014,CDG
180388626434,180388626434,CDG
180388626435,68719477067,CDG
180388626435,68719477068,CDG
180388626435,68719477069,CDG
180388626435,68719477065,CDG
180388626435,68719477066,CDG
180388626435,55834574904,CDG
180388626435,55834574905,CDG
180388626435,90194313326,CDG
180388626435,30064771394,CDG
180388626435,30064771395,CDG
180388626435,30064771396,CDG
180388626435,30064771391,CDG
180388626435,30064771392,CDG
180388626435,180388626435,CDG
180388626435,30064771393,CDG
180388626436,68719477071,CDG
180388626436,68719477072,CDG
180388626436,68719477073,CDG
180388626436,68719477070,CDG
180388626436,68719477063,CDG
180388626436,68719477064,CDG
180388626436,30064771418,CDG
180388626436,30064771419,CDG
180388626436,68719477062,CDG
180388626436,68719477091,CDG
180388626436,68719477092,CDG
180388626436,68719477093,CDG
180388626436,68719477094,CDG
180388626436,55834574908,CDG
180388626436,55834574903,CDG
180388626436,25769803845,CDG
180388626436,25769803846,CDG
180388626436,90194313325,CDG
180388626436,90194313327,CDG
180388626436,30064771382,CDG
180388626436,30064771383,CDG
180388626436,30064771384,CDG
180388626436,30064771385,CDG
180388626436,30064771380,CDG
180388626436,141733920782,CDG
180388626436,30064771381,CDG
180388626436,25769803851,CDG
180388626436,90194313338,CDG
180388626436,90194313339,CDG
180388626436,30064771398,CDG
180388626436,30064771397,CDG
180388626436,30064771390,CDG
180388626436,180388626435,CDG
180388626436,30064771388,CDG
180388626436,30064771389,CDG
180388626436,68719477055,CDG
180388626436,68719477056,CDG
180388626436,68719477057,CDG
180388626436,30064771416,CDG
180388626436,68719477058,CDG
180388626436,30064771417,CDG
180388626436,68719477053,CDG
180388626436,68719477054,CDG
180388626437,30064771431,CDG
180388626437,30064771432,CDG
180388626437,30064771433,CDG
180388626437,30064771436,CDG
180388626437,30064771454,CDG
180388626437,30064771455,CDG
180388626437,30064771456,CDG
180388626437,30064771450,CDG
180388626437,30064771451,CDG
180388626437,30064771452,CDG
180388626437,30064771453,CDG
180388626437,68719477107,CDG
180388626437,68719477108,CDG
180388626437,68719477127,CDG
180388626437,68719477128,CDG
180388626437,68719477129,CDG
180388626437,68719477124,CDG
180388626437,68719477125,CDG
180388626437,68719477126,CDG
180388626437,55834574910,CDG
180388626437,55834574913,CDG
180388626437,25769803857,CDG
180388626437,90194313344,CDG
180388626437,180388626438,CDG
180388626437,90194313352,CDG
180388626437,90194313353,CDG
180388626437,90194313354,CDG
180388626438,30064771430,CDG
180388626438,30064771426,CDG
180388626438,30064771427,CDG
180388626438,30064771428,CDG
180388626438,30064771429,CDG
180388626438,30064771422,CDG
180388626438,30064771423,CDG
180388626438,30064771424,CDG
180388626438,30064771425,CDG
180388626438,30064771447,CDG
180388626438,30064771448,CDG
180388626438,30064771449,CDG
180388626438,68719477103,CDG
180388626438,68719477104,CDG
180388626438,30064771463,CDG
180388626438,68719477105,CDG
180388626438,30064771464,CDG
180388626438,68719477106,CDG
180388626438,30064771465,CDG
180388626438,68719477099,CDG
180388626438,68719477100,CDG
180388626438,68719477101,CDG
180388626438,68719477102,CDG
180388626438,68719477097,CDG
180388626438,68719477098,CDG
180388626438,68719477121,CDG
180388626438,68719477122,CDG
180388626438,30064771466,CDG
180388626438,68719477136,CDG
180388626438,68719477137,CDG
180388626438,68719477138,CDG
180388626438,68719477123,CDG
180388626438,68719477139,CDG
180388626438,55834574909,CDG
180388626438,55834574912,CDG
180388626438,55834574915,CDG
180388626438,141733920784,CDG
180388626438,25769803860,CDG
180388626438,25769803853,CDG
180388626438,90194313342,CDG
180388626438,90194313343,CDG
180388626438,180388626437,CDG
180388626438,90194313357,CDG
180388626438,90194313358,CDG
180388626439,68719477167,CDG
180388626439,68719477168,CDG
180388626439,68719477164,CDG
180388626439,68719477165,CDG
180388626439,68719477166,CDG
180388626439,180388626439,CDG
180388626439,30064771494,CDG
180388626439,30064771495,CDG
180388626439,30064771496,CDG
180388626439,30064771497,CDG
180388626439,30064771492,CDG
180388626439,30064771493,CDG
180388626439,55834574920,CDG
180388626439,55834574921,CDG
180388626440,68719477183,CDG
180388626440,68719477184,CDG
180388626440,68719477185,CDG
180388626440,68719477179,CDG
180388626440,68719477177,CDG
180388626440,68719477178,CDG
180388626440,180388626440,CDG
180388626440,90194313370,CDG
180388626440,30064771511,CDG
180388626440,30064771512,CDG
180388626440,30064771513,CDG
180388626440,30064771506,CDG
180388626440,30064771507,CDG
180388626440,30064771505,CDG
180388626440,55834574924,CDG
180388626440,55834574922,CDG
180388626441,30064771550,CDG
180388626441,30064771551,CDG
180388626441,30064771552,CDG
180388626441,30064771553,CDG
180388626441,30064771548,CDG
180388626441,30064771549,CDG
180388626441,180388626441,CDG
180388626441,90194313383,CDG
180388626441,68719477223,CDG
180388626441,68719477224,CDG
180388626441,68719477225,CDG
180388626441,68719477226,CDG
180388626441,68719477222,CDG
180388626441,55834574928,CDG
180388626442,90194313386,CDG
180388626442,30064771570,CDG
180388626442,30064771571,CDG
180388626442,30064771569,CDG
180388626442,30064771562,CDG
180388626442,30064771563,CDG
180388626442,30064771564,CDG
180388626442,30064771565,CDG
180388626442,180388626442,CDG
180388626442,68719477243,CDG
180388626442,68719477244,CDG
180388626442,68719477245,CDG
180388626442,68719477239,CDG
180388626442,55834574929,CDG
180388626442,68719477236,CDG
180388626442,68719477237,CDG
180388626442,55834574931,CDG
180388626442,68719477238,CDG
180388626443,90194313392,CDG
180388626443,30064771590,CDG
180388626443,30064771591,CDG
180388626443,30064771592,CDG
180388626443,30064771587,CDG
180388626443,30064771588,CDG
180388626443,30064771589,CDG
180388626443,180388626443,CDG
180388626443,55834574934,CDG
180388626443,68719477263,CDG
180388626443,68719477264,CDG
180388626443,68719477260,CDG
180388626443,68719477261,CDG
180388626443,68719477262,CDG
180388626444,90194313398,CDG
180388626444,25769803897,CDG
180388626444,55834574940,CDG
180388626444,55834574939,CDG
180388626444,30064771622,CDG
180388626444,30064771623,CDG
180388626444,30064771618,CDG
180388626444,30064771619,CDG
180388626444,30064771620,CDG
180388626444,30064771621,CDG
180388626444,30064771615,CDG
180388626444,30064771616,CDG
180388626444,30064771617,CDG
180388626444,68719477295,CDG
180388626444,68719477296,CDG
180388626444,180388626444,CDG
180388626444,68719477291,CDG
180388626444,68719477292,CDG
180388626444,68719477293,CDG
180388626444,68719477294,CDG
180388626444,68719477289,CDG
180388626444,68719477290,CDG
180388626445,68719477319,CDG
180388626445,25769803902,CDG
180388626445,68719477320,CDG
180388626445,68719477318,CDG
180388626445,90194313408,CDG
180388626445,90194313409,CDG
180388626445,90194313410,CDG
180388626445,90194313411,CDG
180388626445,90194313404,CDG
180388626445,90194313405,CDG
180388626445,90194313406,CDG
180388626445,90194313407,CDG
180388626445,90194313401,CDG
180388626445,90194313402,CDG
180388626445,90194313403,CDG
180388626445,55834574941,CDG
180388626445,55834574943,CDG
180388626445,30064771638,CDG
180388626445,30064771639,CDG
180388626445,30064771640,CDG
180388626445,30064771641,CDG
180388626445,30064771634,CDG
180388626445,30064771635,CDG
180388626445,30064771636,CDG
180388626445,30064771637,CDG
180388626445,30064771630,CDG
180388626445,30064771631,CDG
180388626445,30064771632,CDG
180388626445,30064771633,CDG
180388626445,30064771629,CDG
180388626445,30064771654,CDG
180388626445,30064771655,CDG
180388626445,30064771653,CDG
180388626445,30064771646,CDG
180388626445,30064771647,CDG
180388626445,30064771648,CDG
180388626445,30064771649,CDG
180388626445,30064771642,CDG
180388626445,30064771643,CDG
180388626445,30064771644,CDG
180388626445,30064771645,CDG
180388626445,68719477311,CDG
180388626445,68719477312,CDG
180388626445,68719477313,CDG
180388626445,68719477314,CDG
180388626445,68719477307,CDG
180388626445,68719477308,CDG
180388626445,68719477309,CDG
180388626445,68719477310,CDG
180388626445,68719477303,CDG
180388626445,68719477304,CDG
180388626445,68719477305,CDG
180388626445,68719477306,CDG
180388626445,180388626445,CDG
180388626446,30064771675,CDG
180388626446,30064771676,CDG
180388626446,30064771677,CDG
180388626446,68719477343,CDG
180388626446,90194313415,CDG
180388626446,68719477341,CDG
180388626446,68719477342,CDG
180388626446,68719477335,CDG
180388626446,68719477336,CDG
180388626446,68719477337,CDG
180388626446,90194313416,CDG
180388626446,55834574945,CDG
180388626446,30064771670,CDG
180388626446,30064771671,CDG
180388626446,30064771668,CDG
180388626446,30064771669,CDG
180388626446,180388626446,CDG
180388626447,30064771702,CDG
180388626447,30064771703,CDG
180388626447,30064771704,CDG
180388626447,30064771705,CDG
180388626447,30064771699,CDG
180388626447,30064771700,CDG
180388626447,30064771701,CDG
180388626447,90194313428,CDG
180388626447,68719477359,CDG
180388626447,68719477360,CDG
180388626447,68719477361,CDG
180388626447,68719477362,CDG
180388626447,90194313427,CDG
180388626447,68719477363,CDG
180388626447,55834574948,CDG
180388626447,180388626447,CDG
180388626448,30064771686,CDG
180388626448,30064771687,CDG
180388626448,30064771688,CDG
180388626448,30064771689,CDG
180388626448,30064771682,CDG
180388626448,30064771683,CDG
180388626448,30064771684,CDG
180388626448,30064771685,CDG
180388626448,30064771680,CDG
180388626448,30064771681,CDG
180388626448,30064771698,CDG
180388626448,30064771696,CDG
180388626448,30064771697,CDG
180388626448,30064771690,CDG
180388626448,25769803914,CDG
180388626448,30064771691,CDG
180388626448,25769803915,CDG
180388626448,30064771692,CDG
180388626448,30064771693,CDG
180388626448,90194313429,CDG
180388626448,90194313424,CDG
180388626448,90194313425,CDG
180388626448,68719477356,CDG
180388626448,90194313426,CDG
180388626448,68719477357,CDG
180388626448,68719477358,CDG
180388626448,90194313420,CDG
180388626448,68719477351,CDG
180388626448,90194313421,CDG
180388626448,68719477352,CDG
180388626448,90194313422,CDG
180388626448,90194313423,CDG
180388626448,30064771706,CDG
180388626448,68719477347,CDG
180388626448,30064771707,CDG
180388626448,68719477348,CDG
180388626448,90194313418,CDG
180388626448,68719477349,CDG
180388626448,90194313419,CDG
180388626448,68719477350,CDG
180388626448,30064771730,CDG
180388626448,90194313440,CDG
180388626448,30064771731,CDG
180388626448,30064771732,CDG
180388626448,30064771726,CDG
180388626448,68719477367,CDG
180388626448,90194313439,CDG
180388626448,68719477364,CDG
180388626448,68719477365,CDG
180388626448,30064771725,CDG
180388626448,68719477366,CDG
180388626448,68719477384,CDG
180388626448,68719477385,CDG
180388626448,68719477386,CDG
180388626448,68719477380,CDG
180388626448,55834574952,CDG
180388626448,55834574947,CDG
180388626448,180388626447,CDG
180388626448,180388626448,CDG
180388626449,90194313443,CDG
180388626449,30064771750,CDG
180388626449,30064771746,CDG
180388626449,30064771747,CDG
180388626449,30064771748,CDG
180388626449,30064771749,CDG
180388626449,30064771745,CDG
180388626449,68719477403,CDG
180388626449,68719477404,CDG
180388626449,68719477400,CDG
180388626449,68719477401,CDG
180388626449,68719477402,CDG
180388626449,55834574955,CDG
180388626449,180388626449,CDG
180388626450,68719477455,CDG
180388626450,68719477456,CDG
180388626450,68719477457,CDG
180388626450,68719477458,CDG
180388626450,30064771817,CDG
180388626450,30064771810,CDG
180388626450,30064771811,CDG
180388626450,30064771812,CDG
180388626450,68719477454,CDG
180388626450,30064771813,CDG
180388626450,30064771806,CDG
180388626450,30064771807,CDG
180388626450,30064771808,CDG
180388626450,30064771809,CDG
180388626450,30064771802,CDG
180388626450,30064771803,CDG
180388626450,30064771804,CDG
180388626450,30064771805,CDG
180388626450,68719477467,CDG
180388626450,68719477468,CDG
180388626450,68719477466,CDG
180388626450,68719477459,CDG
180388626450,30064771818,CDG
180388626450,68719477460,CDG
180388626450,30064771819,CDG
180388626450,68719477461,CDG
180388626450,68719477462,CDG
180388626450,25769803936,CDG
180388626450,90194313472,CDG
180388626450,90194313473,CDG
180388626450,90194313468,CDG
180388626450,55834574964,CDG
180388626450,90194313469,CDG
180388626450,90194313470,CDG
180388626450,90194313471,CDG
180388626450,90194313465,CDG
180388626450,90194313466,CDG
180388626450,55834574962,CDG
180388626450,90194313467,CDG
180388626450,30064771799,CDG
180388626450,30064771800,CDG
180388626450,30064771801,CDG
180388626450,180388626450,CDG
180388626451,90194313477,CDG
180388626451,90194313478,CDG
180388626451,68719477483,CDG
180388626451,68719477484,CDG
180388626451,68719477482,CDG
180388626451,68719477475,CDG
180388626451,68719477476,CDG
180388626451,68719477477,CDG
180388626451,68719477478,CDG
180388626451,180388626451,CDG
180388626451,30064771830,CDG
180388626451,30064771831,CDG
180388626451,30064771827,CDG
180388626451,30064771828,CDG
180388626451,30064771829,CDG
180388626451,30064771835,CDG
180388626451,30064771836,CDG
180388626451,30064771837,CDG
180388626451,55834574965,CDG
180388626451,55834574967,CDG
180388626452,90194313481,CDG
180388626452,68719477503,CDG
180388626452,68719477504,CDG
180388626452,68719477505,CDG
180388626452,68719477506,CDG
180388626452,68719477502,CDG
180388626452,180388626452,CDG
180388626452,30064771858,CDG
180388626452,30064771854,CDG
180388626452,30064771855,CDG
180388626452,30064771856,CDG
180388626452,30064771857,CDG
180388626452,30064771853,CDG
180388626452,55834574970,CDG
180388626453,68719477531,CDG
180388626453,68719477532,CDG
180388626453,68719477533,CDG
180388626453,68719477534,CDG
180388626453,68719477528,CDG
180388626453,68719477529,CDG
180388626453,68719477530,CDG
180388626453,180388626453,CDG
180388626453,30064771881,CDG
180388626453,55834574974,CDG
180388626453,55834574975,CDG
180388626453,30064771886,CDG
180388626453,30064771887,CDG
180388626453,30064771888,CDG
180388626453,30064771889,CDG
180388626453,30064771882,CDG
180388626453,30064771883,CDG
180388626453,30064771884,CDG
180388626453,30064771885,CDG
180388626453,55834574976,CDG
180388626454,90194313500,CDG
180388626454,90194313499,CDG
180388626454,55834574980,CDG
180388626454,68719477567,CDG
180388626454,68719477568,CDG
180388626454,68719477569,CDG
180388626454,68719477570,CDG
180388626454,30064771922,CDG
180388626454,180388626454,CDG
180388626454,30064771923,CDG
180388626454,30064771924,CDG
180388626454,68719477566,CDG
180388626454,30064771925,CDG
180388626454,30064771919,CDG
180388626454,30064771920,CDG
180388626454,30064771921,CDG
180388626455,30064771942,CDG
180388626455,30064771943,CDG
180388626455,30064771944,CDG
180388626455,30064771945,CDG
180388626455,30064771941,CDG
180388626455,68719477591,CDG
180388626455,68719477587,CDG
180388626455,30064771946,CDG
180388626455,68719477588,CDG
180388626455,30064771947,CDG
180388626455,68719477589,CDG
180388626455,68719477590,CDG
180388626455,90194313505,CDG
180388626455,90194313506,CDG
180388626455,55834574983,CDG
180388626455,180388626455,CDG
180388626456,68719477727,CDG
180388626456,30064772086,CDG
180388626456,68719477728,CDG
180388626456,30064772087,CDG
180388626456,68719477729,CDG
180388626456,30064772088,CDG
180388626456,30064772089,CDG
180388626456,68719477723,CDG
180388626456,30064772082,CDG
180388626456,68719477724,CDG
180388626456,30064772083,CDG
180388626456,68719477725,CDG
180388626456,30064772084,CDG
180388626456,68719477726,CDG
180388626456,30064772085,CDG
180388626456,68719477719,CDG
180388626456,68719477720,CDG
180388626456,68719477721,CDG
180388626456,30064772080,CDG
180388626456,68719477722,CDG
180388626456,30064772081,CDG
180388626456,30064772096,CDG
180388626456,30064772090,CDG
180388626456,30064772091,CDG
180388626456,30064772092,CDG
180388626456,30064772093,CDG
180388626456,68719477759,CDG
180388626456,30064772118,CDG
180388626456,30064772119,CDG
180388626456,30064772120,CDG
180388626456,68719477757,CDG
180388626456,68719477758,CDG
180388626456,90194313600,CDG
180388626456,90194313601,CDG
180388626456,90194313596,CDG
180388626456,90194313597,CDG
180388626456,90194313598,CDG
180388626456,90194313599,CDG
180388626456,180388626456,CDG
180388626456,55834574992,CDG
180388626457,30064772134,CDG
180388626457,30064772135,CDG
180388626457,68719477772,CDG
180388626457,68719477773,CDG
180388626457,68719477774,CDG
180388626457,30064772133,CDG
180388626457,68719477767,CDG
180388626457,30064772126,CDG
180388626457,68719477768,CDG
180388626457,30064772127,CDG
180388626457,30064772128,CDG
180388626457,30064772129,CDG
180388626457,68719477763,CDG
180388626457,68719477764,CDG
180388626457,68719477765,CDG
180388626457,30064772124,CDG
180388626457,68719477766,CDG
180388626457,30064772125,CDG
180388626457,90194313609,CDG
180388626457,180388626457,CDG
180388626457,55834574996,CDG
180388626457,25769804016,CDG
180388626457,55834574993,CDG
180388626457,55834574994,CDG
