30064771083,146028888064,TAGGED_BY
30064771085,146028888065,TAGGED_BY
30064771087,146028888066,TAGGED_BY
30064771089,146028888067,TAGGED_BY
30064771091,146028888068,TAGGED_BY
30064771093,146028888069,TAGGED_BY
30064771095,146028888070,TAGGED_BY
30064771101,146028888071,TAGGED_BY
30064772025,146028888072,TAGGED_BY
30064772070,146028888073,TAGGED_BY
30064772070,146028888074,TAGGED_BY
30064772072,146028888075,TAGGED_BY
30064772072,146028888076,TAGGED_BY
30064772074,146028888077,TAGGED_BY
30064772074,146028888078,TAGGED_BY
30064772076,146028888079,TAGGED_BY
30064772076,146028888080,TAGGED_BY
30064772153,146028888081,TAGGED_BY
30064772155,146028888082,TAGGED_BY
30064772157,146028888083,TAGGED_BY
30064772157,146028888084,TAGGED_BY
30064772159,146028888085,TAGGED_BY
30064772159,146028888086,TAGGED_BY
