30064771072,68719476736,ARGUMENT
30064771072,176093659136,ARGUMENT
30064771073,68719476737,ARGUMENT
30064771073,176093659137,ARGUMENT
30064771074,68719476738,ARGUMENT
30064771074,176093659138,ARGUMENT
30064771075,68719476739,ARGUMENT
30064771075,176093659139,ARGUMENT
30064771076,68719476740,ARGUMENT
30064771076,176093659140,ARGUMENT
30064771077,68719476741,ARGUMENT
30064771077,176093659141,ARGUMENT
30064771078,68719476742,ARGUMENT
30064771078,176093659142,ARGUMENT
30064771079,68719476743,ARGUMENT
30064771079,176093659143,ARGUMENT
30064771080,68719476744,ARGUMENT
30064771080,176093659144,ARGUMENT
30064771081,68719476745,ARGUMENT
30064771081,176093659145,ARGUMENT
30064771082,68719476746,ARGUMENT
30064771082,176093659146,ARGUMENT
30064771083,90194313216,ARGUMENT
30064771083,90194313217,ARGUMENT
30064771084,68719476747,ARGUMENT
30064771084,30064771083,ARGUMENT
30064771085,90194313218,ARGUMENT
30064771085,90194313219,ARGUMENT
30064771086,68719476749,ARGUMENT
30064771086,30064771085,ARGUMENT
30064771087,90194313220,ARGUMENT
30064771087,90194313221,ARGUMENT
30064771088,68719476751,ARGUMENT
30064771088,30064771087,ARGUMENT
30064771089,90194313222,ARGUMENT
30064771089,90194313223,ARGUMENT
30064771090,68719476753,ARGUMENT
30064771090,30064771089,ARGUMENT
30064771091,90194313224,ARGUMENT
30064771091,90194313225,ARGUMENT
30064771092,68719476755,ARGUMENT
30064771092,30064771091,ARGUMENT
30064771093,90194313226,ARGUMENT
30064771093,90194313227,ARGUMENT
30064771094,68719476757,ARGUMENT
30064771094,30064771093,ARGUMENT
30064771095,90194313228,ARGUMENT
30064771095,90194313229,ARGUMENT
30064771096,68719476759,ARGUMENT
30064771096,30064771095,ARGUMENT
30064771097,68719476761,ARGUMENT
30064771097,55834574848,ARGUMENT
30064771098,68719476762,ARGUMENT
30064771098,30064771097,ARGUMENT
30064771099,68719476763,ARGUMENT
30064771099,55834574849,ARGUMENT
30064771100,68719476764,ARGUMENT
30064771100,90194313230,ARGUMENT
30064771101,90194313231,ARGUMENT
30064771101,90194313232,ARGUMENT
30064771102,68719476765,ARGUMENT
30064771102,30064771101,ARGUMENT
30064771103,68719476767,ARGUMENT
30064771103,55834574850,ARGUMENT
30064771104,30064771103,ARGUMENT
30064771104,55834574851,ARGUMENT
30064771105,68719476768,ARGUMENT
30064771105,55834574852,ARGUMENT
30064771106,68719476769,ARGUMENT
30064771106,30064771104,ARGUMENT
30064771106,90194313233,ARGUMENT
30064771107,68719476770,ARGUMENT
30064771107,55834574853,ARGUMENT
30064771108,30064771107,ARGUMENT
30064771108,30064771106,ARGUMENT
30064771109,68719476771,ARGUMENT
30064771109,55834574854,ARGUMENT
30064771110,30064771109,ARGUMENT
30064771110,55834574855,ARGUMENT
30064771111,68719476772,ARGUMENT
30064771111,55834574856,ARGUMENT
30064771112,68719476773,ARGUMENT
30064771112,30064771110,ARGUMENT
30064771112,90194313234,ARGUMENT
30064771113,68719476774,ARGUMENT
30064771113,55834574857,ARGUMENT
30064771114,30064771113,ARGUMENT
30064771114,30064771112,ARGUMENT
30064771115,68719476775,ARGUMENT
30064771115,90194313235,ARGUMENT
30064771116,68719476776,ARGUMENT
30064771116,90194313236,ARGUMENT
30064771117,68719476777,ARGUMENT
30064771117,90194313237,ARGUMENT
30064771118,68719476778,ARGUMENT
30064771118,90194313238,ARGUMENT
30064771119,68719476781,ARGUMENT
30064771119,55834574858,ARGUMENT
30064771120,68719476782,ARGUMENT
30064771120,30064771119,ARGUMENT
30064771121,68719476783,ARGUMENT
30064771121,55834574859,ARGUMENT
30064771122,68719476784,ARGUMENT
30064771122,68719476780,ARGUMENT
30064771123,68719476786,ARGUMENT
30064771123,55834574860,ARGUMENT
30064771124,68719476787,ARGUMENT
30064771124,30064771123,ARGUMENT
30064771125,68719476788,ARGUMENT
30064771125,55834574861,ARGUMENT
30064771126,68719476789,ARGUMENT
30064771126,68719476785,ARGUMENT
30064771127,25769803781,ARGUMENT
30064771127,90194313240,ARGUMENT
30064771128,25769803780,ARGUMENT
30064771128,30064771127,ARGUMENT
30064771129,68719476791,ARGUMENT
30064771129,55834574862,ARGUMENT
30064771130,68719476792,ARGUMENT
30064771130,68719476790,ARGUMENT
30064771131,68719476793,ARGUMENT
30064771131,90194313241,ARGUMENT
30064771132,68719476795,ARGUMENT
30064771132,30064771131,ARGUMENT
30064771133,68719476796,ARGUMENT
30064771133,55834574863,ARGUMENT
30064771134,68719476797,ARGUMENT
30064771134,30064771133,ARGUMENT
30064771135,68719476798,ARGUMENT
30064771135,55834574864,ARGUMENT
30064771136,68719476799,ARGUMENT
30064771136,30064771135,ARGUMENT
30064771137,68719476801,ARGUMENT
30064771138,68719476802,ARGUMENT
30064771138,30064771137,ARGUMENT
30064771139,68719476804,ARGUMENT
30064771139,68719476803,ARGUMENT
30064771140,68719476806,ARGUMENT
30064771143,68719476779,ARGUMENT
30064771143,120259084288,ARGUMENT
30064771144,68719476810,ARGUMENT
30064771144,55834574865,ARGUMENT
30064771145,68719476811,ARGUMENT
30064771145,68719476808,ARGUMENT
30064771145,68719476809,ARGUMENT
30064771145,90194313243,ARGUMENT
30064771146,68719476812,ARGUMENT
30064771146,90194313244,ARGUMENT
30064771147,68719476814,ARGUMENT
30064771147,30064771146,ARGUMENT
30064771148,68719476815,ARGUMENT
30064771148,55834574866,ARGUMENT
30064771149,68719476816,ARGUMENT
30064771149,30064771148,ARGUMENT
30064771150,68719476817,ARGUMENT
30064771150,55834574867,ARGUMENT
30064771151,68719476818,ARGUMENT
30064771151,30064771150,ARGUMENT
30064771152,68719476820,ARGUMENT
30064771153,68719476821,ARGUMENT
30064771153,30064771152,ARGUMENT
30064771154,68719476823,ARGUMENT
30064771154,68719476822,ARGUMENT
30064771155,68719476825,ARGUMENT
30064771156,68719476807,ARGUMENT
30064771156,120259084289,ARGUMENT
30064771157,68719476828,ARGUMENT
30064771157,55834574868,ARGUMENT
30064771158,68719476829,ARGUMENT
30064771158,30064771157,ARGUMENT
30064771159,68719476830,ARGUMENT
30064771159,55834574869,ARGUMENT
30064771160,68719476831,ARGUMENT
30064771160,68719476827,ARGUMENT
30064771161,25769803794,ARGUMENT
30064771163,68719476832,ARGUMENT
30064771163,30064771162,ARGUMENT
30064771164,68719476833,ARGUMENT
30064771164,90194313246,ARGUMENT
30064771165,30064771164,ARGUMENT
30064771165,90194313247,ARGUMENT
30064771166,68719476834,ARGUMENT
30064771166,90194313248,ARGUMENT
30064771167,30064771166,ARGUMENT
30064771167,90194313249,ARGUMENT
30064771168,68719476835,ARGUMENT
30064771168,90194313250,ARGUMENT
30064771169,30064771168,ARGUMENT
30064771169,90194313251,ARGUMENT
30064771170,68719476836,ARGUMENT
30064771170,90194313252,ARGUMENT
30064771171,90194313253,ARGUMENT
30064771171,90194313254,ARGUMENT
30064771172,30064771170,ARGUMENT
30064771172,30064771171,ARGUMENT
30064771174,68719476838,ARGUMENT
30064771174,30064771173,ARGUMENT
30064771175,68719476839,ARGUMENT
30064771175,90194313255,ARGUMENT
30064771176,30064771175,ARGUMENT
30064771176,90194313256,ARGUMENT
30064771177,68719476840,ARGUMENT
30064771177,90194313257,ARGUMENT
30064771178,30064771177,ARGUMENT
30064771178,90194313258,ARGUMENT
30064771179,68719476841,ARGUMENT
30064771179,90194313259,ARGUMENT
30064771180,30064771179,ARGUMENT
30064771180,90194313260,ARGUMENT
30064771181,68719476842,ARGUMENT
30064771181,90194313261,ARGUMENT
30064771182,90194313262,ARGUMENT
30064771182,90194313263,ARGUMENT
30064771183,30064771181,ARGUMENT
30064771183,30064771182,ARGUMENT
30064771184,25769803795,ARGUMENT
30064771184,25769803796,ARGUMENT
30064771185,68719476844,ARGUMENT
30064771185,30064771184,ARGUMENT
30064771186,68719476845,ARGUMENT
30064771186,68719476846,ARGUMENT
30064771187,68719476848,ARGUMENT
30064771188,68719476850,ARGUMENT
30064771188,30064771187,ARGUMENT
30064771190,68719476851,ARGUMENT
30064771190,30064771189,ARGUMENT
30064771191,68719476852,ARGUMENT
30064771191,55834574870,ARGUMENT
30064771192,68719476853,ARGUMENT
30064771192,90194313264,ARGUMENT
30064771193,68719476854,ARGUMENT
30064771193,55834574871,ARGUMENT
30064771194,68719476855,ARGUMENT
30064771194,30064771192,ARGUMENT
30064771195,68719476856,ARGUMENT
30064771195,55834574872,ARGUMENT
30064771196,68719476857,ARGUMENT
30064771197,68719476858,ARGUMENT
30064771197,30064771196,ARGUMENT
30064771198,68719476859,ARGUMENT
30064771198,55834574873,ARGUMENT
30064771199,68719476860,ARGUMENT
30064771200,68719476861,ARGUMENT
30064771200,30064771199,ARGUMENT
30064771201,25769803800,ARGUMENT
30064771202,30064771201,ARGUMENT
30064771203,68719476864,ARGUMENT
30064771203,55834574874,ARGUMENT
30064771204,68719476865,ARGUMENT
30064771204,90194313265,ARGUMENT
30064771205,68719476866,ARGUMENT
30064771205,30064771204,ARGUMENT
30064771206,68719476867,ARGUMENT
30064771206,55834574875,ARGUMENT
30064771207,68719476868,ARGUMENT
30064771208,68719476869,ARGUMENT
30064771208,25769803801,ARGUMENT
30064771210,68719476870,ARGUMENT
30064771210,30064771209,ARGUMENT
30064771211,68719476871,ARGUMENT
30064771211,90194313266,ARGUMENT
30064771212,30064771211,ARGUMENT
30064771212,90194313267,ARGUMENT
30064771213,68719476872,ARGUMENT
30064771213,90194313268,ARGUMENT
30064771214,30064771213,ARGUMENT
30064771214,90194313269,ARGUMENT
30064771215,68719476873,ARGUMENT
30064771215,90194313270,ARGUMENT
30064771216,30064771215,ARGUMENT
30064771216,90194313271,ARGUMENT
30064771217,68719476874,ARGUMENT
30064771217,90194313272,ARGUMENT
30064771218,90194313273,ARGUMENT
30064771218,68719476875,ARGUMENT
30064771219,30064771217,ARGUMENT
30064771219,30064771218,ARGUMENT
30064771220,68719476877,ARGUMENT
30064771220,90194313274,ARGUMENT
30064771221,30064771220,ARGUMENT
30064771221,68719476878,ARGUMENT
30064771222,68719476879,ARGUMENT
30064771222,90194313275,ARGUMENT
30064771223,30064771222,ARGUMENT
30064771223,90194313276,ARGUMENT
30064771224,68719476880,ARGUMENT
30064771224,90194313277,ARGUMENT
30064771225,30064771224,ARGUMENT
30064771225,90194313278,ARGUMENT
30064771226,68719476881,ARGUMENT
30064771226,90194313279,ARGUMENT
30064771227,30064771226,ARGUMENT
30064771227,90194313280,ARGUMENT
30064771228,68719476883,ARGUMENT
30064771228,25769803802,ARGUMENT
30064771229,68719476885,ARGUMENT
30064771229,55834574876,ARGUMENT
30064771230,68719476886,ARGUMENT
30064771230,68719476884,ARGUMENT
30064771231,68719476887,ARGUMENT
30064771231,68719476888,ARGUMENT
30064771232,68719476891,ARGUMENT
30064771232,55834574877,ARGUMENT
30064771233,68719476892,ARGUMENT
30064771233,30064771232,ARGUMENT
30064771234,68719476893,ARGUMENT
30064771234,55834574878,ARGUMENT
30064771235,68719476894,ARGUMENT
30064771235,68719476890,ARGUMENT
30064771236,25769803804,ARGUMENT
30064771238,68719476895,ARGUMENT
30064771238,30064771237,ARGUMENT
30064771239,68719476826,ARGUMENT
30064771239,120259084290,ARGUMENT
30064771240,68719476898,ARGUMENT
30064771241,68719476900,ARGUMENT
30064771241,30064771240,ARGUMENT
30064771242,68719476901,ARGUMENT
30064771242,55834574879,ARGUMENT
30064771243,68719476902,ARGUMENT
30064771244,68719476903,ARGUMENT
30064771244,25769803807,ARGUMENT
30064771245,68719476904,ARGUMENT
30064771246,90194313283,ARGUMENT
30064771247,68719476907,ARGUMENT
30064771248,30064771247,ARGUMENT
30064771249,68719476906,ARGUMENT
30064771249,30064771248,ARGUMENT
30064771250,68719476909,ARGUMENT
30064771251,68719476897,ARGUMENT
30064771251,120259084291,ARGUMENT
30064771252,68719476913,ARGUMENT
30064771253,68719476915,ARGUMENT
30064771253,30064771252,ARGUMENT
30064771254,68719476916,ARGUMENT
30064771254,55834574880,ARGUMENT
30064771255,68719476917,ARGUMENT
30064771256,68719476918,ARGUMENT
30064771256,25769803812,ARGUMENT
30064771257,68719476919,ARGUMENT
30064771257,55834574881,ARGUMENT
30064771258,68719476920,ARGUMENT
30064771259,68719476921,ARGUMENT
30064771260,90194313286,ARGUMENT
30064771261,68719476912,ARGUMENT
30064771261,120259084292,ARGUMENT
30064771262,68719476925,ARGUMENT
30064771263,68719476927,ARGUMENT
30064771263,30064771262,ARGUMENT
30064771264,68719476928,ARGUMENT
30064771264,55834574882,ARGUMENT
30064771265,68719476929,ARGUMENT
30064771266,68719476930,ARGUMENT
30064771266,25769803816,ARGUMENT
30064771267,68719476932,ARGUMENT
30064771267,55834574883,ARGUMENT
30064771268,68719476933,ARGUMENT
30064771268,30064771267,ARGUMENT
30064771269,68719476934,ARGUMENT
30064771269,55834574884,ARGUMENT
30064771270,68719476935,ARGUMENT
30064771270,68719476931,ARGUMENT
30064771271,90194313289,ARGUMENT
30064771272,68719476924,ARGUMENT
30064771272,120259084293,ARGUMENT
30064771273,68719476939,ARGUMENT
30064771274,30064771273,ARGUMENT
30064771274,90194313291,ARGUMENT
30064771275,30064771274,ARGUMENT
30064771276,68719476941,ARGUMENT
30064771276,30064771275,ARGUMENT
30064771277,68719476942,ARGUMENT
30064771277,55834574885,ARGUMENT
30064771278,68719476943,ARGUMENT
30064771279,68719476944,ARGUMENT
30064771279,25769803823,ARGUMENT
30064771280,68719476945,ARGUMENT
30064771280,55834574886,ARGUMENT
30064771281,68719476946,ARGUMENT
30064771282,25769803824,ARGUMENT
30064771282,90194313292,ARGUMENT
30064771283,68719476938,ARGUMENT
30064771283,120259084294,ARGUMENT
30064771284,68719476948,ARGUMENT
30064771284,68719476949,ARGUMENT
30064771285,68719476950,ARGUMENT
30064771285,30064771284,ARGUMENT
30064771286,68719476951,ARGUMENT
30064771286,55834574887,ARGUMENT
30064771287,68719476952,ARGUMENT
30064771288,68719476953,ARGUMENT
30064771288,55834574888,ARGUMENT
30064771289,68719476954,ARGUMENT
30064771289,25769803826,ARGUMENT
30064771290,68719476955,ARGUMENT
30064771290,30064771289,ARGUMENT
30064771291,68719476956,ARGUMENT
30064771291,55834574889,ARGUMENT
30064771292,68719476957,ARGUMENT
30064771293,68719476947,ARGUMENT
30064771293,120259084295,ARGUMENT
30064771294,68719476960,ARGUMENT
30064771294,55834574890,ARGUMENT
30064771295,68719476961,ARGUMENT
30064771295,90194313293,ARGUMENT
30064771295,68719476959,ARGUMENT
30064771296,30064771295,ARGUMENT
30064771297,68719476958,ARGUMENT
30064771297,120259084296,ARGUMENT
30064771298,68719476965,ARGUMENT
30064771298,55834574891,ARGUMENT
30064771299,68719476966,ARGUMENT
30064771299,90194313294,ARGUMENT
30064771299,68719476964,ARGUMENT
30064771300,30064771299,ARGUMENT
30064771301,68719476963,ARGUMENT
30064771301,120259084297,ARGUMENT
30064771302,68719476970,ARGUMENT
30064771302,55834574892,ARGUMENT
30064771303,68719476971,ARGUMENT
30064771303,90194313295,ARGUMENT
30064771303,68719476969,ARGUMENT
30064771304,30064771303,ARGUMENT
30064771305,68719476968,ARGUMENT
30064771305,120259084298,ARGUMENT
30064771306,90194313297,ARGUMENT
30064771307,90194313298,ARGUMENT
30064771308,68719476976,ARGUMENT
30064771308,30064771307,ARGUMENT
30064771309,90194313299,ARGUMENT
30064771309,68719476977,ARGUMENT
30064771309,90194313300,ARGUMENT
30064771310,68719476979,ARGUMENT
30064771310,30064771309,ARGUMENT
30064771311,90194313301,ARGUMENT
30064771311,68719476980,ARGUMENT
30064771311,90194313302,ARGUMENT
30064771312,68719476982,ARGUMENT
30064771312,30064771311,ARGUMENT
30064771313,90194313303,ARGUMENT
30064771313,68719476983,ARGUMENT
30064771313,90194313304,ARGUMENT
30064771314,68719476985,ARGUMENT
30064771314,30064771313,ARGUMENT
30064771315,68719476986,ARGUMENT
30064771316,30064771315,ARGUMENT
30064771316,90194313306,ARGUMENT
30064771317,90194313305,ARGUMENT
30064771317,120259084300,ARGUMENT
30064771317,90194313307,ARGUMENT
30064771318,68719476989,ARGUMENT
30064771318,30064771317,ARGUMENT
30064771319,68719476990,ARGUMENT
30064771320,68719476992,ARGUMENT
30064771320,30064771319,ARGUMENT
30064771322,68719476993,ARGUMENT
30064771322,30064771321,ARGUMENT
30064771323,68719476994,ARGUMENT
30064771323,90194313308,ARGUMENT
30064771324,30064771323,ARGUMENT
30064771324,68719476995,ARGUMENT
30064771325,68719476996,ARGUMENT
30064771325,55834574893,ARGUMENT
30064771326,68719476997,ARGUMENT
30064771326,30064771324,ARGUMENT
30064771327,68719476998,ARGUMENT
30064771327,55834574894,ARGUMENT
30064771328,68719476999,ARGUMENT
30064771329,68719477000,ARGUMENT
30064771329,30064771328,ARGUMENT
30064771330,68719477001,ARGUMENT
30064771330,55834574895,ARGUMENT
30064771331,68719477002,ARGUMENT
30064771332,68719477003,ARGUMENT
30064771332,30064771331,ARGUMENT
30064771333,25769803835,ARGUMENT
30064771334,90194313309,ARGUMENT
30064771336,68719477007,ARGUMENT
30064771336,30064771335,ARGUMENT
30064771337,68719477008,ARGUMENT
30064771337,90194313310,ARGUMENT
30064771338,68719477009,ARGUMENT
30064771338,55834574896,ARGUMENT
30064771339,68719477010,ARGUMENT
30064771339,30064771337,ARGUMENT
30064771340,68719477011,ARGUMENT
30064771340,55834574897,ARGUMENT
30064771341,68719477012,ARGUMENT
30064771342,68719477013,ARGUMENT
30064771342,30064771341,ARGUMENT
30064771343,68719477014,ARGUMENT
30064771343,55834574898,ARGUMENT
30064771344,68719477015,ARGUMENT
30064771345,68719477016,ARGUMENT
30064771345,30064771344,ARGUMENT
30064771346,25769803839,ARGUMENT
30064771346,90194313311,ARGUMENT
30064771347,30064771346,ARGUMENT
30064771347,90194313312,ARGUMENT
30064771348,68719477019,ARGUMENT
30064771348,30064771347,ARGUMENT
30064771349,68719477020,ARGUMENT
30064771349,55834574899,ARGUMENT
30064771350,68719477021,ARGUMENT
30064771350,90194313313,ARGUMENT
30064771351,68719477022,ARGUMENT
30064771351,30064771350,ARGUMENT
30064771352,68719477023,ARGUMENT
30064771352,55834574900,ARGUMENT
30064771353,68719477024,ARGUMENT
30064771354,68719477025,ARGUMENT
30064771354,25769803840,ARGUMENT
30064771356,68719477026,ARGUMENT
30064771356,30064771355,ARGUMENT
30064771357,68719477027,ARGUMENT
30064771357,90194313314,ARGUMENT
30064771358,30064771357,ARGUMENT
30064771358,68719477028,ARGUMENT
30064771359,68719477029,ARGUMENT
30064771359,90194313315,ARGUMENT
30064771360,30064771359,ARGUMENT
30064771360,68719477030,ARGUMENT
30064771361,68719477031,ARGUMENT
30064771361,90194313316,ARGUMENT
30064771362,30064771361,ARGUMENT
30064771362,68719477032,ARGUMENT
30064771363,68719477033,ARGUMENT
30064771363,90194313317,ARGUMENT
30064771364,68719477034,ARGUMENT
30064771364,68719477035,ARGUMENT
30064771365,30064771363,ARGUMENT
30064771365,30064771364,ARGUMENT
30064771366,68719477037,ARGUMENT
30064771366,90194313318,ARGUMENT
30064771367,30064771366,ARGUMENT
30064771367,68719477038,ARGUMENT
30064771368,68719477039,ARGUMENT
30064771368,90194313319,ARGUMENT
30064771369,30064771368,ARGUMENT
30064771369,68719477040,ARGUMENT
30064771370,68719477041,ARGUMENT
30064771370,90194313320,ARGUMENT
30064771371,30064771370,ARGUMENT
30064771371,68719477042,ARGUMENT
30064771372,68719477044,ARGUMENT
30064771372,55834574901,ARGUMENT
30064771373,68719477045,ARGUMENT
30064771373,25769803841,ARGUMENT
30064771374,68719477046,ARGUMENT
30064771374,68719477047,ARGUMENT
30064771375,68719477049,ARGUMENT
30064771376,90194313321,ARGUMENT
30064771376,30064771375,ARGUMENT
30064771376,90194313322,ARGUMENT
30064771377,30064771376,ARGUMENT
30064771378,68719476973,ARGUMENT
30064771378,120259084299,ARGUMENT
30064771379,90194313324,ARGUMENT
30064771380,90194313325,ARGUMENT
30064771381,68719477054,ARGUMENT
30064771381,30064771380,ARGUMENT
30064771382,68719477055,ARGUMENT
30064771383,68719477057,ARGUMENT
30064771383,30064771382,ARGUMENT
30064771385,68719477058,ARGUMENT
30064771385,30064771384,ARGUMENT
30064771386,68719477060,ARGUMENT
30064771386,55834574902,ARGUMENT
30064771387,68719477061,ARGUMENT
30064771387,68719477059,ARGUMENT
30064771388,68719477062,ARGUMENT
30064771388,55834574903,ARGUMENT
30064771389,68719477063,ARGUMENT
30064771390,68719477064,ARGUMENT
30064771390,30064771389,ARGUMENT
30064771391,68719477065,ARGUMENT
30064771391,55834574904,ARGUMENT
30064771392,68719477066,ARGUMENT
30064771393,68719477067,ARGUMENT
30064771393,30064771392,ARGUMENT
30064771394,68719477068,ARGUMENT
30064771394,55834574905,ARGUMENT
30064771395,68719477069,ARGUMENT
30064771395,90194313326,ARGUMENT
30064771396,30064771395,ARGUMENT
30064771397,25769803846,ARGUMENT
30064771397,90194313327,ARGUMENT
30064771398,68719477072,ARGUMENT
30064771398,30064771397,ARGUMENT
30064771399,68719477074,ARGUMENT
30064771399,55834574906,ARGUMENT
30064771400,68719477075,ARGUMENT
30064771400,90194313328,ARGUMENT
30064771400,90194313329,ARGUMENT
30064771401,68719477076,ARGUMENT
30064771401,30064771400,ARGUMENT
30064771402,68719477077,ARGUMENT
30064771402,90194313330,ARGUMENT
30064771403,68719477078,ARGUMENT
30064771403,68719477079,ARGUMENT
30064771404,30064771402,ARGUMENT
30064771404,30064771403,ARGUMENT
30064771405,90194313331,ARGUMENT
30064771406,68719477082,ARGUMENT
30064771407,68719477083,ARGUMENT
30064771408,90194313333,ARGUMENT
30064771408,30064771406,ARGUMENT
30064771408,90194313334,ARGUMENT
30064771408,30064771407,ARGUMENT
30064771408,90194313335,ARGUMENT
30064771409,30064771408,ARGUMENT
30064771410,68719477085,ARGUMENT
30064771410,90194313337,ARGUMENT
30064771411,90194313336,ARGUMENT
30064771411,30064771410,ARGUMENT
30064771412,68719477087,ARGUMENT
30064771412,30064771411,ARGUMENT
30064771413,68719477088,ARGUMENT
30064771413,55834574907,ARGUMENT
30064771414,68719477089,ARGUMENT
30064771415,68719477090,ARGUMENT
30064771415,25769803849,ARGUMENT
30064771416,68719477091,ARGUMENT
30064771416,55834574908,ARGUMENT
30064771417,68719477092,ARGUMENT
30064771418,68719477093,ARGUMENT
30064771418,30064771417,ARGUMENT
30064771419,90194313338,ARGUMENT
30064771420,68719477051,ARGUMENT
30064771420,120259084301,ARGUMENT
30064771421,90194313341,ARGUMENT
30064771422,90194313342,ARGUMENT
30064771423,68719477098,ARGUMENT
30064771423,30064771422,ARGUMENT
30064771424,68719477099,ARGUMENT
30064771424,55834574909,ARGUMENT
30064771425,68719477100,ARGUMENT
30064771426,68719477101,ARGUMENT
30064771426,25769803853,ARGUMENT
30064771427,90194313343,ARGUMENT
30064771428,68719477103,ARGUMENT
30064771428,30064771427,ARGUMENT
30064771429,68719477104,ARGUMENT
30064771430,68719477106,ARGUMENT
30064771430,30064771429,ARGUMENT
30064771431,68719477107,ARGUMENT
30064771431,55834574910,ARGUMENT
30064771432,68719477108,ARGUMENT
30064771432,90194313344,ARGUMENT
30064771433,30064771432,ARGUMENT
30064771434,68719477109,ARGUMENT
30064771434,90194313345,ARGUMENT
30064771435,30064771434,ARGUMENT
30064771435,68719477110,ARGUMENT
30064771436,30064771433,ARGUMENT
30064771436,30064771435,ARGUMENT
30064771437,68719477111,ARGUMENT
30064771437,55834574911,ARGUMENT
30064771438,68719477112,ARGUMENT
30064771438,90194313346,ARGUMENT
30064771438,90194313347,ARGUMENT
30064771439,68719477113,ARGUMENT
30064771439,30064771438,ARGUMENT
30064771440,68719477114,ARGUMENT
30064771440,90194313348,ARGUMENT
30064771441,68719477115,ARGUMENT
30064771441,68719477116,ARGUMENT
30064771442,30064771440,ARGUMENT
30064771442,30064771441,ARGUMENT
30064771443,68719477118,ARGUMENT
30064771443,90194313350,ARGUMENT
30064771444,30064771443,ARGUMENT
30064771445,90194313349,ARGUMENT
30064771445,30064771444,ARGUMENT
30064771445,90194313351,ARGUMENT
30064771446,30064771445,ARGUMENT
30064771447,68719477121,ARGUMENT
30064771447,55834574912,ARGUMENT
30064771448,68719477122,ARGUMENT
30064771449,68719477123,ARGUMENT
30064771449,30064771448,ARGUMENT
30064771450,68719477124,ARGUMENT
30064771450,55834574913,ARGUMENT
30064771451,68719477125,ARGUMENT
30064771452,68719477126,ARGUMENT
30064771452,30064771451,ARGUMENT
30064771453,68719477127,ARGUMENT
30064771454,68719477128,ARGUMENT
30064771455,90194313352,ARGUMENT
30064771455,30064771453,ARGUMENT
30064771455,90194313353,ARGUMENT
30064771455,30064771454,ARGUMENT
30064771455,90194313354,ARGUMENT
30064771456,30064771455,ARGUMENT
30064771457,68719477130,ARGUMENT
30064771457,90194313356,ARGUMENT
30064771458,90194313355,ARGUMENT
30064771458,30064771457,ARGUMENT
30064771459,68719477132,ARGUMENT
30064771459,30064771458,ARGUMENT
30064771460,68719477133,ARGUMENT
30064771460,55834574914,ARGUMENT
30064771461,68719477134,ARGUMENT
30064771462,68719477135,ARGUMENT
30064771462,25769803858,ARGUMENT
30064771463,68719477136,ARGUMENT
30064771463,55834574915,ARGUMENT
30064771464,68719477137,ARGUMENT
30064771465,68719477138,ARGUMENT
30064771465,30064771464,ARGUMENT
30064771466,90194313357,ARGUMENT
30064771467,68719477095,ARGUMENT
30064771467,120259084302,ARGUMENT
30064771468,90194313360,ARGUMENT
30064771469,90194313361,ARGUMENT
30064771470,90194313362,ARGUMENT
30064771471,90194313363,ARGUMENT
30064771472,68719477145,ARGUMENT
30064771472,30064771471,ARGUMENT
30064771473,68719477146,ARGUMENT
30064771473,90194313364,ARGUMENT
30064771474,90194313365,ARGUMENT
30064771475,68719477148,ARGUMENT
30064771475,30064771474,ARGUMENT
30064771476,90194313366,ARGUMENT
30064771477,68719477150,ARGUMENT
30064771477,30064771476,ARGUMENT
30064771479,68719477151,ARGUMENT
30064771479,30064771478,ARGUMENT
30064771480,68719477152,ARGUMENT
30064771480,55834574916,ARGUMENT
30064771481,68719477153,ARGUMENT
30064771482,68719477154,ARGUMENT
30064771482,55834574917,ARGUMENT
30064771483,68719477155,ARGUMENT
30064771483,30064771481,ARGUMENT
30064771484,90194313368,ARGUMENT
30064771485,68719477157,ARGUMENT
30064771485,30064771484,ARGUMENT
30064771486,68719477158,ARGUMENT
30064771486,55834574918,ARGUMENT
30064771487,68719477159,ARGUMENT
30064771487,90194313367,ARGUMENT
30064771488,68719477160,ARGUMENT
30064771488,25769803862,ARGUMENT
30064771489,68719477161,ARGUMENT
30064771489,55834574919,ARGUMENT
30064771490,68719477162,ARGUMENT
30064771491,68719477163,ARGUMENT
30064771491,25769803863,ARGUMENT
30064771492,68719477164,ARGUMENT
30064771492,55834574920,ARGUMENT
30064771493,68719477165,ARGUMENT
30064771494,68719477166,ARGUMENT
30064771494,30064771493,ARGUMENT
30064771495,68719477167,ARGUMENT
30064771495,55834574921,ARGUMENT
30064771496,68719477168,ARGUMENT
30064771497,30064771496,ARGUMENT
30064771498,68719477170,ARGUMENT
30064771498,25769803867,ARGUMENT
30064771499,68719477171,ARGUMENT
30064771500,90194313369,ARGUMENT
30064771501,68719477173,ARGUMENT
30064771502,68719477175,ARGUMENT
30064771502,30064771501,ARGUMENT
30064771504,68719477176,ARGUMENT
30064771504,30064771503,ARGUMENT
30064771505,68719477177,ARGUMENT
30064771505,90194313370,ARGUMENT
30064771506,68719477178,ARGUMENT
30064771506,55834574922,ARGUMENT
30064771507,68719477179,ARGUMENT
30064771507,30064771505,ARGUMENT
30064771508,68719477180,ARGUMENT
30064771508,55834574923,ARGUMENT
30064771509,68719477181,ARGUMENT
30064771510,68719477182,ARGUMENT
30064771510,30064771509,ARGUMENT
30064771511,68719477183,ARGUMENT
30064771511,55834574924,ARGUMENT
30064771512,68719477184,ARGUMENT
30064771513,68719477185,ARGUMENT
30064771513,30064771512,ARGUMENT
30064771514,25769803871,ARGUMENT
30064771514,90194313371,ARGUMENT
30064771515,30064771514,ARGUMENT
30064771515,90194313372,ARGUMENT
30064771516,68719477188,ARGUMENT
30064771516,30064771515,ARGUMENT
30064771518,68719477189,ARGUMENT
30064771518,30064771517,ARGUMENT
30064771519,68719477190,ARGUMENT
30064771519,90194313373,ARGUMENT
30064771520,30064771519,ARGUMENT
30064771520,68719477191,ARGUMENT
30064771521,68719477192,ARGUMENT
30064771521,90194313374,ARGUMENT
30064771522,30064771521,ARGUMENT
30064771522,68719477193,ARGUMENT
30064771523,68719477194,ARGUMENT
30064771523,90194313375,ARGUMENT
30064771524,30064771523,ARGUMENT
30064771524,68719477195,ARGUMENT
30064771525,68719477196,ARGUMENT
30064771525,90194313376,ARGUMENT
30064771526,30064771525,ARGUMENT
30064771526,68719477197,ARGUMENT
30064771527,68719477199,ARGUMENT
30064771527,55834574925,ARGUMENT
30064771528,68719477200,ARGUMENT
30064771528,25769803872,ARGUMENT
30064771529,68719477201,ARGUMENT
30064771529,68719477202,ARGUMENT
30064771530,68719477204,ARGUMENT
30064771531,68719477205,ARGUMENT
30064771532,90194313377,ARGUMENT
30064771532,30064771530,ARGUMENT
30064771532,90194313378,ARGUMENT
30064771532,30064771531,ARGUMENT
30064771532,90194313379,ARGUMENT
30064771533,30064771532,ARGUMENT
30064771534,68719477207,ARGUMENT
30064771534,90194313380,ARGUMENT
30064771535,68719477208,ARGUMENT
30064771536,68719477210,ARGUMENT
30064771536,30064771535,ARGUMENT
30064771537,68719477211,ARGUMENT
30064771538,90194313381,ARGUMENT
30064771539,90194313382,ARGUMENT
30064771540,68719477214,ARGUMENT
30064771540,30064771539,ARGUMENT
30064771542,68719477215,ARGUMENT
30064771542,30064771541,ARGUMENT
30064771543,68719477217,ARGUMENT
30064771543,55834574926,ARGUMENT
30064771544,68719477218,ARGUMENT
30064771544,68719477216,ARGUMENT
30064771545,68719477219,ARGUMENT
30064771545,55834574927,ARGUMENT
30064771546,68719477220,ARGUMENT
30064771547,68719477221,ARGUMENT
30064771547,30064771546,ARGUMENT
30064771548,68719477222,ARGUMENT
30064771548,55834574928,ARGUMENT
30064771549,68719477223,ARGUMENT
30064771550,68719477224,ARGUMENT
30064771550,30064771549,ARGUMENT
30064771551,68719477225,ARGUMENT
30064771551,90194313383,ARGUMENT
30064771552,30064771551,ARGUMENT
30064771552,68719477226,ARGUMENT
30064771553,30064771552,ARGUMENT
30064771554,25769803878,ARGUMENT
30064771554,90194313384,ARGUMENT
30064771555,68719477229,ARGUMENT
30064771555,30064771554,ARGUMENT
30064771556,68719477230,ARGUMENT
30064771557,90194313385,ARGUMENT
30064771558,68719477232,ARGUMENT
30064771559,68719477234,ARGUMENT
30064771559,30064771558,ARGUMENT
30064771561,68719477235,ARGUMENT
30064771561,30064771560,ARGUMENT
30064771562,68719477236,ARGUMENT
30064771562,90194313386,ARGUMENT
30064771563,30064771562,ARGUMENT
30064771563,68719477237,ARGUMENT
30064771564,68719477238,ARGUMENT
30064771564,55834574929,ARGUMENT
30064771565,68719477239,ARGUMENT
30064771565,30064771563,ARGUMENT
30064771566,68719477240,ARGUMENT
30064771566,55834574930,ARGUMENT
30064771567,68719477241,ARGUMENT
30064771568,68719477242,ARGUMENT
30064771568,30064771567,ARGUMENT
30064771569,68719477243,ARGUMENT
30064771569,55834574931,ARGUMENT
30064771570,68719477244,ARGUMENT
30064771571,68719477245,ARGUMENT
30064771571,30064771570,ARGUMENT
30064771572,25769803882,ARGUMENT
30064771573,90194313387,ARGUMENT
30064771574,68719477249,ARGUMENT
30064771574,90194313389,ARGUMENT
30064771575,30064771574,ARGUMENT
30064771576,90194313388,ARGUMENT
30064771576,30064771575,ARGUMENT
30064771576,90194313390,ARGUMENT
30064771577,30064771576,ARGUMENT
30064771578,30064771577,ARGUMENT
30064771579,90194313391,ARGUMENT
30064771581,68719477253,ARGUMENT
30064771581,30064771580,ARGUMENT
30064771582,68719477255,ARGUMENT
30064771582,55834574932,ARGUMENT
30064771583,68719477256,ARGUMENT
30064771583,68719477254,ARGUMENT
30064771584,68719477257,ARGUMENT
30064771584,55834574933,ARGUMENT
30064771585,68719477258,ARGUMENT
30064771586,68719477259,ARGUMENT
30064771586,30064771585,ARGUMENT
30064771587,68719477260,ARGUMENT
30064771587,55834574934,ARGUMENT
30064771588,68719477261,ARGUMENT
30064771589,68719477262,ARGUMENT
30064771589,30064771588,ARGUMENT
30064771590,68719477263,ARGUMENT
30064771590,90194313392,ARGUMENT
30064771591,30064771590,ARGUMENT
30064771591,68719477264,ARGUMENT
30064771592,30064771591,ARGUMENT
30064771593,68719477252,ARGUMENT
30064771593,25769803888,ARGUMENT
30064771594,90194313393,ARGUMENT
30064771595,68719477268,ARGUMENT
30064771595,90194313394,ARGUMENT
30064771596,90194313395,ARGUMENT
30064771597,68719477140,ARGUMENT
30064771597,120259084303,ARGUMENT
30064771598,90194313397,ARGUMENT
30064771599,68719477272,ARGUMENT
30064771599,30064771598,ARGUMENT
30064771600,68719477273,ARGUMENT
30064771600,55834574935,ARGUMENT
30064771601,68719477274,ARGUMENT
30064771602,68719477275,ARGUMENT
30064771602,25769803895,ARGUMENT
30064771603,68719477276,ARGUMENT
30064771603,55834574936,ARGUMENT
30064771604,68719477277,ARGUMENT
30064771605,68719477278,ARGUMENT
30064771605,25769803896,ARGUMENT
30064771606,68719477279,ARGUMENT
30064771607,68719477281,ARGUMENT
30064771607,30064771606,ARGUMENT
30064771609,68719477282,ARGUMENT
30064771609,30064771608,ARGUMENT
30064771610,68719477284,ARGUMENT
30064771610,55834574937,ARGUMENT
30064771611,68719477285,ARGUMENT
30064771611,68719477283,ARGUMENT
30064771612,68719477286,ARGUMENT
30064771612,55834574938,ARGUMENT
30064771613,68719477287,ARGUMENT
30064771614,68719477288,ARGUMENT
30064771614,30064771613,ARGUMENT
30064771615,68719477289,ARGUMENT
30064771615,55834574939,ARGUMENT
30064771616,68719477290,ARGUMENT
30064771617,68719477291,ARGUMENT
30064771617,30064771616,ARGUMENT
30064771618,68719477293,ARGUMENT
30064771618,90194313398,ARGUMENT
30064771619,68719477294,ARGUMENT
30064771619,30064771618,ARGUMENT
30064771620,68719477295,ARGUMENT
30064771620,55834574940,ARGUMENT
30064771621,68719477296,ARGUMENT
30064771622,68719477292,ARGUMENT
30064771622,25769803897,ARGUMENT
30064771623,30064771622,ARGUMENT
30064771624,68719477298,ARGUMENT
30064771624,25769803901,ARGUMENT
30064771625,68719477300,ARGUMENT
30064771626,30064771625,ARGUMENT
30064771627,90194313399,ARGUMENT
30064771627,30064771626,ARGUMENT
30064771627,90194313400,ARGUMENT
30064771628,30064771627,ARGUMENT
30064771629,68719477303,ARGUMENT
30064771629,90194313402,ARGUMENT
30064771630,30064771629,ARGUMENT
30064771631,90194313401,ARGUMENT
30064771631,30064771630,ARGUMENT
30064771632,30064771631,ARGUMENT
30064771633,68719477305,ARGUMENT
30064771633,90194313404,ARGUMENT
30064771634,30064771633,ARGUMENT
30064771635,90194313403,ARGUMENT
30064771635,30064771634,ARGUMENT
30064771636,30064771635,ARGUMENT
30064771637,68719477307,ARGUMENT
30064771637,90194313406,ARGUMENT
30064771638,30064771637,ARGUMENT
30064771639,90194313405,ARGUMENT
30064771639,30064771638,ARGUMENT
30064771640,30064771639,ARGUMENT
30064771641,68719477309,ARGUMENT
30064771641,90194313408,ARGUMENT
30064771642,68719477310,ARGUMENT
30064771642,90194313409,ARGUMENT
30064771643,68719477311,ARGUMENT
30064771643,55834574941,ARGUMENT
30064771644,68719477312,ARGUMENT
30064771644,30064771641,ARGUMENT
30064771645,25769803902,ARGUMENT
30064771646,90194313407,ARGUMENT
30064771646,30064771645,ARGUMENT
30064771647,30064771646,ARGUMENT
30064771648,90194313410,ARGUMENT
30064771648,90194313411,ARGUMENT
30064771649,30064771648,ARGUMENT
30064771650,68719477315,ARGUMENT
30064771650,55834574942,ARGUMENT
30064771651,68719477316,ARGUMENT
30064771652,68719477317,ARGUMENT
30064771652,30064771651,ARGUMENT
30064771653,68719477318,ARGUMENT
30064771653,55834574943,ARGUMENT
30064771654,68719477319,ARGUMENT
30064771655,68719477320,ARGUMENT
30064771655,30064771654,ARGUMENT
30064771656,90194313412,ARGUMENT
30064771657,68719477270,ARGUMENT
30064771657,120259084304,ARGUMENT
30064771658,68719477323,ARGUMENT
30064771659,68719477325,ARGUMENT
30064771659,30064771658,ARGUMENT
30064771660,68719477326,ARGUMENT
30064771661,68719477328,ARGUMENT
30064771661,30064771660,ARGUMENT
30064771662,68719477329,ARGUMENT
30064771663,68719477331,ARGUMENT
30064771663,30064771662,ARGUMENT
30064771664,68719477332,ARGUMENT
30064771665,90194313414,ARGUMENT
30064771667,68719477334,ARGUMENT
30064771667,30064771666,ARGUMENT
30064771668,68719477336,ARGUMENT
30064771668,90194313415,ARGUMENT
30064771669,68719477335,ARGUMENT
30064771669,30064771668,ARGUMENT
30064771670,68719477337,ARGUMENT
30064771670,90194313416,ARGUMENT
30064771671,30064771669,ARGUMENT
30064771671,30064771670,ARGUMENT
30064771672,68719477338,ARGUMENT
30064771672,55834574944,ARGUMENT
30064771673,68719477339,ARGUMENT
30064771674,68719477340,ARGUMENT
30064771674,30064771673,ARGUMENT
30064771675,68719477341,ARGUMENT
30064771675,55834574945,ARGUMENT
30064771676,68719477342,ARGUMENT
30064771677,68719477343,ARGUMENT
30064771677,30064771676,ARGUMENT
30064771678,68719477345,ARGUMENT
30064771678,25769803911,ARGUMENT
30064771679,90194313417,ARGUMENT
30064771680,68719477347,ARGUMENT
30064771680,90194313419,ARGUMENT
30064771681,30064771680,ARGUMENT
30064771682,68719477348,ARGUMENT
30064771682,90194313421,ARGUMENT
30064771683,30064771682,ARGUMENT
30064771684,90194313418,ARGUMENT
30064771684,30064771681,ARGUMENT
30064771684,90194313420,ARGUMENT
30064771684,30064771683,ARGUMENT
30064771684,90194313422,ARGUMENT
30064771685,68719477349,ARGUMENT
30064771685,90194313424,ARGUMENT
30064771686,30064771685,ARGUMENT
30064771687,68719477350,ARGUMENT
30064771687,90194313426,ARGUMENT
30064771688,30064771687,ARGUMENT
30064771689,90194313423,ARGUMENT
30064771689,30064771686,ARGUMENT
30064771689,90194313425,ARGUMENT
30064771689,30064771688,ARGUMENT
30064771690,30064771684,ARGUMENT
30064771690,30064771689,ARGUMENT
30064771691,30064771690,ARGUMENT
30064771693,68719477352,ARGUMENT
30064771693,30064771692,ARGUMENT
30064771694,68719477354,ARGUMENT
30064771694,55834574946,ARGUMENT
30064771695,68719477355,ARGUMENT
30064771695,68719477353,ARGUMENT
30064771696,68719477356,ARGUMENT
30064771696,55834574947,ARGUMENT
30064771697,68719477357,ARGUMENT
30064771698,68719477358,ARGUMENT
30064771698,30064771697,ARGUMENT
30064771699,68719477359,ARGUMENT
30064771699,55834574948,ARGUMENT
30064771700,68719477360,ARGUMENT
30064771701,68719477361,ARGUMENT
30064771701,30064771700,ARGUMENT
30064771702,68719477362,ARGUMENT
30064771702,90194313427,ARGUMENT
30064771703,68719477363,ARGUMENT
30064771703,90194313428,ARGUMENT
30064771704,30064771702,ARGUMENT
30064771704,30064771703,ARGUMENT
30064771705,30064771704,ARGUMENT
30064771706,25769803915,ARGUMENT
30064771706,90194313429,ARGUMENT
30064771707,68719477366,ARGUMENT
30064771707,30064771706,ARGUMENT
30064771708,68719477368,ARGUMENT
30064771708,90194313430,ARGUMENT
30064771709,68719477369,ARGUMENT
30064771709,55834574949,ARGUMENT
30064771710,68719477370,ARGUMENT
30064771710,30064771708,ARGUMENT
30064771710,90194313431,ARGUMENT
30064771711,68719477371,ARGUMENT
30064771711,30064771710,ARGUMENT
30064771712,68719477372,ARGUMENT
30064771712,55834574950,ARGUMENT
30064771713,68719477373,ARGUMENT
30064771713,90194313432,ARGUMENT
30064771714,30064771713,ARGUMENT
30064771714,90194313433,ARGUMENT
30064771715,68719477374,ARGUMENT
30064771715,30064771714,ARGUMENT
30064771716,68719477375,ARGUMENT
30064771716,90194313435,ARGUMENT
30064771717,30064771716,ARGUMENT
30064771718,90194313434,ARGUMENT
30064771718,30064771717,ARGUMENT
30064771718,90194313436,ARGUMENT
30064771719,68719477376,ARGUMENT
30064771720,68719477377,ARGUMENT
30064771721,30064771719,ARGUMENT
30064771721,90194313437,ARGUMENT
30064771721,30064771720,ARGUMENT
30064771722,30064771718,ARGUMENT
30064771722,30064771721,ARGUMENT
30064771723,30064771722,ARGUMENT
30064771724,90194313438,ARGUMENT
30064771725,90194313439,ARGUMENT
30064771725,90194313440,ARGUMENT
30064771726,30064771725,ARGUMENT
30064771727,68719477381,ARGUMENT
30064771727,55834574951,ARGUMENT
30064771728,68719477382,ARGUMENT
30064771729,68719477383,ARGUMENT
30064771729,30064771728,ARGUMENT
30064771730,68719477384,ARGUMENT
30064771730,55834574952,ARGUMENT
30064771731,68719477385,ARGUMENT
30064771732,68719477386,ARGUMENT
30064771732,30064771731,ARGUMENT
30064771733,68719477322,ARGUMENT
30064771733,120259084305,ARGUMENT
30064771734,68719477388,ARGUMENT
30064771735,68719477390,ARGUMENT
30064771735,30064771734,ARGUMENT
30064771736,90194313442,ARGUMENT
30064771737,68719477392,ARGUMENT
30064771737,30064771736,ARGUMENT
30064771739,68719477393,ARGUMENT
30064771739,30064771738,ARGUMENT
30064771740,68719477395,ARGUMENT
30064771740,55834574953,ARGUMENT
30064771741,68719477396,ARGUMENT
30064771741,68719477394,ARGUMENT
30064771742,68719477397,ARGUMENT
30064771742,55834574954,ARGUMENT
30064771743,68719477398,ARGUMENT
30064771744,68719477399,ARGUMENT
30064771744,30064771743,ARGUMENT
30064771745,68719477400,ARGUMENT
30064771745,55834574955,ARGUMENT
30064771746,68719477401,ARGUMENT
30064771747,68719477402,ARGUMENT
30064771747,30064771746,ARGUMENT
30064771748,68719477403,ARGUMENT
30064771748,90194313443,ARGUMENT
30064771749,30064771748,ARGUMENT
30064771749,68719477404,ARGUMENT
30064771750,30064771749,ARGUMENT
30064771751,25769803924,ARGUMENT
30064771751,90194313444,ARGUMENT
30064771752,68719477407,ARGUMENT
30064771752,30064771751,ARGUMENT
30064771753,68719477408,ARGUMENT
30064771754,90194313445,ARGUMENT
30064771755,68719477410,ARGUMENT
30064771755,90194313446,ARGUMENT
30064771756,68719477411,ARGUMENT
30064771756,90194313448,ARGUMENT
30064771757,30064771756,ARGUMENT
30064771758,90194313447,ARGUMENT
30064771758,30064771757,ARGUMENT
30064771759,30064771758,ARGUMENT
30064771760,90194313449,ARGUMENT
30064771761,90194313450,ARGUMENT
30064771762,90194313451,ARGUMENT
30064771763,90194313452,ARGUMENT
30064771764,68719477417,ARGUMENT
30064771764,30064771763,ARGUMENT
30064771765,68719477418,ARGUMENT
30064771765,55834574956,ARGUMENT
30064771766,68719477419,ARGUMENT
30064771767,68719477420,ARGUMENT
30064771767,25769803927,ARGUMENT
30064771768,68719477421,ARGUMENT
30064771768,90194313453,ARGUMENT
30064771769,68719477422,ARGUMENT
30064771769,55834574957,ARGUMENT
30064771770,68719477423,ARGUMENT
30064771770,90194313454,ARGUMENT
30064771770,90194313455,ARGUMENT
30064771771,68719477424,ARGUMENT
30064771771,30064771770,ARGUMENT
30064771772,68719477425,ARGUMENT
30064771772,55834574958,ARGUMENT
30064771773,68719477426,ARGUMENT
30064771773,30064771772,ARGUMENT
30064771774,68719477427,ARGUMENT
30064771774,55834574959,ARGUMENT
30064771775,68719477428,ARGUMENT
30064771776,68719477430,ARGUMENT
30064771776,55834574960,ARGUMENT
30064771777,68719477431,ARGUMENT
30064771777,68719477429,ARGUMENT
30064771778,25769803928,ARGUMENT
30064771778,30064771777,ARGUMENT
30064771779,68719477432,ARGUMENT
30064771779,30064771778,ARGUMENT
30064771780,68719477433,ARGUMENT
30064771780,55834574961,ARGUMENT
30064771781,68719477434,ARGUMENT
30064771781,90194313456,ARGUMENT
30064771782,68719477435,ARGUMENT
30064771782,25769803929,ARGUMENT
30064771783,68719477436,ARGUMENT
30064771783,90194313457,ARGUMENT
30064771784,90194313458,ARGUMENT
30064771785,68719477438,ARGUMENT
30064771785,30064771784,ARGUMENT
30064771786,90194313459,ARGUMENT
30064771787,68719477441,ARGUMENT
30064771787,90194313460,ARGUMENT
30064771788,30064771787,ARGUMENT
30064771788,68719477440,ARGUMENT
30064771789,68719477442,ARGUMENT
30064771789,68719477443,ARGUMENT
30064771790,68719477445,ARGUMENT
30064771791,90194313461,ARGUMENT
30064771791,30064771790,ARGUMENT
30064771792,30064771791,ARGUMENT
30064771793,68719477387,ARGUMENT
30064771793,120259084306,ARGUMENT
30064771794,68719477448,ARGUMENT
30064771795,68719477450,ARGUMENT
30064771795,30064771794,ARGUMENT
30064771796,68719477451,ARGUMENT
30064771797,90194313463,ARGUMENT
30064771798,90194313464,ARGUMENT
30064771799,68719477454,ARGUMENT
30064771799,90194313466,ARGUMENT
30064771800,30064771799,ARGUMENT
30064771801,68719477455,ARGUMENT
30064771801,90194313468,ARGUMENT
30064771802,30064771801,ARGUMENT
30064771803,68719477456,ARGUMENT
30064771803,90194313470,ARGUMENT
30064771804,30064771803,ARGUMENT
30064771805,90194313465,ARGUMENT
30064771805,30064771800,ARGUMENT
30064771805,90194313467,ARGUMENT
30064771805,30064771802,ARGUMENT
30064771805,90194313469,ARGUMENT
30064771805,30064771804,ARGUMENT
30064771806,30064771805,ARGUMENT
30064771807,68719477458,ARGUMENT
30064771807,90194313472,ARGUMENT
30064771808,68719477459,ARGUMENT
30064771808,90194313473,ARGUMENT
30064771809,68719477460,ARGUMENT
30064771809,55834574962,ARGUMENT
30064771810,68719477461,ARGUMENT
30064771810,30064771807,ARGUMENT
30064771811,25769803936,ARGUMENT
30064771812,90194313471,ARGUMENT
30064771812,30064771811,ARGUMENT
30064771813,30064771812,ARGUMENT
30064771814,68719477463,ARGUMENT
30064771814,55834574963,ARGUMENT
30064771815,68719477464,ARGUMENT
30064771816,68719477465,ARGUMENT
30064771816,30064771815,ARGUMENT
30064771817,68719477466,ARGUMENT
30064771817,55834574964,ARGUMENT
30064771818,68719477467,ARGUMENT
30064771819,68719477468,ARGUMENT
30064771819,30064771818,ARGUMENT
30064771820,90194313474,ARGUMENT
30064771820,90194313475,ARGUMENT
30064771821,30064771820,ARGUMENT
30064771822,68719477447,ARGUMENT
30064771822,120259084307,ARGUMENT
30064771823,68719477471,ARGUMENT
30064771824,68719477473,ARGUMENT
30064771824,30064771823,ARGUMENT
30064771826,68719477474,ARGUMENT
30064771826,30064771825,ARGUMENT
30064771827,68719477475,ARGUMENT
30064771827,90194313477,ARGUMENT
30064771828,68719477476,ARGUMENT
30064771828,90194313478,ARGUMENT
30064771829,30064771827,ARGUMENT
30064771829,30064771828,ARGUMENT
30064771830,68719477477,ARGUMENT
30064771830,55834574965,ARGUMENT
30064771831,68719477478,ARGUMENT
30064771831,30064771829,ARGUMENT
30064771832,68719477479,ARGUMENT
30064771832,55834574966,ARGUMENT
30064771833,68719477480,ARGUMENT
30064771834,68719477481,ARGUMENT
30064771834,30064771833,ARGUMENT
30064771835,68719477482,ARGUMENT
30064771835,55834574967,ARGUMENT
30064771836,68719477483,ARGUMENT
30064771837,68719477484,ARGUMENT
30064771837,30064771836,ARGUMENT
30064771838,25769803942,ARGUMENT
30064771839,90194313479,ARGUMENT
30064771841,68719477489,ARGUMENT
30064771842,68719477491,ARGUMENT
30064771842,30064771841,ARGUMENT
30064771843,68719477492,ARGUMENT
30064771844,90194313480,ARGUMENT
30064771845,68719477494,ARGUMENT
30064771845,30064771844,ARGUMENT
30064771847,68719477495,ARGUMENT
30064771847,30064771846,ARGUMENT
30064771848,68719477497,ARGUMENT
30064771848,55834574968,ARGUMENT
30064771849,68719477498,ARGUMENT
30064771849,68719477496,ARGUMENT
30064771850,68719477499,ARGUMENT
30064771850,55834574969,ARGUMENT
30064771851,68719477500,ARGUMENT
30064771852,68719477501,ARGUMENT
30064771852,30064771851,ARGUMENT
30064771853,68719477502,ARGUMENT
30064771853,55834574970,ARGUMENT
30064771854,68719477503,ARGUMENT
30064771855,68719477504,ARGUMENT
30064771855,30064771854,ARGUMENT
30064771856,68719477505,ARGUMENT
30064771856,90194313481,ARGUMENT
30064771857,30064771856,ARGUMENT
30064771857,68719477506,ARGUMENT
30064771858,30064771857,ARGUMENT
30064771859,25769803948,ARGUMENT
30064771859,90194313482,ARGUMENT
30064771860,68719477509,ARGUMENT
30064771860,30064771859,ARGUMENT
30064771861,68719477510,ARGUMENT
30064771862,90194313483,ARGUMENT
30064771863,68719477512,ARGUMENT
30064771863,90194313485,ARGUMENT
30064771864,68719477513,ARGUMENT
30064771864,90194313486,ARGUMENT
30064771865,68719477514,ARGUMENT
30064771865,55834574971,ARGUMENT
30064771866,68719477515,ARGUMENT
30064771866,30064771863,ARGUMENT
30064771867,25769803950,ARGUMENT
30064771868,90194313484,ARGUMENT
30064771868,30064771867,ARGUMENT
30064771869,30064771868,ARGUMENT
30064771870,90194313487,ARGUMENT
30064771871,68719477518,ARGUMENT
30064771871,30064771870,ARGUMENT
30064771873,68719477519,ARGUMENT
30064771873,30064771872,ARGUMENT
30064771874,68719477521,ARGUMENT
30064771874,55834574972,ARGUMENT
30064771875,68719477522,ARGUMENT
30064771875,68719477520,ARGUMENT
30064771876,68719477523,ARGUMENT
30064771876,90194313488,ARGUMENT
30064771877,68719477524,ARGUMENT
30064771877,30064771876,ARGUMENT
30064771878,68719477525,ARGUMENT
30064771878,55834574973,ARGUMENT
30064771879,68719477526,ARGUMENT
30064771880,68719477527,ARGUMENT
30064771880,25769803951,ARGUMENT
30064771881,68719477528,ARGUMENT
30064771881,55834574974,ARGUMENT
30064771882,68719477529,ARGUMENT
30064771883,68719477530,ARGUMENT
30064771883,30064771882,ARGUMENT
30064771884,68719477531,ARGUMENT
30064771884,55834574975,ARGUMENT
30064771885,68719477532,ARGUMENT
30064771886,68719477533,ARGUMENT
30064771886,55834574976,ARGUMENT
30064771887,68719477534,ARGUMENT
30064771888,30064771885,ARGUMENT
30064771888,30064771887,ARGUMENT
30064771889,30064771888,ARGUMENT
30064771890,25769803955,ARGUMENT
30064771890,90194313489,ARGUMENT
30064771891,68719477537,ARGUMENT
30064771891,30064771890,ARGUMENT
30064771892,68719477538,ARGUMENT
30064771893,90194313490,ARGUMENT
30064771895,68719477540,ARGUMENT
30064771895,30064771894,ARGUMENT
30064771896,68719477541,ARGUMENT
30064771896,90194313491,ARGUMENT
30064771897,68719477542,ARGUMENT
30064771897,90194313492,ARGUMENT
30064771898,30064771896,ARGUMENT
30064771898,30064771897,ARGUMENT
30064771899,68719477543,ARGUMENT
30064771899,90194313493,ARGUMENT
30064771900,30064771899,ARGUMENT
30064771900,68719477544,ARGUMENT
30064771901,68719477545,ARGUMENT
30064771901,90194313494,ARGUMENT
30064771902,30064771901,ARGUMENT
30064771902,68719477546,ARGUMENT
30064771903,68719477547,ARGUMENT
30064771903,90194313495,ARGUMENT
30064771904,30064771903,ARGUMENT
30064771904,90194313496,ARGUMENT
30064771905,68719477549,ARGUMENT
30064771905,55834574977,ARGUMENT
30064771906,68719477550,ARGUMENT
30064771906,25769803957,ARGUMENT
30064771907,68719477551,ARGUMENT
30064771907,68719477552,ARGUMENT
30064771908,90194313497,ARGUMENT
30064771909,68719477470,ARGUMENT
30064771909,120259084308,ARGUMENT
30064771910,68719477556,ARGUMENT
30064771911,68719477558,ARGUMENT
30064771911,30064771910,ARGUMENT
30064771913,68719477559,ARGUMENT
30064771913,30064771912,ARGUMENT
30064771914,68719477561,ARGUMENT
30064771914,55834574978,ARGUMENT
30064771915,68719477562,ARGUMENT
30064771915,68719477560,ARGUMENT
30064771916,68719477563,ARGUMENT
30064771916,55834574979,ARGUMENT
30064771917,68719477564,ARGUMENT
30064771918,68719477565,ARGUMENT
30064771918,30064771917,ARGUMENT
30064771919,68719477566,ARGUMENT
30064771919,55834574980,ARGUMENT
30064771920,68719477567,ARGUMENT
30064771921,68719477568,ARGUMENT
30064771921,30064771920,ARGUMENT
30064771922,68719477569,ARGUMENT
30064771922,90194313499,ARGUMENT
30064771923,68719477570,ARGUMENT
30064771923,90194313500,ARGUMENT
30064771924,30064771922,ARGUMENT
30064771924,30064771923,ARGUMENT
30064771925,30064771924,ARGUMENT
30064771926,25769803962,ARGUMENT
30064771926,90194313501,ARGUMENT
30064771927,68719477573,ARGUMENT
30064771927,30064771926,ARGUMENT
30064771928,68719477574,ARGUMENT
30064771929,90194313502,ARGUMENT
30064771930,68719477576,ARGUMENT
30064771930,90194313503,ARGUMENT
30064771931,68719477577,ARGUMENT
30064771932,68719477579,ARGUMENT
30064771932,30064771931,ARGUMENT
30064771934,68719477580,ARGUMENT
30064771934,30064771933,ARGUMENT
30064771935,68719477581,ARGUMENT
30064771935,90194313504,ARGUMENT
30064771936,68719477582,ARGUMENT
30064771936,55834574981,ARGUMENT
30064771937,68719477583,ARGUMENT
30064771937,30064771935,ARGUMENT
30064771938,68719477584,ARGUMENT
30064771938,55834574982,ARGUMENT
30064771939,68719477585,ARGUMENT
30064771940,68719477586,ARGUMENT
30064771940,30064771939,ARGUMENT
30064771941,68719477587,ARGUMENT
30064771941,55834574983,ARGUMENT
30064771942,68719477588,ARGUMENT
30064771943,68719477589,ARGUMENT
30064771943,30064771942,ARGUMENT
30064771944,68719477590,ARGUMENT
30064771944,90194313505,ARGUMENT
30064771945,68719477591,ARGUMENT
30064771945,90194313506,ARGUMENT
30064771946,30064771944,ARGUMENT
30064771946,30064771945,ARGUMENT
30064771947,30064771946,ARGUMENT
30064771948,25769803967,ARGUMENT
30064771948,90194313507,ARGUMENT
30064771949,68719477594,ARGUMENT
30064771949,30064771948,ARGUMENT
30064771950,68719477595,ARGUMENT
30064771950,90194313509,ARGUMENT
30064771951,30064771950,ARGUMENT
30064771952,68719477596,ARGUMENT
30064771953,90194313508,ARGUMENT
30064771953,30064771951,ARGUMENT
30064771953,90194313510,ARGUMENT
30064771953,30064771952,ARGUMENT
30064771953,90194313511,ARGUMENT
30064771954,68719477597,ARGUMENT
30064771954,90194313513,ARGUMENT
30064771955,30064771954,ARGUMENT
30064771956,90194313512,ARGUMENT
30064771956,30064771955,ARGUMENT
30064771956,90194313514,ARGUMENT
30064771957,30064771953,ARGUMENT
30064771957,30064771956,ARGUMENT
30064771958,30064771957,ARGUMENT
30064771959,90194313515,ARGUMENT
30064771960,68719477555,ARGUMENT
30064771960,120259084309,ARGUMENT
30064771961,90194313517,ARGUMENT
30064771962,90194313518,ARGUMENT
30064771963,90194313519,ARGUMENT
30064771964,90194313520,ARGUMENT
30064771965,90194313521,ARGUMENT
30064771966,90194313522,ARGUMENT
30064771967,90194313523,ARGUMENT
30064771968,68719477608,ARGUMENT
30064771968,30064771967,ARGUMENT
30064771969,68719477609,ARGUMENT
30064771969,90194313524,ARGUMENT
30064771971,68719477611,ARGUMENT
30064771971,90194313525,ARGUMENT
30064771973,68719477613,ARGUMENT
30064771973,90194313526,ARGUMENT
30064771975,68719477615,ARGUMENT
30064771975,90194313527,ARGUMENT
30064771977,68719477617,ARGUMENT
30064771977,90194313528,ARGUMENT
30064771978,90194313529,ARGUMENT
30064771979,90194313530,ARGUMENT
30064771980,68719477600,ARGUMENT
30064771980,120259084310,ARGUMENT
30064771981,68719477621,ARGUMENT
30064771981,90194313533,ARGUMENT
30064771982,30064771981,ARGUMENT
30064771983,90194313532,ARGUMENT
30064771983,30064771982,ARGUMENT
30064771983,90194313534,ARGUMENT
30064771984,30064771983,ARGUMENT
30064771985,90194313535,ARGUMENT
30064771986,90194313536,ARGUMENT
30064771987,90194313537,ARGUMENT
30064771988,90194313538,ARGUMENT
30064771989,90194313539,ARGUMENT
30064771990,68719477628,ARGUMENT
30064771990,30064771989,ARGUMENT
30064771991,68719477629,ARGUMENT
30064771991,90194313540,ARGUMENT
30064771993,68719477631,ARGUMENT
30064771993,90194313541,ARGUMENT
30064771994,68719477632,ARGUMENT
30064771995,68719477634,ARGUMENT
30064771995,90194313542,ARGUMENT
30064771996,68719477635,ARGUMENT
30064771997,68719477637,ARGUMENT
30064771997,90194313543,ARGUMENT
30064771998,90194313544,ARGUMENT
30064771999,90194313545,ARGUMENT
30064772000,68719477620,ARGUMENT
30064772000,120259084311,ARGUMENT
30064772002,90194313547,ARGUMENT
30064772003,90194313548,ARGUMENT
30064772004,90194313549,ARGUMENT
30064772005,90194313550,ARGUMENT
30064772006,90194313551,ARGUMENT
30064772007,90194313552,ARGUMENT
30064772008,68719477648,ARGUMENT
30064772008,30064772007,ARGUMENT
30064772009,68719477649,ARGUMENT
30064772009,90194313553,ARGUMENT
30064772011,68719477651,ARGUMENT
30064772011,90194313554,ARGUMENT
30064772014,68719477654,ARGUMENT
30064772014,90194313555,ARGUMENT
30064772016,68719477656,ARGUMENT
30064772016,30064772015,ARGUMENT
30064772017,68719477658,ARGUMENT
30064772018,68719477660,ARGUMENT
30064772018,90194313556,ARGUMENT
30064772019,90194313557,ARGUMENT
30064772020,90194313558,ARGUMENT
30064772021,68719477640,ARGUMENT
30064772021,120259084312,ARGUMENT
30064772022,68719477663,ARGUMENT
30064772022,90194313559,ARGUMENT
30064772024,68719477665,ARGUMENT
30064772024,176093659147,ARGUMENT
30064772025,90194313561,ARGUMENT
30064772025,90194313562,ARGUMENT
30064772026,68719477666,ARGUMENT
30064772026,30064772025,ARGUMENT
30064772027,90194313563,ARGUMENT
30064772027,90194313564,ARGUMENT
30064772028,30064772027,ARGUMENT
30064772029,90194313565,ARGUMENT
30064772030,90194313566,ARGUMENT
30064772030,90194313567,ARGUMENT
30064772031,30064772030,ARGUMENT
30064772032,68719477671,ARGUMENT
30064772032,90194313568,ARGUMENT
30064772033,68719477673,ARGUMENT
30064772033,55834574984,ARGUMENT
30064772034,68719477674,ARGUMENT
30064772034,68719477672,ARGUMENT
30064772035,68719477675,ARGUMENT
30064772035,30064772034,ARGUMENT
30064772036,68719477677,ARGUMENT
30064772036,55834574985,ARGUMENT
30064772037,68719477678,ARGUMENT
30064772037,68719477676,ARGUMENT
30064772037,90194313569,ARGUMENT
30064772038,30064772037,ARGUMENT
30064772039,90194313571,ARGUMENT
30064772039,90194313572,ARGUMENT
30064772040,90194313570,ARGUMENT
30064772040,30064772039,ARGUMENT
30064772041,30064772040,ARGUMENT
30064772042,90194313573,ARGUMENT
30064772043,90194313574,ARGUMENT
30064772043,90194313575,ARGUMENT
30064772044,30064772043,ARGUMENT
30064772045,68719477683,ARGUMENT
30064772045,90194313576,ARGUMENT
30064772046,68719477685,ARGUMENT
30064772046,55834574986,ARGUMENT
30064772047,68719477686,ARGUMENT
30064772047,68719477684,ARGUMENT
30064772048,68719477687,ARGUMENT
30064772048,30064772047,ARGUMENT
30064772049,68719477689,ARGUMENT
30064772049,55834574987,ARGUMENT
30064772050,68719477690,ARGUMENT
30064772050,68719477688,ARGUMENT
30064772050,90194313577,ARGUMENT
30064772051,30064772050,ARGUMENT
30064772052,90194313579,ARGUMENT
30064772052,90194313580,ARGUMENT
30064772053,90194313578,ARGUMENT
30064772053,30064772052,ARGUMENT
30064772054,30064772053,ARGUMENT
30064772055,90194313581,ARGUMENT
30064772056,90194313582,ARGUMENT
30064772056,90194313583,ARGUMENT
30064772057,30064772056,ARGUMENT
30064772058,68719477695,ARGUMENT
30064772058,90194313584,ARGUMENT
30064772059,68719477697,ARGUMENT
30064772059,55834574988,ARGUMENT
30064772060,68719477698,ARGUMENT
30064772060,68719477696,ARGUMENT
30064772061,68719477699,ARGUMENT
30064772061,30064772060,ARGUMENT
30064772062,68719477701,ARGUMENT
30064772062,55834574989,ARGUMENT
30064772063,68719477702,ARGUMENT
30064772063,68719477700,ARGUMENT
30064772063,90194313585,ARGUMENT
30064772064,30064772063,ARGUMENT
30064772065,68719477704,ARGUMENT
30064772065,176093659148,ARGUMENT
30064772066,68719477705,ARGUMENT
30064772066,176093659149,ARGUMENT
30064772067,68719477706,ARGUMENT
30064772067,176093659150,ARGUMENT
30064772068,68719477707,ARGUMENT
30064772068,176093659151,ARGUMENT
30064772069,68719477708,ARGUMENT
30064772069,176093659152,ARGUMENT
30064772070,90194313587,ARGUMENT
30064772070,90194313588,ARGUMENT
30064772071,68719477709,ARGUMENT
30064772071,30064772070,ARGUMENT
30064772072,90194313589,ARGUMENT
30064772072,90194313590,ARGUMENT
30064772073,68719477711,ARGUMENT
30064772073,30064772072,ARGUMENT
30064772074,90194313591,ARGUMENT
30064772074,90194313592,ARGUMENT
30064772075,68719477713,ARGUMENT
30064772075,30064772074,ARGUMENT
30064772076,90194313593,ARGUMENT
30064772076,90194313594,ARGUMENT
30064772077,68719477715,ARGUMENT
30064772077,30064772076,ARGUMENT
30064772079,68719477718,ARGUMENT
30064772079,30064772078,ARGUMENT
30064772080,68719477719,ARGUMENT
30064772081,90194313596,ARGUMENT
30064772081,30064772080,ARGUMENT
30064772081,90194313597,ARGUMENT
30064772082,68719477720,ARGUMENT
30064772082,30064772081,ARGUMENT
30064772083,68719477721,ARGUMENT
30064772083,90194313599,ARGUMENT
30064772084,30064772083,ARGUMENT
30064772085,90194313598,ARGUMENT
30064772085,30064772084,ARGUMENT
30064772086,68719477722,ARGUMENT
30064772086,30064772085,ARGUMENT
30064772087,90194313600,ARGUMENT
30064772087,68719477723,ARGUMENT
30064772088,30064772087,ARGUMENT
30064772089,68719477725,ARGUMENT
30064772089,30064772088,ARGUMENT
30064772090,68719477726,ARGUMENT
30064772091,90194313601,ARGUMENT
30064772091,30064772090,ARGUMENT
30064772092,68719477727,ARGUMENT
30064772092,30064772091,ARGUMENT
30064772093,68719477728,ARGUMENT
30064772094,68719477730,ARGUMENT
30064772095,68719477732,ARGUMENT
30064772096,30064772093,ARGUMENT
30064772096,30064772094,ARGUMENT
30064772096,30064772095,ARGUMENT
30064772097,68719477734,ARGUMENT
30064772097,90194313602,ARGUMENT
30064772098,68719477736,ARGUMENT
30064772098,30064772097,ARGUMENT
30064772100,68719477737,ARGUMENT
30064772100,30064772099,ARGUMENT
30064772101,68719477738,ARGUMENT
30064772101,90194313603,ARGUMENT
30064772102,30064772101,ARGUMENT
30064772102,68719477739,ARGUMENT
30064772103,68719477740,ARGUMENT
30064772103,90194313604,ARGUMENT
30064772104,30064772103,ARGUMENT
30064772104,68719477741,ARGUMENT
30064772105,68719477742,ARGUMENT
30064772105,90194313605,ARGUMENT
30064772106,30064772105,ARGUMENT
30064772106,68719477743,ARGUMENT
30064772107,68719477744,ARGUMENT
30064772107,90194313606,ARGUMENT
30064772108,30064772107,ARGUMENT
30064772108,68719477745,ARGUMENT
30064772109,68719477746,ARGUMENT
30064772109,90194313607,ARGUMENT
30064772110,30064772109,ARGUMENT
30064772110,68719477747,ARGUMENT
30064772111,68719477749,ARGUMENT
30064772111,55834574990,ARGUMENT
30064772112,68719477750,ARGUMENT
30064772112,25769804010,ARGUMENT
30064772113,68719477751,ARGUMENT
30064772114,68719477753,ARGUMENT
30064772114,30064772113,ARGUMENT
30064772115,68719477754,ARGUMENT
30064772115,55834574991,ARGUMENT
30064772116,68719477755,ARGUMENT
30064772117,68719477756,ARGUMENT
30064772117,25769804012,ARGUMENT
30064772118,68719477757,ARGUMENT
30064772118,55834574992,ARGUMENT
30064772119,68719477758,ARGUMENT
30064772120,68719477759,ARGUMENT
30064772120,30064772119,ARGUMENT
30064772121,68719477717,ARGUMENT
30064772121,120259084313,ARGUMENT
30064772123,68719477762,ARGUMENT
30064772123,30064772122,ARGUMENT
30064772124,68719477763,ARGUMENT
30064772124,90194313609,ARGUMENT
30064772125,68719477764,ARGUMENT
30064772125,30064772124,ARGUMENT
30064772126,68719477765,ARGUMENT
30064772126,55834574993,ARGUMENT
30064772127,68719477766,ARGUMENT
30064772128,68719477767,ARGUMENT
30064772128,55834574994,ARGUMENT
30064772129,68719477768,ARGUMENT
30064772129,25769804016,ARGUMENT
30064772130,68719477769,ARGUMENT
30064772130,55834574995,ARGUMENT
30064772131,68719477770,ARGUMENT
30064772132,68719477771,ARGUMENT
30064772132,30064772131,ARGUMENT
30064772133,68719477772,ARGUMENT
30064772133,55834574996,ARGUMENT
30064772134,68719477773,ARGUMENT
30064772135,68719477774,ARGUMENT
30064772135,30064772134,ARGUMENT
30064772136,68719477761,ARGUMENT
30064772136,120259084314,ARGUMENT
30064772137,68719477777,ARGUMENT
30064772138,68719477776,ARGUMENT
30064772138,120259084315,ARGUMENT
30064772139,90194313611,ARGUMENT
30064772140,68719477780,ARGUMENT
30064772140,30064772139,ARGUMENT
30064772141,68719477781,ARGUMENT
30064772142,68719477783,ARGUMENT
30064772142,30064772141,ARGUMENT
30064772143,68719477784,ARGUMENT
30064772144,68719477786,ARGUMENT
30064772144,30064772143,ARGUMENT
30064772145,68719477787,ARGUMENT
30064772146,90194313612,ARGUMENT
30064772146,30064772145,ARGUMENT
30064772147,30064772146,ARGUMENT
30064772148,68719477789,ARGUMENT
30064772148,90194313614,ARGUMENT
30064772149,30064772148,ARGUMENT
30064772150,90194313613,ARGUMENT
30064772150,30064772149,ARGUMENT
30064772151,30064772150,ARGUMENT
30064772152,68719477791,ARGUMENT
30064772152,176093659153,ARGUMENT
30064772153,90194313616,ARGUMENT
30064772153,90194313617,ARGUMENT
30064772154,68719477792,ARGUMENT
30064772154,30064772153,ARGUMENT
30064772155,90194313618,ARGUMENT
30064772155,90194313619,ARGUMENT
30064772156,68719477794,ARGUMENT
30064772156,30064772155,ARGUMENT
30064772157,90194313620,ARGUMENT
30064772157,90194313621,ARGUMENT
30064772158,68719477796,ARGUMENT
30064772158,30064772157,ARGUMENT
30064772159,90194313622,ARGUMENT
30064772159,90194313623,ARGUMENT
30064772160,68719477798,ARGUMENT
30064772160,30064772159,ARGUMENT
30064772161,68719477800,ARGUMENT
30064772161,55834574997,ARGUMENT
30064772162,68719477801,ARGUMENT
30064772162,30064772161,ARGUMENT
30064772163,68719477802,ARGUMENT
30064772163,55834574998,ARGUMENT
30064772164,68719477803,ARGUMENT
30064772164,90194313624,ARGUMENT
30064772165,68719477805,ARGUMENT
30064772165,55834574999,ARGUMENT
30064772166,68719477806,ARGUMENT
30064772166,30064772165,ARGUMENT
30064772167,68719477807,ARGUMENT
30064772167,55834575000,ARGUMENT
30064772168,68719477808,ARGUMENT
30064772168,68719477804,ARGUMENT
30064772169,25769804023,ARGUMENT
30064772169,25769804024,ARGUMENT
30064772170,68719477809,ARGUMENT
30064772170,30064772169,ARGUMENT
30064772171,68719477811,ARGUMENT
30064772171,55834575001,ARGUMENT
30064772172,68719477812,ARGUMENT
30064772172,30064772171,ARGUMENT
30064772173,68719477813,ARGUMENT
30064772173,55834575002,ARGUMENT
30064772174,68719477814,ARGUMENT
30064772174,55834575003,ARGUMENT
30064772175,68719477815,ARGUMENT
30064772175,30064772174,ARGUMENT
30064772176,68719477816,ARGUMENT
30064772176,55834575004,ARGUMENT
30064772177,68719477817,ARGUMENT
30064772177,30064772173,ARGUMENT
30064772178,25769804026,ARGUMENT
30064772178,68719477818,ARGUMENT
30064772179,68719477819,ARGUMENT
30064772179,55834575005,ARGUMENT
30064772180,68719477820,ARGUMENT
30064772180,30064772179,ARGUMENT
30064772181,68719477821,ARGUMENT
30064772181,55834575006,ARGUMENT
30064772182,68719477822,ARGUMENT
30064772182,30064772181,ARGUMENT
30064772183,68719477823,ARGUMENT
30064772184,68719477824,ARGUMENT
30064772185,68719477825,ARGUMENT
30064772186,90194313626,ARGUMENT
30064772186,30064772183,ARGUMENT
30064772186,90194313627,ARGUMENT
30064772186,30064772184,ARGUMENT
30064772186,90194313628,ARGUMENT
30064772186,30064772185,ARGUMENT
30064772187,30064772186,ARGUMENT
30064772188,68719477810,ARGUMENT
30064772188,120259084316,ARGUMENT
30064772189,68719477829,ARGUMENT
30064772190,68719477831,ARGUMENT
30064772190,30064772189,ARGUMENT
30064772191,68719477832,ARGUMENT
30064772191,90194313630,ARGUMENT
30064772192,68719477834,ARGUMENT
30064772192,30064772191,ARGUMENT
30064772193,68719477835,ARGUMENT
30064772193,68719477836,ARGUMENT
30064772194,68719477828,ARGUMENT
30064772194,120259084317,ARGUMENT
30064772195,68719477838,ARGUMENT
30064772195,55834575007,ARGUMENT
30064772196,68719477839,ARGUMENT
30064772196,68719477837,ARGUMENT
30064772197,90194313631,ARGUMENT
30064772197,90194313632,ARGUMENT
30064772198,68719477841,ARGUMENT
30064772198,30064772197,ARGUMENT
30064772199,68719477842,ARGUMENT
30064772199,55834575008,ARGUMENT
30064772200,68719477843,ARGUMENT
30064772200,90194313633,ARGUMENT
30064772201,90194313634,ARGUMENT
30064772201,68719477844,ARGUMENT
141733920768,30064771130,ARGUMENT
141733920769,30064771141,ARGUMENT
141733920770,30064771142,ARGUMENT
141733920771,68719476911,ARGUMENT
141733920772,30064771259,ARGUMENT
141733920773,68719476936,ARGUMENT
141733920774,30064771282,ARGUMENT
141733920775,25769803827,ARGUMENT
141733920776,30064771296,ARGUMENT
141733920777,30064771300,ARGUMENT
141733920778,30064771304,ARGUMENT
141733920779,30064771316,ARGUMENT
141733920781,90194313332,ARGUMENT
141733920782,90194313339,ARGUMENT
141733920783,68719477120,ARGUMENT
141733920784,90194313358,ARGUMENT
141733920800,68719477760,ARGUMENT
141733920801,25769804019,ARGUMENT
141733920802,30064772137,ARGUMENT
141733920803,90194313625,ARGUMENT
141733920804,68719477827,ARGUMENT
141733920805,30064772193,ARGUMENT
