21474836480,107374182401,REF
21474836481,107374182402,REF
21474836482,107374182403,REF
21474836483,107374182404,REF
21474836484,107374182405,REF
21474836485,107374182406,REF
21474836486,107374182407,REF
21474836487,107374182408,REF
21474836488,107374182409,REF
21474836489,107374182410,REF
21474836490,107374182411,REF
21474836491,107374182413,REF
21474836492,107374182412,REF
21474836493,107374182414,REF
21474836494,107374182415,REF
21474836495,107374182416,REF
21474836496,107374182417,REF
21474836497,107374182418,REF
21474836498,107374182419,REF
21474836499,107374182420,REF
21474836500,107374182421,REF
21474836501,107374182422,REF
21474836502,107374182423,REF
21474836503,107374182424,REF
21474836504,107374182425,REF
21474836505,107374182400,REF
21474836506,107374182426,REF
21474836507,107374182428,REF
21474836508,107374182429,REF
21474836509,107374182430,REF
21474836510,107374182427,REF
21474836511,107374182432,REF
21474836512,107374182433,REF
21474836513,107374182431,REF
34359738368,94489280547,REF
34359738369,94489280583,REF
34359738370,94489280545,REF
34359738371,94489280535,REF
34359738372,94489280591,REF
34359738373,94489280583,REF
34359738374,94489280545,REF
34359738375,94489280535,REF
34359738376,94489280591,REF
34359738377,94489280542,REF
34359738378,94489280547,REF
34359738379,94489280555,REF
34359738380,94489280541,REF
34359738381,94489280554,REF
34359738382,94489280530,REF
34359738383,94489280561,REF
34359738384,94489280543,REF
34359738385,94489280531,REF
34359738386,94489280536,REF
34359738387,94489280531,REF
34359738388,94489280539,REF
34359738389,94489280536,REF
34359738390,94489280531,REF
34359738391,94489280550,REF
34359738392,94489280531,REF
34359738393,94489280551,REF
34359738394,94489280548,REF
34359738395,94489280538,REF
34359738396,94489280548,REF
34359738397,94489280538,REF
34359738398,94489280548,REF
34359738399,94489280538,REF
34359738400,94489280536,REF
34359738401,94489280557,REF
34359738402,94489280562,REF
34359738403,94489280563,REF
34359738404,94489280564,REF
34359738405,94489280541,REF
34359738406,94489280554,REF
34359738407,94489280530,REF
34359738408,94489280533,REF
34359738409,94489280547,REF
34359738410,94489280561,REF
34359738411,94489280555,REF
34359738412,94489280536,REF
34359738413,94489280531,REF
34359738414,94489280541,REF
34359738415,94489280554,REF
34359738416,94489280534,REF
34359738417,94489280561,REF
34359738418,94489280677,REF
34359738419,94489280544,REF
34359738420,94489280537,REF
34359738421,94489280536,REF
34359738422,94489280531,REF
34359738423,94489280541,REF
34359738424,94489280554,REF
34359738425,94489280691,REF
34359738426,94489280561,REF
34359738427,94489280677,REF
34359738428,94489280544,REF
34359738429,94489280537,REF
34359738430,94489280536,REF
34359738431,94489280531,REF
34359738432,94489280557,REF
34359738433,94489280542,REF
34359738434,94489280554,REF
34359738435,94489280533,REF
34359738436,94489280555,REF
34359738437,94489280558,REF
34359738438,94489280534,REF
34359738439,94489280543,REF
34359738440,94489280530,REF
34359738441,94489280560,REF
34359738442,94489280531,REF
34359738443,94489280542,REF
34359738444,94489280554,REF
34359738445,94489280532,REF
34359738446,94489280536,REF
34359738447,94489280733,REF
34359738448,94489280541,REF
34359738449,94489280554,REF
34359738450,94489280543,REF
34359738451,94489280542,REF
34359738452,94489280536,REF
34359738453,94489280746,REF
34359738454,94489280534,REF
34359738455,94489280543,REF
34359738456,94489280554,REF
34359738457,94489280558,REF
34359738458,94489280534,REF
34359738459,94489280536,REF
34359738460,94489280531,REF
34359738461,94489280549,REF
34359738462,94489280550,REF
34359738463,94489280559,REF
34359738464,94489280555,REF
34359738465,94489280542,REF
34359738466,94489280554,REF
34359738467,94489280536,REF
34359738468,94489280733,REF
34359738469,94489280543,REF
34359738470,94489280554,REF
34359738471,94489280530,REF
34359738472,94489280536,REF
34359738473,94489280572,REF
34359738474,94489280542,REF
34359738475,94489280558,REF
34359738476,94489280534,REF
34359738477,94489280557,REF
34359738478,94489280555,REF
34359738479,94489280543,REF
34359738480,94489280554,REF
34359738481,94489280534,REF
34359738482,94489280536,REF
34359738483,94489280542,REF
34359738484,94489280536,REF
34359738485,94489280531,REF
34359738486,94489280568,REF
34359738487,94489280569,REF
34359738488,94489280570,REF
34359738489,94489280571,REF
34359738490,94489280536,REF
34359738491,94489280531,REF
34359738492,94489280572,REF
34359738493,94489280573,REF
34359738494,94489280574,REF
34359738495,94489280556,REF
34359738496,94489280536,REF
34359738497,94489280531,REF
34359738498,94489280565,REF
34359738499,94489280566,REF
34359738500,94489280575,REF
34359738501,94489280567,REF
34359738502,94489280576,REF
34359738503,94489280536,REF
34359738504,94489280832,REF
34359738505,94489280532,REF
34359738506,94489280898,REF
34359738507,94489280884,REF
34359738508,94489280890,REF
34359738509,94489280891,REF
34359738510,94489280892,REF
34359738511,94489280888,REF
34359738512,94489280883,REF
34359738513,94489280881,REF
34359738514,94489280922,REF
34359738515,94489280920,REF
34359738516,94489280917,REF
34359738517,94489280928,REF
34359738518,94489280925,REF
34359738519,94489280926,REF
68719476736,94489280530,REF
68719476737,94489280531,REF
68719476738,94489280532,REF
68719476739,94489280533,REF
68719476740,94489280534,REF
68719476741,94489280535,REF
68719476742,94489280536,REF
68719476743,94489280537,REF
68719476744,94489280538,REF
68719476745,94489280539,REF
68719476746,94489280537,REF
68719476747,94489280545,REF
68719476748,94489280546,REF
68719476749,94489280547,REF
68719476750,94489280546,REF
68719476751,94489280548,REF
68719476752,94489280546,REF
68719476753,94489280549,REF
68719476754,94489280546,REF
68719476755,94489280550,REF
68719476756,94489280546,REF
68719476757,94489280551,REF
68719476758,94489280546,REF
68719476759,94489280552,REF
68719476760,94489280546,REF
68719476761,94489280552,REF
68719476762,94489280540,REF
68719476763,94489280540,REF
68719476764,94489280540,REF
68719476765,94489280553,REF
68719476766,94489280546,REF
68719476767,94489280552,REF
68719476768,94489280553,REF
68719476769,94489280553,REF
68719476770,94489280552,REF
68719476771,94489280552,REF
68719476772,94489280553,REF
68719476773,94489280553,REF
68719476774,94489280552,REF
68719476775,94489280541,REF
68719476776,94489280542,REF
68719476777,94489280543,REF
68719476778,94489280544,REF
68719476779,94489280554,REF
68719476780,111669149696,REF
68719476781,94489280579,REF
68719476782,94489280580,REF
68719476783,94489280580,REF
68719476784,94489280580,REF
68719476785,111669149696,REF
68719476786,94489280579,REF
68719476787,94489280581,REF
68719476788,94489280581,REF
68719476789,94489280581,REF
68719476790,94489280582,REF
68719476791,94489280584,REF
68719476792,94489280584,REF
68719476793,111669149696,REF
68719476794,94489280585,REF
68719476795,94489280586,REF
68719476796,94489280586,REF
68719476797,94489280587,REF
68719476798,94489280586,REF
68719476799,94489280588,REF
68719476800,94489280587,REF
68719476801,94489280586,REF
68719476802,94489280589,REF
68719476803,94489280589,REF
68719476804,94489280582,REF
68719476805,94489280590,REF
68719476806,94489280586,REF
68719476807,94489280555,REF
68719476808,111669149698,REF
68719476809,94489280592,REF
68719476810,94489280593,REF
68719476811,94489280593,REF
68719476812,111669149697,REF
68719476813,94489280594,REF
68719476814,94489280595,REF
68719476815,94489280595,REF
68719476816,94489280596,REF
68719476817,94489280595,REF
68719476818,94489280597,REF
68719476819,94489280596,REF
68719476820,94489280595,REF
68719476821,94489280598,REF
68719476822,94489280598,REF
68719476823,94489280592,REF
68719476824,94489280599,REF
68719476825,94489280595,REF
68719476826,94489280556,REF
68719476827,94489280600,REF
68719476828,94489280601,REF
68719476829,94489280602,REF
68719476830,94489280602,REF
68719476831,94489280602,REF
68719476832,94489280603,REF
68719476833,94489280603,REF
68719476834,94489280603,REF
68719476835,94489280603,REF
68719476836,94489280603,REF
68719476837,94489280603,REF
68719476838,94489280604,REF
68719476839,94489280604,REF
68719476840,94489280604,REF
68719476841,94489280604,REF
68719476842,94489280604,REF
68719476843,94489280604,REF
68719476844,94489280605,REF
68719476845,94489280600,REF
68719476846,94489280605,REF
68719476847,94489280606,REF
68719476848,94489280607,REF
68719476849,94489280608,REF
68719476850,94489280609,REF
68719476851,94489280828,REF
68719476852,94489280512,REF
68719476853,94489280512,REF
68719476854,94489280828,REF
68719476855,94489280828,REF
68719476856,94489280609,REF
68719476857,94489280609,REF
68719476858,94489280829,REF
68719476859,94489280829,REF
68719476860,94489280829,REF
68719476861,94489280512,REF
68719476862,94489280828,REF
68719476863,94489280610,REF
68719476864,94489280601,REF
68719476865,94489280601,REF
68719476866,94489280611,REF
68719476867,94489280611,REF
68719476868,94489280611,REF
68719476869,94489280612,REF
68719476870,94489280613,REF
68719476871,94489280613,REF
68719476872,94489280613,REF
68719476873,94489280613,REF
68719476874,94489280613,REF
68719476875,94489280612,REF
68719476876,94489280614,REF
68719476877,94489280613,REF
68719476878,94489280612,REF
68719476879,94489280613,REF
68719476880,94489280613,REF
68719476881,94489280613,REF
68719476882,94489280613,REF
68719476883,94489280615,REF
68719476884,94489280615,REF
68719476885,94489280609,REF
68719476886,94489280609,REF
68719476887,94489280607,REF
68719476888,94489280609,REF
68719476889,94489280606,REF
68719476890,94489280616,REF
68719476891,94489280601,REF
68719476892,94489280617,REF
68719476893,94489280617,REF
68719476894,94489280617,REF
68719476895,94489280616,REF
68719476896,94489280606,REF
68719476897,94489280557,REF
68719476898,111669149699,REF
68719476899,94489280618,REF
68719476900,94489280619,REF
68719476901,94489280619,REF
68719476902,94489280619,REF
68719476903,94489280620,REF
68719476904,94489280620,REF
68719476905,94489280621,REF
68719476906,111669149700,REF
68719476907,94489280620,REF
68719476908,111669149700,REF
68719476909,111669149701,REF
68719476910,94489280621,REF
68719476911,94489280620,REF
68719476912,94489280558,REF
68719476913,111669149702,REF
68719476914,94489280622,REF
68719476915,94489280623,REF
68719476916,94489280623,REF
68719476917,94489280623,REF
68719476918,94489280624,REF
68719476919,94489280624,REF
68719476920,94489280624,REF
68719476921,94489280624,REF
68719476922,94489280625,REF
68719476923,94489280626,REF
68719476924,94489280559,REF
68719476925,111669149703,REF
68719476926,94489280627,REF
68719476927,94489280628,REF
68719476928,94489280628,REF
68719476929,94489280628,REF
68719476930,94489280629,REF
68719476931,94489280629,REF
68719476932,94489280630,REF
68719476933,94489280631,REF
68719476934,94489280631,REF
68719476935,94489280631,REF
68719476936,94489280629,REF
68719476937,94489280830,REF
68719476938,94489280560,REF
68719476939,111669149704,REF
68719476940,94489280632,REF
68719476941,94489280633,REF
68719476942,94489280633,REF
68719476943,94489280633,REF
68719476944,94489280634,REF
68719476945,94489280634,REF
68719476946,94489280634,REF
68719476947,94489280561,REF
68719476948,111669149705,REF
68719476949,111669149706,REF
68719476950,94489280635,REF
68719476951,94489280635,REF
68719476952,94489280635,REF
68719476953,94489280636,REF
68719476954,94489280636,REF
68719476955,94489280637,REF
68719476956,94489280637,REF
68719476957,94489280637,REF
68719476958,94489280562,REF
68719476959,111669149707,REF
68719476960,94489280638,REF
68719476961,94489280638,REF
68719476962,94489280639,REF
68719476963,94489280563,REF
68719476964,111669149708,REF
68719476965,94489280640,REF
68719476966,94489280640,REF
68719476967,94489280641,REF
68719476968,94489280564,REF
68719476969,111669149709,REF
68719476970,94489280642,REF
68719476971,94489280642,REF
68719476972,94489280643,REF
68719476973,94489280565,REF
68719476974,94489280644,REF
68719476975,94489280645,REF
68719476976,94489280646,REF
68719476977,94489280647,REF
68719476978,94489280645,REF
68719476979,94489280648,REF
68719476980,94489280649,REF
68719476981,94489280645,REF
68719476982,94489280650,REF
68719476983,94489280651,REF
68719476984,94489280645,REF
68719476985,94489280652,REF
68719476986,111669149710,REF
68719476987,94489280831,REF
68719476988,94489280645,REF
68719476989,94489280653,REF
68719476990,94489280654,REF
68719476991,94489280655,REF
68719476992,94489280656,REF
68719476993,94489280833,REF
68719476994,94489280513,REF
68719476995,94489280648,REF
68719476996,94489280833,REF
68719476997,94489280833,REF
68719476998,94489280656,REF
68719476999,94489280656,REF
68719477000,94489280834,REF
68719477001,94489280834,REF
68719477002,94489280834,REF
68719477003,94489280513,REF
68719477004,94489280833,REF
68719477005,94489280657,REF
68719477006,94489280644,REF
68719477007,94489280835,REF
68719477008,94489280514,REF
68719477009,94489280835,REF
68719477010,94489280835,REF
68719477011,94489280656,REF
68719477012,94489280656,REF
68719477013,94489280836,REF
68719477014,94489280836,REF
68719477015,94489280836,REF
68719477016,94489280514,REF
68719477017,94489280835,REF
68719477018,94489280658,REF
68719477019,94489280659,REF
68719477020,94489280660,REF
68719477021,94489280660,REF
68719477022,94489280661,REF
68719477023,94489280661,REF
68719477024,94489280661,REF
68719477025,94489280662,REF
68719477026,94489280663,REF
68719477027,94489280663,REF
68719477028,94489280659,REF
68719477029,94489280663,REF
68719477030,94489280646,REF
68719477031,94489280663,REF
68719477032,94489280648,REF
68719477033,94489280663,REF
68719477034,94489280653,REF
68719477035,94489280662,REF
68719477036,94489280664,REF
68719477037,94489280663,REF
68719477038,94489280662,REF
68719477039,94489280663,REF
68719477040,94489280650,REF
68719477041,94489280663,REF
68719477042,94489280652,REF
68719477043,94489280663,REF
68719477044,94489280656,REF
68719477045,94489280656,REF
68719477046,94489280654,REF
68719477047,94489280656,REF
68719477048,94489280665,REF
68719477049,94489280659,REF
68719477050,94489280644,REF
68719477051,94489280566,REF
68719477052,94489280666,REF
68719477053,94489280667,REF
68719477054,94489280668,REF
68719477055,94489280669,REF
68719477056,94489280670,REF
68719477057,94489280671,REF
68719477058,94489280837,REF
68719477059,94489280515,REF
68719477060,94489280837,REF
68719477061,94489280837,REF
68719477062,94489280671,REF
68719477063,94489280671,REF
68719477064,94489280838,REF
68719477065,94489280838,REF
68719477066,94489280838,REF
68719477067,94489280515,REF
68719477068,94489280515,REF
68719477069,94489280515,REF
68719477070,94489280837,REF
68719477071,94489280672,REF
68719477072,94489280673,REF
68719477073,94489280673,REF
68719477074,94489280673,REF
68719477075,94489280673,REF
68719477076,94489280674,REF
68719477077,94489280673,REF
68719477078,94489280668,REF
68719477079,94489280674,REF
68719477080,94489280675,REF
68719477081,94489280666,REF
68719477082,94489280676,REF
68719477083,94489280678,REF
68719477084,94489280666,REF
68719477085,94489280678,REF
68719477086,94489280679,REF
68719477087,94489280680,REF
68719477088,94489280680,REF
68719477089,94489280680,REF
68719477090,94489280681,REF
68719477091,94489280681,REF
68719477092,94489280681,REF
68719477093,94489280676,REF
68719477094,94489280666,REF
68719477095,94489280567,REF
68719477096,94489280682,REF
68719477097,94489280683,REF
68719477098,94489280684,REF
68719477099,94489280684,REF
68719477100,94489280684,REF
68719477101,94489280685,REF
68719477102,94489280683,REF
68719477103,94489280686,REF
68719477104,94489280687,REF
68719477105,94489280688,REF
68719477106,94489280689,REF
68719477107,94489280690,REF
68719477108,94489280690,REF
68719477109,94489280690,REF
68719477110,94489280685,REF
68719477111,94489280690,REF
68719477112,94489280690,REF
68719477113,94489280692,REF
68719477114,94489280690,REF
68719477115,94489280686,REF
68719477116,94489280692,REF
68719477117,94489280693,REF
68719477118,94489280690,REF
68719477119,94489280682,REF
68719477120,94489280690,REF
68719477121,94489280689,REF
68719477122,94489280689,REF
68719477123,94489280694,REF
68719477124,94489280694,REF
68719477125,94489280694,REF
68719477126,94489280690,REF
68719477127,94489280695,REF
68719477128,94489280696,REF
68719477129,94489280682,REF
68719477130,94489280696,REF
68719477131,94489280697,REF
68719477132,94489280698,REF
68719477133,94489280698,REF
68719477134,94489280698,REF
68719477135,94489280699,REF
68719477136,94489280699,REF
68719477137,94489280699,REF
68719477138,94489280695,REF
68719477139,94489280682,REF
68719477140,94489280568,REF
68719477141,94489280700,REF
68719477142,94489280700,REF
68719477143,94489280700,REF
68719477144,94489280701,REF
68719477145,94489280702,REF
68719477146,94489280702,REF
68719477147,94489280703,REF
68719477148,94489280704,REF
68719477149,94489280703,REF
68719477150,94489280705,REF
68719477151,94489280839,REF
68719477152,94489280516,REF
68719477153,94489280516,REF
68719477154,94489280839,REF
68719477155,94489280839,REF
68719477156,94489280703,REF
68719477157,94489280840,REF
68719477158,94489280840,REF
68719477159,94489280840,REF
68719477160,94489280841,REF
68719477161,94489280841,REF
68719477162,94489280841,REF
68719477163,94489280842,REF
68719477164,94489280842,REF
68719477165,94489280842,REF
68719477166,94489280516,REF
68719477167,94489280516,REF
68719477168,94489280516,REF
68719477169,94489280839,REF
68719477170,94489280706,REF
68719477171,94489280706,REF
68719477172,94489280700,REF
68719477173,94489280707,REF
68719477174,94489280708,REF
68719477175,94489280709,REF
68719477176,94489280843,REF
68719477177,94489280517,REF
68719477178,94489280843,REF
68719477179,94489280843,REF
68719477180,94489280709,REF
68719477181,94489280709,REF
68719477182,94489280844,REF
68719477183,94489280844,REF
68719477184,94489280844,REF
68719477185,94489280517,REF
68719477186,94489280843,REF
68719477187,94489280710,REF
68719477188,94489280711,REF
68719477189,94489280712,REF
68719477190,94489280712,REF
68719477191,94489280711,REF
68719477192,94489280712,REF
68719477193,94489280704,REF
68719477194,94489280712,REF
68719477195,94489280705,REF
68719477196,94489280712,REF
68719477197,94489280706,REF
68719477198,94489280712,REF
68719477199,94489280709,REF
68719477200,94489280709,REF
68719477201,94489280707,REF
68719477202,94489280709,REF
68719477203,94489280713,REF
68719477204,94489280704,REF
68719477205,94489280711,REF
68719477206,94489280700,REF
68719477207,94489280702,REF
68719477208,94489280707,REF
68719477209,94489280708,REF
68719477210,94489280709,REF
68719477211,94489280709,REF
68719477212,94489280700,REF
68719477213,94489280714,REF
68719477214,94489280715,REF
68719477215,94489280845,REF
68719477216,94489280518,REF
68719477217,94489280845,REF
68719477218,94489280845,REF
68719477219,94489280709,REF
68719477220,94489280709,REF
68719477221,94489280846,REF
68719477222,94489280846,REF
68719477223,94489280846,REF
68719477224,94489280518,REF
68719477225,94489280518,REF
68719477226,94489280715,REF
68719477227,94489280845,REF
68719477228,94489280716,REF
68719477229,94489280717,REF
68719477230,94489280717,REF
68719477231,94489280700,REF
68719477232,94489280718,REF
68719477233,94489280708,REF
68719477234,94489280719,REF
68719477235,94489280847,REF
68719477236,94489280519,REF
68719477237,94489280715,REF
68719477238,94489280847,REF
68719477239,94489280847,REF
68719477240,94489280719,REF
68719477241,94489280719,REF
68719477242,94489280848,REF
68719477243,94489280848,REF
68719477244,94489280848,REF
68719477245,94489280519,REF
68719477246,94489280847,REF
68719477247,94489280720,REF
68719477248,94489280700,REF
68719477249,94489280717,REF
68719477250,94489280721,REF
68719477251,94489280700,REF
68719477252,94489280707,REF
68719477253,94489280849,REF
68719477254,94489280520,REF
68719477255,94489280849,REF
68719477256,94489280849,REF
68719477257,94489280709,REF
68719477258,94489280709,REF
68719477259,94489280850,REF
68719477260,94489280850,REF
68719477261,94489280850,REF
68719477262,94489280520,REF
68719477263,94489280520,REF
68719477264,94489280715,REF
68719477265,94489280849,REF
68719477266,94489280713,REF
68719477267,94489280700,REF
68719477268,94489280702,REF
68719477269,94489280700,REF
68719477270,94489280569,REF
68719477271,94489280722,REF
68719477272,94489280723,REF
68719477273,94489280723,REF
68719477274,94489280723,REF
68719477275,94489280724,REF
68719477276,94489280724,REF
68719477277,94489280724,REF
68719477278,94489280725,REF
68719477279,94489280726,REF
68719477280,94489280727,REF
68719477281,94489280728,REF
68719477282,94489280851,REF
68719477283,94489280521,REF
68719477284,94489280851,REF
68719477285,94489280851,REF
68719477286,94489280728,REF
68719477287,94489280728,REF
68719477288,94489280852,REF
68719477289,94489280852,REF
68719477290,94489280852,REF
68719477291,94489280521,REF
68719477292,94489280725,REF
68719477293,94489280521,REF
68719477294,94489280853,REF
68719477295,94489280853,REF
68719477296,94489280853,REF
68719477297,94489280851,REF
68719477298,94489280729,REF
68719477299,94489280729,REF
68719477300,94489280729,REF
68719477301,94489280730,REF
68719477302,94489280731,REF
68719477303,94489280732,REF
68719477304,94489280731,REF
68719477305,94489280732,REF
68719477306,94489280731,REF
68719477307,94489280732,REF
68719477308,94489280731,REF
68719477309,94489280732,REF
68719477310,94489280734,REF
68719477311,94489280734,REF
68719477312,94489280734,REF
68719477313,94489280731,REF
68719477314,94489280731,REF
68719477315,94489280729,REF
68719477316,94489280729,REF
68719477317,94489280735,REF
68719477318,94489280735,REF
68719477319,94489280735,REF
68719477320,94489280732,REF
68719477321,94489280731,REF
68719477322,94489280570,REF
68719477323,94489280736,REF
68719477324,94489280737,REF
68719477325,94489280738,REF
68719477326,94489280739,REF
68719477327,94489280737,REF
68719477328,94489280740,REF
68719477329,94489280741,REF
68719477330,94489280737,REF
68719477331,94489280742,REF
68719477332,94489280738,REF
68719477333,94489280743,REF
68719477334,94489280854,REF
68719477335,94489280854,REF
68719477336,94489280522,REF
68719477337,94489280522,REF
68719477338,94489280742,REF
68719477339,94489280742,REF
68719477340,94489280855,REF
68719477341,94489280855,REF
68719477342,94489280855,REF
68719477343,94489280522,REF
68719477344,94489280854,REF
68719477345,94489280744,REF
68719477346,94489280743,REF
68719477347,94489280745,REF
68719477348,94489280745,REF
68719477349,94489280745,REF
68719477350,94489280745,REF
68719477351,94489280743,REF
68719477352,94489280856,REF
68719477353,94489280523,REF
68719477354,94489280856,REF
68719477355,94489280856,REF
68719477356,94489280740,REF
68719477357,94489280740,REF
68719477358,94489280857,REF
68719477359,94489280857,REF
68719477360,94489280857,REF
68719477361,94489280523,REF
68719477362,94489280523,REF
68719477363,94489280745,REF
68719477364,94489280856,REF
68719477365,94489280747,REF
68719477366,94489280748,REF
68719477367,94489280748,REF
68719477368,94489280748,REF
68719477369,94489280744,REF
68719477370,94489280744,REF
68719477371,94489280749,REF
68719477372,94489280748,REF
68719477373,94489280748,REF
68719477374,94489280750,REF
68719477375,94489280748,REF
68719477376,94489280749,REF
68719477377,94489280750,REF
68719477378,94489280743,REF
68719477379,94489280743,REF
68719477380,94489280743,REF
68719477381,94489280738,REF
68719477382,94489280738,REF
68719477383,94489280751,REF
68719477384,94489280751,REF
68719477385,94489280751,REF
68719477386,94489280745,REF
68719477387,94489280571,REF
68719477388,94489280752,REF
68719477389,94489280753,REF
68719477390,94489280754,REF
68719477391,94489280755,REF
68719477392,94489280756,REF
68719477393,94489280858,REF
68719477394,94489280524,REF
68719477395,94489280858,REF
68719477396,94489280858,REF
68719477397,94489280754,REF
68719477398,94489280754,REF
68719477399,94489280859,REF
68719477400,94489280859,REF
68719477401,94489280859,REF
68719477402,94489280524,REF
68719477403,94489280524,REF
68719477404,94489280756,REF
68719477405,94489280858,REF
68719477406,94489280757,REF
68719477407,94489280758,REF
68719477408,94489280758,REF
68719477409,94489280759,REF
68719477410,94489280758,REF
68719477411,94489280758,REF
68719477412,94489280759,REF
68719477413,94489280759,REF
68719477414,94489280759,REF
68719477415,94489280759,REF
68719477416,94489280760,REF
68719477417,94489280761,REF
68719477418,94489280761,REF
68719477419,94489280761,REF
68719477420,94489280762,REF
68719477421,94489280762,REF
68719477422,94489280763,REF
68719477423,94489280763,REF
68719477424,94489280764,REF
68719477425,94489280765,REF
68719477426,94489280766,REF
68719477427,94489280766,REF
68719477428,94489280766,REF
68719477429,94489280764,REF
68719477430,94489280765,REF
68719477431,94489280765,REF
68719477432,94489280767,REF
68719477433,94489280767,REF
68719477434,94489280767,REF
68719477435,94489280768,REF
68719477436,94489280762,REF
68719477437,94489280769,REF
68719477438,94489280768,REF
68719477439,94489280759,REF
68719477440,94489280768,REF
68719477441,94489280758,REF
68719477442,94489280752,REF
68719477443,94489280754,REF
68719477444,94489280770,REF
68719477445,94489280768,REF
68719477446,94489280759,REF
68719477447,94489280572,REF
68719477448,94489280771,REF
68719477449,94489280772,REF
68719477450,94489280773,REF
68719477451,94489280773,REF
68719477452,94489280774,REF
68719477453,94489280774,REF
68719477454,94489280775,REF
68719477455,94489280775,REF
68719477456,94489280775,REF
68719477457,94489280774,REF
68719477458,94489280775,REF
68719477459,94489280776,REF
68719477460,94489280776,REF
68719477461,94489280776,REF
68719477462,94489280774,REF
68719477463,94489280773,REF
68719477464,94489280773,REF
68719477465,94489280777,REF
68719477466,94489280777,REF
68719477467,94489280777,REF
68719477468,94489280775,REF
68719477469,94489280774,REF
68719477470,94489280573,REF
68719477471,94489280778,REF
68719477472,94489280779,REF
68719477473,94489280780,REF
68719477474,94489280860,REF
68719477475,94489280525,REF
68719477476,111669149711,REF
68719477477,94489280860,REF
68719477478,94489280860,REF
68719477479,94489280780,REF
68719477480,94489280780,REF
68719477481,94489280861,REF
68719477482,94489280861,REF
68719477483,94489280861,REF
68719477484,94489280525,REF
68719477485,94489280860,REF
68719477486,94489280781,REF
68719477487,94489280782,REF
68719477488,94489280783,REF
68719477489,94489280784,REF
68719477490,94489280779,REF
68719477491,94489280785,REF
68719477492,94489280785,REF
68719477493,94489280786,REF
68719477494,94489280787,REF
68719477495,94489280862,REF
68719477496,94489280526,REF
68719477497,94489280862,REF
68719477498,94489280862,REF
68719477499,94489280785,REF
68719477500,94489280785,REF
68719477501,94489280863,REF
68719477502,94489280863,REF
68719477503,94489280863,REF
68719477504,94489280526,REF
68719477505,94489280526,REF
68719477506,94489280787,REF
68719477507,94489280862,REF
68719477508,94489280788,REF
68719477509,94489280789,REF
68719477510,94489280789,REF
68719477511,94489280782,REF
68719477512,94489280789,REF
68719477513,94489280790,REF
68719477514,94489280790,REF
68719477515,94489280790,REF
68719477516,94489280782,REF
68719477517,94489280791,REF
68719477518,94489280792,REF
68719477519,94489280864,REF
68719477520,94489280527,REF
68719477521,94489280864,REF
68719477522,94489280864,REF
68719477523,94489280789,REF
68719477524,94489280865,REF
68719477525,94489280865,REF
68719477526,94489280865,REF
68719477527,94489280866,REF
68719477528,94489280866,REF
68719477529,94489280866,REF
68719477530,94489280527,REF
68719477531,94489280527,REF
68719477532,94489280527,REF
68719477533,94489280792,REF
68719477534,94489280792,REF
68719477535,94489280864,REF
68719477536,94489280788,REF
68719477537,94489280793,REF
68719477538,94489280793,REF
68719477539,94489280782,REF
68719477540,94489280794,REF
68719477541,94489280794,REF
68719477542,111669149711,REF
68719477543,94489280794,REF
68719477544,94489280787,REF
68719477545,94489280794,REF
68719477546,94489280793,REF
68719477547,94489280794,REF
68719477548,94489280794,REF
68719477549,94489280780,REF
68719477550,94489280780,REF
68719477551,94489280778,REF
68719477552,94489280780,REF
68719477553,94489280795,REF
68719477554,94489280782,REF
68719477555,94489280574,REF
68719477556,94489280796,REF
68719477557,94489280797,REF
68719477558,94489280798,REF
68719477559,94489280867,REF
68719477560,94489280528,REF
68719477561,94489280867,REF
68719477562,94489280867,REF
68719477563,94489280798,REF
68719477564,94489280798,REF
68719477565,94489280868,REF
68719477566,94489280868,REF
68719477567,94489280868,REF
68719477568,94489280528,REF
68719477569,94489280528,REF
68719477570,111669149712,REF
68719477571,94489280867,REF
68719477572,94489280799,REF
68719477573,94489280800,REF
68719477574,94489280800,REF
68719477575,94489280801,REF
68719477576,94489280800,REF
68719477577,94489280802,REF
68719477578,94489280797,REF
68719477579,94489280803,REF
68719477580,94489280869,REF
68719477581,94489280529,REF
68719477582,94489280869,REF
68719477583,94489280869,REF
68719477584,94489280803,REF
68719477585,94489280803,REF
68719477586,94489280870,REF
68719477587,94489280870,REF
68719477588,94489280870,REF
68719477589,94489280529,REF
68719477590,94489280529,REF
68719477591,94489280800,REF
68719477592,94489280869,REF
68719477593,94489280799,REF
68719477594,94489280804,REF
68719477595,94489280800,REF
68719477596,94489280804,REF
68719477597,94489280800,REF
68719477598,94489280801,REF
68719477599,94489280801,REF
68719477600,94489280575,REF
68719477601,94489280805,REF
68719477602,94489280805,REF
68719477603,94489280805,REF
68719477604,94489280805,REF
68719477605,94489280805,REF
68719477606,94489280805,REF
68719477607,94489280806,REF
68719477608,94489280807,REF
68719477609,94489280807,REF
68719477610,94489280808,REF
68719477611,94489280807,REF
68719477612,94489280809,REF
68719477613,94489280807,REF
68719477614,94489280810,REF
68719477615,94489280807,REF
68719477616,94489280811,REF
68719477617,94489280807,REF
68719477618,94489280805,REF
68719477619,94489280805,REF
68719477620,94489280576,REF
68719477621,111669149713,REF
68719477622,94489280812,REF
68719477623,94489280812,REF
68719477624,94489280812,REF
68719477625,94489280812,REF
68719477626,94489280812,REF
68719477627,94489280813,REF
68719477628,94489280814,REF
68719477629,94489280814,REF
68719477630,94489280815,REF
68719477631,94489280814,REF
68719477632,111669149713,REF
68719477633,94489280816,REF
68719477634,94489280814,REF
68719477635,111669149713,REF
68719477636,94489280817,REF
68719477637,94489280814,REF
68719477638,94489280812,REF
68719477639,94489280812,REF
68719477640,94489280577,REF
68719477641,94489280818,REF
68719477642,94489280819,REF
68719477643,94489280819,REF
68719477644,94489280819,REF
68719477645,94489280819,REF
68719477646,94489280819,REF
68719477647,94489280820,REF
68719477648,94489280821,REF
68719477649,94489280821,REF
68719477650,94489280822,REF
68719477651,94489280821,REF
68719477652,94489280823,REF
68719477653,94489280824,REF
68719477654,94489280821,REF
68719477655,94489280825,REF
68719477656,94489280826,REF
68719477657,94489280826,REF
68719477658,94489280826,REF
68719477659,94489280827,REF
68719477660,94489280821,REF
68719477661,94489280819,REF
68719477662,94489280819,REF
68719477663,94489280578,REF
68719477664,94489280577,REF
68719477665,94489280871,REF
68719477666,94489280878,REF
68719477667,94489280879,REF
68719477668,94489280871,REF
68719477669,94489280871,REF
68719477670,94489280871,REF
68719477671,94489280872,REF
68719477672,94489280872,REF
68719477673,94489280878,REF
68719477674,94489280878,REF
68719477675,94489280873,REF
68719477676,94489280873,REF
68719477677,94489280878,REF
68719477678,94489280878,REF
68719477679,94489280871,REF
68719477680,94489280871,REF
68719477681,94489280871,REF
68719477682,94489280871,REF
68719477683,94489280874,REF
68719477684,94489280874,REF
68719477685,94489280878,REF
68719477686,94489280878,REF
68719477687,94489280875,REF
68719477688,94489280875,REF
68719477689,94489280878,REF
68719477690,94489280878,REF
68719477691,94489280871,REF
68719477692,94489280871,REF
68719477693,94489280871,REF
68719477694,94489280871,REF
68719477695,94489280876,REF
68719477696,94489280876,REF
68719477697,94489280878,REF
68719477698,94489280878,REF
68719477699,94489280877,REF
68719477700,94489280877,REF
68719477701,94489280878,REF
68719477702,94489280878,REF
68719477703,94489280871,REF
68719477704,94489280881,REF
68719477705,94489280882,REF
68719477706,94489280883,REF
68719477707,94489280883,REF
68719477708,94489280884,REF
68719477709,94489280888,REF
68719477710,94489280889,REF
68719477711,94489280890,REF
68719477712,94489280889,REF
68719477713,94489280891,REF
68719477714,94489280889,REF
68719477715,94489280892,REF
68719477716,94489280889,REF
68719477717,94489280893,REF
68719477718,94489280896,REF
68719477719,94489280897,REF
68719477720,94489280899,REF
68719477721,94489280897,REF
68719477722,94489280900,REF
68719477723,94489280897,REF
68719477724,94489280901,REF
68719477725,94489280902,REF
68719477726,94489280897,REF
68719477727,94489280903,REF
68719477728,94489280899,REF
68719477729,94489280904,REF
68719477730,94489280900,REF
68719477731,94489280905,REF
68719477732,94489280902,REF
68719477733,94489280906,REF
68719477734,94489280903,REF
68719477735,94489280907,REF
68719477736,94489280908,REF
68719477737,94489280909,REF
68719477738,94489280909,REF
68719477739,94489280897,REF
68719477740,94489280909,REF
68719477741,94489280899,REF
68719477742,94489280909,REF
68719477743,94489280900,REF
68719477744,94489280909,REF
68719477745,94489280902,REF
68719477746,94489280909,REF
68719477747,94489280908,REF
68719477748,94489280909,REF
68719477749,94489280896,REF
68719477750,94489280896,REF
68719477751,111669149714,REF
68719477752,94489280910,REF
68719477753,94489280911,REF
68719477754,94489280911,REF
68719477755,94489280911,REF
68719477756,94489280912,REF
68719477757,94489280912,REF
68719477758,94489280912,REF
68719477759,94489280897,REF
68719477760,94489280896,REF
68719477761,94489280894,REF
68719477762,94489280914,REF
68719477763,94489280880,REF
68719477764,94489280915,REF
68719477765,94489280915,REF
68719477766,94489280915,REF
68719477767,94489280914,REF
68719477768,94489280914,REF
68719477769,111669149715,REF
68719477770,111669149715,REF
68719477771,94489280916,REF
68719477772,94489280916,REF
68719477773,94489280916,REF
68719477774,94489280880,REF
68719477775,94489280914,REF
68719477776,94489280895,REF
68719477777,111669149716,REF
68719477778,94489280913,REF
68719477779,94489280893,REF
68719477780,94489280885,REF
68719477781,94489280885,REF
68719477782,94489280894,REF
68719477783,94489280886,REF
68719477784,94489280885,REF
68719477785,94489280895,REF
68719477786,94489280887,REF
68719477787,94489280887,REF
68719477788,94489280882,REF
68719477789,94489280886,REF
68719477790,94489280882,REF
68719477791,94489280917,REF
68719477792,94489280922,REF
68719477793,94489280923,REF
68719477794,94489280924,REF
68719477795,94489280923,REF
68719477796,94489280925,REF
68719477797,94489280923,REF
68719477798,94489280926,REF
68719477799,94489280923,REF
68719477800,94489280922,REF
68719477801,94489280918,REF
68719477802,94489280918,REF
68719477803,94489280918,REF
68719477804,94489280927,REF
68719477805,94489280922,REF
68719477806,94489280919,REF
68719477807,94489280919,REF
68719477808,94489280919,REF
68719477809,94489280920,REF
68719477810,94489280928,REF
68719477811,111669149717,REF
68719477812,94489280930,REF
68719477813,94489280930,REF
68719477814,94489280931,REF
68719477815,94489280932,REF
68719477816,94489280932,REF
68719477817,94489280932,REF
68719477818,94489280933,REF
68719477819,94489280930,REF
68719477820,94489280934,REF
68719477821,111669149717,REF
68719477822,94489280935,REF
68719477823,111669149718,REF
68719477824,94489280934,REF
68719477825,94489280935,REF
68719477826,94489280936,REF
68719477827,94489280937,REF
68719477828,94489280929,REF
68719477829,111669149720,REF
68719477830,94489280938,REF
68719477831,94489280939,REF
68719477832,111669149721,REF
68719477833,94489280940,REF
68719477834,94489280941,REF
68719477835,94489280939,REF
68719477836,94489280941,REF
68719477837,94489280928,REF
68719477838,94489280924,REF
68719477839,94489280924,REF
68719477840,94489280929,REF
68719477841,94489280921,REF
68719477842,94489280924,REF
68719477843,94489280924,REF
68719477844,94489280921,REF
68719477845,94489280917,REF
120259084288,107374182401,REF
120259084289,107374182402,REF
120259084290,107374182403,REF
120259084291,107374182404,REF
120259084292,107374182405,REF
120259084293,107374182406,REF
120259084294,107374182407,REF
120259084295,107374182408,REF
120259084296,107374182409,REF
120259084297,107374182410,REF
120259084298,107374182411,REF
120259084299,107374182412,REF
120259084300,107374182413,REF
120259084301,107374182414,REF
120259084302,107374182415,REF
120259084303,107374182416,REF
120259084304,107374182417,REF
120259084305,107374182418,REF
120259084306,107374182419,REF
120259084307,107374182420,REF
120259084308,107374182421,REF
120259084309,107374182422,REF
120259084310,107374182423,REF
120259084311,107374182424,REF
120259084312,107374182425,REF
120259084313,107374182428,REF
120259084314,107374182429,REF
120259084315,107374182430,REF
120259084316,107374182432,REF
120259084317,107374182433,REF
120259084318,107374182408,REF
120259084319,107374182409,REF
120259084320,107374182410,REF
120259084321,107374182411,REF
120259084322,107374182409,REF
120259084323,107374182408,REF
137438953472,133143986176,REF
137438953473,133143986176,REF
137438953474,133143986176,REF
137438953475,133143986176,REF
137438953476,133143986176,REF
158913789952,167503724544,REF
158913789953,167503724545,REF
158913789954,167503724546,REF
158913789955,167503724547,REF
158913789956,167503724548,REF
158913789957,167503724549,REF
158913789958,167503724550,REF
158913789959,167503724551,REF
158913789960,167503724552,REF
158913789961,167503724553,REF
158913789962,167503724554,REF
158913789963,167503724555,REF
158913789964,167503724556,REF
158913789965,167503724557,REF
158913789966,167503724558,REF
158913789967,167503724559,REF
158913789968,167503724560,REF
158913789969,167503724561,REF
158913789970,167503724562,REF
158913789971,167503724563,REF
158913789972,167503724564,REF
158913789973,167503724565,REF
158913789974,167503724566,REF
158913789975,167503724567,REF
158913789976,167503724568,REF
158913789977,167503724569,REF
158913789978,167503724570,REF
158913789979,167503724571,REF
158913789980,167503724572,REF
158913789981,167503724573,REF
158913789982,167503724574,REF
158913789983,167503724575,REF
158913789984,167503724576,REF
158913789985,167503724577,REF
158913789986,167503724578,REF
