34359738368,CLOSURE_BINDING,Project.py:<module>._load:os,BY_REFERENCE
34359738369,CLOSURE_BINDING,Project.py:<module>._load:f,BY_REFERENCE
34359738370,CLOSURE_BINDING,Project.py:<module>._load:json,BY_REFERENCE
34359738371,CLOSURE_BINDING,Project.py:<module>._load:open,BY_REFERENCE
34359738372,CLOSURE_BINDING,Project.py:<module>._load:__exit__,BY_REFERENCE
34359738373,CLOSURE_BINDING,Project.py:<module>._save:f,BY_REFERENCE
34359738374,CLOSURE_BINDING,Project.py:<module>._save:json,BY_REFERENCE
34359738375,CLOSURE_BINDING,Project.py:<module>._save:open,BY_REFERENCE
34359738376,CLOSURE_BINDING,Project.py:<module>._save:__exit__,BY_REFERENCE
34359738377,CLOSURE_BINDING,Project.py:<module>.init_data:CENTERS_FILE,BY_REFERENCE
34359738378,CLOSURE_BINDING,Project.py:<module>.init_data:os,BY_REFERENCE
34359738379,CLOSURE_BINDING,Project.py:<module>.init_data:_save,BY_REFERENCE
34359738380,CLOSURE_BINDING,Project.py:<module>.init_data:USERS_FILE,BY_REFERENCE
34359738381,CLOSURE_BINDING,Project.py:<module>.init_data:_load,BY_REFERENCE
34359738382,CLOSURE_BINDING,Project.py:<module>.init_data:any,BY_REFERENCE
34359738383,CLOSURE_BINDING,Project.py:<module>.init_data:_hash,BY_REFERENCE
34359738384,CLOSURE_BINDING,Project.py:<module>.init_data:RESERVATIONS_FILE,BY_REFERENCE
34359738385,CLOSURE_BINDING,Project.py:<module>._ask:input,BY_REFERENCE
34359738386,CLOSURE_BINDING,Project.py:<module>._ask:print,BY_REFERENCE
34359738387,CLOSURE_BINDING,Project.py:<module>._ask_int:input,BY_REFERENCE
34359738388,CLOSURE_BINDING,Project.py:<module>._ask_int:int,BY_REFERENCE
34359738389,CLOSURE_BINDING,Project.py:<module>._ask_int:print,BY_REFERENCE
34359738390,CLOSURE_BINDING,Project.py:<module>._ask_date:input,BY_REFERENCE
34359738391,CLOSURE_BINDING,Project.py:<module>._ask_date:datetime,BY_REFERENCE
34359738392,CLOSURE_BINDING,Project.py:<module>._confirm:input,BY_REFERENCE
34359738393,CLOSURE_BINDING,Project.py:<module>._hash:hashlib,BY_REFERENCE
34359738394,CLOSURE_BINDING,Project.py:<module>._valid_email:re,BY_REFERENCE
34359738395,CLOSURE_BINDING,Project.py:<module>._valid_email:bool,BY_REFERENCE
34359738396,CLOSURE_BINDING,Project.py:<module>._valid_phone:re,BY_REFERENCE
34359738397,CLOSURE_BINDING,Project.py:<module>._valid_phone:bool,BY_REFERENCE
34359738398,CLOSURE_BINDING,Project.py:<module>._valid_national_id:re,BY_REFERENCE
34359738399,CLOSURE_BINDING,Project.py:<module>._valid_national_id:bool,BY_REFERENCE
34359738400,CLOSURE_BINDING,Project.py:<module>.register_user:print,BY_REFERENCE
34359738401,CLOSURE_BINDING,Project.py:<module>.register_user:_ask,BY_REFERENCE
34359738402,CLOSURE_BINDING,Project.py:<module>.register_user:_valid_email,BY_REFERENCE
34359738403,CLOSURE_BINDING,Project.py:<module>.register_user:_valid_phone,BY_REFERENCE
34359738404,CLOSURE_BINDING,Project.py:<module>.register_user:_valid_national_id,BY_REFERENCE
34359738405,CLOSURE_BINDING,Project.py:<module>.register_user:USERS_FILE,BY_REFERENCE
34359738406,CLOSURE_BINDING,Project.py:<module>.register_user:_load,BY_REFERENCE
34359738407,CLOSURE_BINDING,Project.py:<module>.register_user:any,BY_REFERENCE
34359738408,CLOSURE_BINDING,Project.py:<module>.register_user:max,BY_REFERENCE
34359738409,CLOSURE_BINDING,Project.py:<module>.register_user:os,BY_REFERENCE
34359738410,CLOSURE_BINDING,Project.py:<module>.register_user:_hash,BY_REFERENCE
34359738411,CLOSURE_BINDING,Project.py:<module>.register_user:_save,BY_REFERENCE
34359738412,CLOSURE_BINDING,Project.py:<module>.login_admin:print,BY_REFERENCE
34359738413,CLOSURE_BINDING,Project.py:<module>.login_admin:input,BY_REFERENCE
34359738414,CLOSURE_BINDING,Project.py:<module>.login_admin:USERS_FILE,BY_REFERENCE
34359738415,CLOSURE_BINDING,Project.py:<module>.login_admin:_load,BY_REFERENCE
34359738416,CLOSURE_BINDING,Project.py:<module>.login_admin:next,BY_REFERENCE
34359738417,CLOSURE_BINDING,Project.py:<module>.login_admin:_hash,BY_REFERENCE
34359738418,CLOSURE_BINDING,Project.py:<module>.login_admin:attempt,BY_REFERENCE
34359738419,CLOSURE_BINDING,Project.py:<module>.login_admin:MAX_LOGIN_ATTEMPTS,BY_REFERENCE
34359738420,CLOSURE_BINDING,Project.py:<module>.login_admin:range,BY_REFERENCE
34359738421,CLOSURE_BINDING,Project.py:<module>.login_user:print,BY_REFERENCE
34359738422,CLOSURE_BINDING,Project.py:<module>.login_user:input,BY_REFERENCE
34359738423,CLOSURE_BINDING,Project.py:<module>.login_user:USERS_FILE,BY_REFERENCE
34359738424,CLOSURE_BINDING,Project.py:<module>.login_user:_load,BY_REFERENCE
34359738425,CLOSURE_BINDING,Project.py:<module>.login_user:user,BY_REFERENCE
34359738426,CLOSURE_BINDING,Project.py:<module>.login_user:_hash,BY_REFERENCE
34359738427,CLOSURE_BINDING,Project.py:<module>.login_user:attempt,BY_REFERENCE
34359738428,CLOSURE_BINDING,Project.py:<module>.login_user:MAX_LOGIN_ATTEMPTS,BY_REFERENCE
34359738429,CLOSURE_BINDING,Project.py:<module>.login_user:range,BY_REFERENCE
34359738430,CLOSURE_BINDING,Project.py:<module>.add_or_remove_center:print,BY_REFERENCE
34359738431,CLOSURE_BINDING,Project.py:<module>.add_or_remove_center:input,BY_REFERENCE
34359738432,CLOSURE_BINDING,Project.py:<module>.add_or_remove_center:_ask,BY_REFERENCE
34359738433,CLOSURE_BINDING,Project.py:<module>.add_or_remove_center:CENTERS_FILE,BY_REFERENCE
34359738434,CLOSURE_BINDING,Project.py:<module>.add_or_remove_center:_load,BY_REFERENCE
34359738435,CLOSURE_BINDING,Project.py:<module>.add_or_remove_center:max,BY_REFERENCE
34359738436,CLOSURE_BINDING,Project.py:<module>.add_or_remove_center:_save,BY_REFERENCE
34359738437,CLOSURE_BINDING,Project.py:<module>.add_or_remove_center:_ask_int,BY_REFERENCE
34359738438,CLOSURE_BINDING,Project.py:<module>.add_or_remove_center:next,BY_REFERENCE
34359738439,CLOSURE_BINDING,Project.py:<module>.add_or_remove_center:RESERVATIONS_FILE,BY_REFERENCE
34359738440,CLOSURE_BINDING,Project.py:<module>.add_or_remove_center:any,BY_REFERENCE
34359738441,CLOSURE_BINDING,Project.py:<module>.add_or_remove_center:_confirm,BY_REFERENCE
34359738442,CLOSURE_BINDING,Project.py:<module>.search_center_by_name:input,BY_REFERENCE
34359738443,CLOSURE_BINDING,Project.py:<module>.search_center_by_name:CENTERS_FILE,BY_REFERENCE
34359738444,CLOSURE_BINDING,Project.py:<module>.search_center_by_name:_load,BY_REFERENCE
34359738445,CLOSURE_BINDING,Project.py:<module>.search_center_by_name:len,BY_REFERENCE
34359738446,CLOSURE_BINDING,Project.py:<module>.search_center_by_name:print,BY_REFERENCE
34359738447,CLOSURE_BINDING,Project.py:<module>.search_center_by_name:c,BY_REFERENCE
34359738448,CLOSURE_BINDING,Project.py:<module>.list_users_and_reservations:USERS_FILE,BY_REFERENCE
34359738449,CLOSURE_BINDING,Project.py:<module>.list_users_and_reservations:_load,BY_REFERENCE
34359738450,CLOSURE_BINDING,Project.py:<module>.list_users_and_reservations:RESERVATIONS_FILE,BY_REFERENCE
34359738451,CLOSURE_BINDING,Project.py:<module>.list_users_and_reservations:CENTERS_FILE,BY_REFERENCE
34359738452,CLOSURE_BINDING,Project.py:<module>.list_users_and_reservations:print,BY_REFERENCE
34359738453,CLOSURE_BINDING,Project.py:<module>.list_users_and_reservations:u,BY_REFERENCE
34359738454,CLOSURE_BINDING,Project.py:<module>.list_users_and_reservations:next,BY_REFERENCE
34359738455,CLOSURE_BINDING,Project.py:<module>.accept_reservation:RESERVATIONS_FILE,BY_REFERENCE
34359738456,CLOSURE_BINDING,Project.py:<module>.accept_reservation:_load,BY_REFERENCE
34359738457,CLOSURE_BINDING,Project.py:<module>.accept_reservation:_ask_int,BY_REFERENCE
34359738458,CLOSURE_BINDING,Project.py:<module>.accept_reservation:next,BY_REFERENCE
34359738459,CLOSURE_BINDING,Project.py:<module>.accept_reservation:print,BY_REFERENCE
34359738460,CLOSURE_BINDING,Project.py:<module>.accept_reservation:input,BY_REFERENCE
34359738461,CLOSURE_BINDING,Project.py:<module>.accept_reservation:random,BY_REFERENCE
34359738462,CLOSURE_BINDING,Project.py:<module>.accept_reservation:datetime,BY_REFERENCE
34359738463,CLOSURE_BINDING,Project.py:<module>.accept_reservation:_ask_date,BY_REFERENCE
34359738464,CLOSURE_BINDING,Project.py:<module>.accept_reservation:_save,BY_REFERENCE
34359738465,CLOSURE_BINDING,Project.py:<module>.view_centers:CENTERS_FILE,BY_REFERENCE
34359738466,CLOSURE_BINDING,Project.py:<module>.view_centers:_load,BY_REFERENCE
34359738467,CLOSURE_BINDING,Project.py:<module>.view_centers:print,BY_REFERENCE
34359738468,CLOSURE_BINDING,Project.py:<module>.view_centers:c,BY_REFERENCE
34359738469,CLOSURE_BINDING,Project.py:<module>.reserve_vaccination:RESERVATIONS_FILE,BY_REFERENCE
34359738470,CLOSURE_BINDING,Project.py:<module>.reserve_vaccination:_load,BY_REFERENCE
34359738471,CLOSURE_BINDING,Project.py:<module>.reserve_vaccination:any,BY_REFERENCE
34359738472,CLOSURE_BINDING,Project.py:<module>.reserve_vaccination:print,BY_REFERENCE
34359738473,CLOSURE_BINDING,Project.py:<module>.reserve_vaccination:view_centers,BY_REFERENCE
34359738474,CLOSURE_BINDING,Project.py:<module>.reserve_vaccination:CENTERS_FILE,BY_REFERENCE
34359738475,CLOSURE_BINDING,Project.py:<module>.reserve_vaccination:_ask_int,BY_REFERENCE
34359738476,CLOSURE_BINDING,Project.py:<module>.reserve_vaccination:next,BY_REFERENCE
34359738477,CLOSURE_BINDING,Project.py:<module>.reserve_vaccination:_ask,BY_REFERENCE
34359738478,CLOSURE_BINDING,Project.py:<module>.reserve_vaccination:_save,BY_REFERENCE
34359738479,CLOSURE_BINDING,Project.py:<module>.view_vaccination_date:RESERVATIONS_FILE,BY_REFERENCE
34359738480,CLOSURE_BINDING,Project.py:<module>.view_vaccination_date:_load,BY_REFERENCE
34359738481,CLOSURE_BINDING,Project.py:<module>.view_vaccination_date:next,BY_REFERENCE
34359738482,CLOSURE_BINDING,Project.py:<module>.view_vaccination_date:print,BY_REFERENCE
34359738483,CLOSURE_BINDING,Project.py:<module>.view_vaccination_date:CENTERS_FILE,BY_REFERENCE
34359738484,CLOSURE_BINDING,Project.py:<module>.admin_menu:print,BY_REFERENCE
34359738485,CLOSURE_BINDING,Project.py:<module>.admin_menu:input,BY_REFERENCE
34359738486,CLOSURE_BINDING,Project.py:<module>.admin_menu:add_or_remove_center,BY_REFERENCE
34359738487,CLOSURE_BINDING,Project.py:<module>.admin_menu:search_center_by_name,BY_REFERENCE
34359738488,CLOSURE_BINDING,Project.py:<module>.admin_menu:list_users_and_reservations,BY_REFERENCE
34359738489,CLOSURE_BINDING,Project.py:<module>.admin_menu:accept_reservation,BY_REFERENCE
34359738490,CLOSURE_BINDING,Project.py:<module>.user_menu:print,BY_REFERENCE
34359738491,CLOSURE_BINDING,Project.py:<module>.user_menu:input,BY_REFERENCE
34359738492,CLOSURE_BINDING,Project.py:<module>.user_menu:view_centers,BY_REFERENCE
34359738493,CLOSURE_BINDING,Project.py:<module>.user_menu:reserve_vaccination,BY_REFERENCE
34359738494,CLOSURE_BINDING,Project.py:<module>.user_menu:view_vaccination_date,BY_REFERENCE
34359738495,CLOSURE_BINDING,Project.py:<module>.main:init_data,BY_REFERENCE
34359738496,CLOSURE_BINDING,Project.py:<module>.main:print,BY_REFERENCE
34359738497,CLOSURE_BINDING,Project.py:<module>.main:input,BY_REFERENCE
34359738498,CLOSURE_BINDING,Project.py:<module>.main:register_user,BY_REFERENCE
34359738499,CLOSURE_BINDING,Project.py:<module>.main:login_admin,BY_REFERENCE
34359738500,CLOSURE_BINDING,Project.py:<module>.main:admin_menu,BY_REFERENCE
34359738501,CLOSURE_BINDING,Project.py:<module>.main:login_user,BY_REFERENCE
34359738502,CLOSURE_BINDING,Project.py:<module>.main:user_menu,BY_REFERENCE
34359738503,CLOSURE_BINDING,Project.py:<module>._ask_date:print,BY_REFERENCE
34359738504,CLOSURE_BINDING,Project.py:<module>.register_user.<lambda>0:len,BY_REFERENCE
34359738505,CLOSURE_BINDING,Project.py:<module>.register_user:len,BY_REFERENCE
34359738506,CLOSURE_BINDING,scalene_demo.py:<module>.generate_bulk_users:i,BY_REFERENCE
34359738507,CLOSURE_BINDING,scalene_demo.py:<module>.generate_bulk_users:str,BY_REFERENCE
34359738508,CLOSURE_BINDING,scalene_demo.py:<module>.generate_bulk_users:_valid_email,BY_REFERENCE
34359738509,CLOSURE_BINDING,scalene_demo.py:<module>.generate_bulk_users:_valid_phone,BY_REFERENCE
34359738510,CLOSURE_BINDING,scalene_demo.py:<module>.generate_bulk_users:_valid_national_id,BY_REFERENCE
34359738511,CLOSURE_BINDING,scalene_demo.py:<module>.generate_bulk_users:_hash,BY_REFERENCE
34359738512,CLOSURE_BINDING,scalene_demo.py:<module>.generate_bulk_users:range,BY_REFERENCE
34359738513,CLOSURE_BINDING,scalene_demo.py:<module>.calculate_stats:len,BY_REFERENCE
34359738514,CLOSURE_BINDING,trace_demo.py:<module>.my_tracer:os,BY_REFERENCE
34359738515,CLOSURE_BINDING,trace_demo.py:<module>.my_tracer:OWN_FILES,BY_REFERENCE
34359738516,CLOSURE_BINDING,trace_demo.py:<module>.my_tracer:print,BY_REFERENCE
34359738517,CLOSURE_BINDING,trace_demo.py:<module>.my_tracer:my_tracer,BY_REFERENCE
34359738518,CLOSURE_BINDING,trace_demo.py:<module>.check_registration:_valid_email,BY_REFERENCE
34359738519,CLOSURE_BINDING,trace_demo.py:<module>.check_registration:_hash,BY_REFERENCE
