128849018880,MODIFIER,<empty>,,,VIRTUAL,,,0
128849018881,MODIFIER,<empty>,,,MODULE,,,1
128849018882,MODIFIER,<empty>,,,VIRTUAL,,,0
128849018883,MODIFIER,<empty>,,,VIRTUAL,,,0
128849018884,MODIFIER,<empty>,,,VIRTUAL,,,0
128849018885,MODIFIER,<empty>,,,VIRTUAL,,,0
128849018886,MODIFIER,<empty>,,,VIRTUAL,,,0
128849018887,MODIFIER,<empty>,,,VIRTUAL,,,0
128849018888,MODIFIER,<empty>,,,VIRTUAL,,,0
128849018889,MODIFIER,<empty>,,,VIRTUAL,,,0
128849018890,MODIFIER,<empty>,,,VIRTUAL,,,0
128849018891,MODIFIER,<empty>,,,VIRTUAL,,,0
128849018892,MODIFIER,<empty>,,,VIRTUAL,,,0
128849018893,MODIFIER,<empty>,,,VIRTUAL,,,0
128849018894,MODIFIER,<empty>,,,VIRTUAL,,,0
128849018895,MODIFIER,<empty>,,,LAMBDA,,,1
128849018896,MODIFIER,<empty>,,,VIRTUAL,,,0
128849018897,MODIFIER,<empty>,,,VIRTUAL,,,0
128849018898,MODIFIER,<empty>,,,VIRTUAL,,,0
128849018899,MODIFIER,<empty>,,,VIRTUAL,,,0
128849018900,MODIFIER,<empty>,,,VIRTUAL,,,0
128849018901,MODIFIER,<empty>,,,VIRTUAL,,,0
128849018902,MODIFIER,<empty>,,,VIRTUAL,,,0
128849018903,MODIFIER,<empty>,,,VIRTUAL,,,0
128849018904,MODIFIER,<empty>,,,VIRTUAL,,,0
128849018905,MODIFIER,<empty>,,,VIRTUAL,,,0
128849018906,MODIFIER,<empty>,,,VIRTUAL,,,0
128849018907,MODIFIER,<empty>,,,VIRTUAL,,,0
128849018908,MODIFIER,<empty>,,,VIRTUAL,,,0
128849018909,MODIFIER,<empty>,,,MODULE,,,1
128849018910,MODIFIER,<empty>,,,VIRTUAL,,,0
128849018911,MODIFIER,<empty>,,,MODULE,,,1
128849018912,MODIFIER,<empty>,,,VIRTUAL,,,0
128849018913,MODIFIER,<empty>,,,VIRTUAL,,,0
128849018914,MODIFIER,<empty>,,,VIRTUAL,,,0
128849018915,MODIFIER,<empty>,,,VIRTUAL,,,0
128849018916,MODIFIER,<empty>,,,MODULE,,,1
128849018917,MODIFIER,<empty>,,,VIRTUAL,,,0
128849018918,MODIFIER,<empty>,,,VIRTUAL,,,0
