94489280512,LOCAL,,u,,,<empty>,,u,,,1,,json.py:<module>.load.<returnValue>.__iter__.<returnValue>.__next__.<returnValue>
94489280513,LOCAL,,u,,,<empty>,,u,,,1,,json.py:<module>.load.<returnValue>.__iter__.<returnValue>.__next__.<returnValue>
94489280514,LOCAL,,u,,,<empty>,,u,,,1,,json.py:<module>.load.<returnValue>.__iter__.<returnValue>.__next__.<returnValue>
94489280515,LOCAL,,u,,,<empty>,,u,,,1,,json.py:<module>.load.<returnValue>.__iter__.<returnValue>.__next__.<returnValue>
94489280516,LOCAL,,v,,__builtin.input.<returnValue>.strip.split.__iter__.__next__.<returnValue>;__builtin.next.<returnValue>.<indexAccess>.__iter__.__next__.<returnValue>,<empty>,,v,,,1,,ANY
94489280517,LOCAL,,c,,json.py:<module>.load.<returnValue>.__iter__.<returnValue>.__next__.<returnValue>;__builtin.list.__iter__.<returnValue>.__next__.<returnValue>,<empty>,,c,,,1,,ANY
94489280518,LOCAL,,c,,json.py:<module>.load.<returnValue>.__iter__.<returnValue>.__next__.<returnValue>;__builtin.list.__iter__.<returnValue>.__next__.<returnValue>,<empty>,,c,,,1,,ANY
94489280519,LOCAL,,r,,,<empty>,,r,,,1,,json.py:<module>.load.<returnValue>.__iter__.<returnValue>.__next__.<returnValue>
94489280520,LOCAL,,c,,json.py:<module>.load.<returnValue>.__iter__.<returnValue>.__next__.<returnValue>;__builtin.list.__iter__.<returnValue>.__next__.<returnValue>,<empty>,,c,,,1,,ANY
94489280521,LOCAL,,c,,json.py:<module>.load.<returnValue>.__iter__.<returnValue>.__next__.<returnValue>;__builtin.list.__iter__.<returnValue>.__next__.<returnValue>,<empty>,,c,,,1,,ANY
94489280522,LOCAL,,c,,json.py:<module>.load.<returnValue>.__iter__.<returnValue>.__next__.<returnValue>;__builtin.list.__iter__.<returnValue>.__next__.<returnValue>,<empty>,,c,,,1,,ANY
94489280523,LOCAL,,r,,,<empty>,,r,,,1,,json.py:<module>.load.<returnValue>.__iter__.<returnValue>.__next__.<returnValue>
94489280524,LOCAL,,r,,,<empty>,,r,,,1,,json.py:<module>.load.<returnValue>.__iter__.<returnValue>.__next__.<returnValue>
94489280525,LOCAL,,r,,,<empty>,,r,,,1,,json.py:<module>.load.<returnValue>.__iter__.<returnValue>.__next__.<returnValue>
94489280526,LOCAL,,c,,json.py:<module>.load.<returnValue>.__iter__.<returnValue>.__next__.<returnValue>;__builtin.list.__iter__.<returnValue>.__next__.<returnValue>,<empty>,,c,,,1,,ANY
94489280527,LOCAL,,v,,__builtin.input.<returnValue>.strip.split.__iter__.__next__.<returnValue>;__builtin.next.<returnValue>.<indexAccess>.__iter__.__next__.<returnValue>,<empty>,,v,,,1,,ANY
94489280528,LOCAL,,r,,,<empty>,,r,,,1,,json.py:<module>.load.<returnValue>.__iter__.<returnValue>.__next__.<returnValue>
94489280529,LOCAL,,c,,json.py:<module>.load.<returnValue>.__iter__.<returnValue>.__next__.<returnValue>;__builtin.list.__iter__.<returnValue>.__next__.<returnValue>,<empty>,,c,,,1,,ANY
94489280530,LOCAL,,any,1,,<empty>,1,any,,,49,,ANY
94489280531,LOCAL,,input,1,,<empty>,1,input,,,50,,ANY
94489280532,LOCAL,,len,1,,<empty>,1,len,,,51,,ANY
94489280533,LOCAL,,max,1,,<empty>,1,max,,,52,,ANY
94489280534,LOCAL,,next,1,,<empty>,1,next,,,53,,ANY
94489280535,LOCAL,,open,1,,<empty>,1,open,,,54,,ANY
94489280536,LOCAL,,print,1,,<empty>,1,print,,,55,,ANY
94489280537,LOCAL,,range,1,,<empty>,1,range,,,56,,ANY
94489280538,LOCAL,,bool,1,,<empty>,1,bool,,,57,,ANY
94489280539,LOCAL,,int,1,,<empty>,1,int,,,58,,ANY
94489280540,LOCAL,,tmp0,4,,<empty>,10,tmp0,,,59,,sys.py:<module>.<member>(platform)
94489280541,LOCAL,,USERS_FILE,1,,<empty>,16,USERS_FILE,,,60,,__builtin.str
94489280542,LOCAL,,CENTERS_FILE,1,,<empty>,17,CENTERS_FILE,,,61,,__builtin.str
94489280543,LOCAL,,RESERVATIONS_FILE,1,,<empty>,18,RESERVATIONS_FILE,,,62,,__builtin.str
94489280544,LOCAL,,MAX_LOGIN_ATTEMPTS,1,,<empty>,19,MAX_LOGIN_ATTEMPTS,,,63,,__builtin.int
94489280545,LOCAL,,json,1,,<empty>,1,json,,,64,,json.py:<module>
94489280546,LOCAL,,import,1,,<empty>,1,import,,,65,,ANY
94489280547,LOCAL,,os,1,,<empty>,2,os,,,66,,os.py:<module>
94489280548,LOCAL,,re,1,,<empty>,3,re,,,67,,re.py:<module>
94489280549,LOCAL,,random,1,,<empty>,4,random,,,68,,random.py:<module>
94489280550,LOCAL,,datetime,1,,<empty>,5,datetime,,,69,,datetime.py:<module>
94489280551,LOCAL,,hashlib,1,,<empty>,6,hashlib,,,70,,hashlib.py:<module>
94489280552,LOCAL,,sys,1,,<empty>,7,sys,,,71,,sys.py:<module>
94489280553,LOCAL,,io,5,,<empty>,11,io,,,72,,io.py:<module>
94489280554,LOCAL,,_load,1,,<empty>,23,_load,,,73,,ANY
94489280555,LOCAL,,_save,1,,<empty>,33,_save,,,74,,ANY
94489280556,LOCAL,,init_data,1,,<empty>,38,init_data,,,75,,ANY
94489280557,LOCAL,,_ask,1,,<empty>,68,_ask,,,76,,ANY
94489280558,LOCAL,,_ask_int,1,,<empty>,80,_ask_int,,,77,,ANY
94489280559,LOCAL,,_ask_date,1,,<empty>,88,_ask_date,,,78,,ANY
94489280560,LOCAL,,_confirm,1,,<empty>,98,_confirm,,,79,,ANY
94489280561,LOCAL,,_hash,1,,<empty>,102,_hash,,,80,,ANY
94489280562,LOCAL,,_valid_email,1,,<empty>,107,_valid_email,,,81,,ANY
94489280563,LOCAL,,_valid_phone,1,,<empty>,110,_valid_phone,,,82,,ANY
94489280564,LOCAL,,_valid_national_id,1,,<empty>,113,_valid_national_id,,,83,,ANY
94489280565,LOCAL,,register_user,1,,<empty>,118,register_user,,,84,,ANY
94489280566,LOCAL,,login_admin,1,,<empty>,150,login_admin,,,85,,ANY
94489280567,LOCAL,,login_user,1,,<empty>,167,login_user,,,86,,ANY
94489280568,LOCAL,,add_or_remove_center,1,,<empty>,187,add_or_remove_center,,,87,,ANY
94489280569,LOCAL,,search_center_by_name,1,,<empty>,239,search_center_by_name,,,88,,ANY
94489280570,LOCAL,,list_users_and_reservations,1,,<empty>,257,list_users_and_reservations,,,89,,ANY
94489280571,LOCAL,,accept_reservation,1,,<empty>,285,accept_reservation,,,90,,ANY
94489280572,LOCAL,,view_centers,1,,<empty>,319,view_centers,,,91,,ANY
94489280573,LOCAL,,reserve_vaccination,1,,<empty>,332,reserve_vaccination,,,92,,ANY
94489280574,LOCAL,,view_vaccination_date,1,,<empty>,372,view_vaccination_date,,,93,,ANY
94489280575,LOCAL,,admin_menu,1,,<empty>,392,admin_menu,,,94,,ANY
94489280576,LOCAL,,user_menu,1,,<empty>,413,user_menu,,,95,,ANY
94489280577,LOCAL,,main,1,,<empty>,433,main,,,96,,ANY
94489280578,LOCAL,,__name__,4,,<empty>,459,__name__,,,97,,ANY
94489280579,LOCAL,Project.py:<module>._load:os,os,8,,<empty>,25,os,,,1,,os.py:<module>
94489280580,LOCAL,,tmp1,8,,<empty>,25,tmp1,,,2,,os.py:<module>.<member>(path)
94489280581,LOCAL,,tmp2,37,,<empty>,25,tmp2,,,3,,os.py:<module>.<member>(path)
94489280582,LOCAL,Project.py:<module>._load:f,f,34,,<empty>,28,f,,,4,,ANY
94489280583,LOCAL,,f,34,,<empty>,28,f,,,98,,ANY
94489280584,LOCAL,Project.py:<module>._load:json,json,24,,<empty>,28,json,,,5,,json.py:<module>
94489280585,LOCAL,Project.py:<module>._load:open,open,18,,<empty>,27,open,,,6,,ANY
94489280586,LOCAL,,manager_tmp3,18,,<empty>,27,manager_tmp3,,,7,,__builtin.open.<returnValue>
94489280587,LOCAL,,enter_tmp4,18,,<empty>,27,enter_tmp4,,,8,,__builtin.open.<returnValue>.<member>(__enter__)
94489280588,LOCAL,,exit_tmp5,18,,<empty>,27,exit_tmp5,,,9,,__builtin.open.<returnValue>.<member>(__exit__)
94489280589,LOCAL,,value_tmp6,18,,<empty>,27,value_tmp6,,,10,,ANY
94489280590,LOCAL,Project.py:<module>._load:__exit__,__exit__,18,,<empty>,27,__exit__,,,11,,ANY
94489280591,LOCAL,,__exit__,18,,<empty>,27,__exit__,,,99,,ANY
94489280592,LOCAL,Project.py:<module>._save:f,f,25,,<empty>,36,f,,,1,,ANY
94489280593,LOCAL,Project.py:<module>._save:json,json,9,,<empty>,36,json,,,2,,json.py:<module>
94489280594,LOCAL,Project.py:<module>._save:open,open,10,,<empty>,35,open,,,3,,ANY
94489280595,LOCAL,,manager_tmp7,10,,<empty>,35,manager_tmp7,,,4,,__builtin.open.<returnValue>
94489280596,LOCAL,,enter_tmp8,10,,<empty>,35,enter_tmp8,,,5,,__builtin.open.<returnValue>.<member>(__enter__)
94489280597,LOCAL,,exit_tmp9,10,,<empty>,35,exit_tmp9,,,6,,__builtin.open.<returnValue>.<member>(__exit__)
94489280598,LOCAL,,value_tmp10,10,,<empty>,35,value_tmp10,,,7,,ANY
94489280599,LOCAL,Project.py:<module>._save:__exit__,__exit__,10,,<empty>,35,__exit__,,,8,,ANY
94489280600,LOCAL,Project.py:<module>.init_data:CENTERS_FILE,CENTERS_FILE,27,,<empty>,40,CENTERS_FILE,,,1,,__builtin.str
94489280601,LOCAL,Project.py:<module>.init_data:os,os,12,,<empty>,40,os,,,2,,os.py:<module>
94489280602,LOCAL,,tmp11,12,,<empty>,40,tmp11,,,3,,os.py:<module>.<member>(path)
94489280603,LOCAL,,tmp12,13,,<empty>,42,tmp12,,,4,,__builtin.dict
94489280604,LOCAL,,tmp13,13,,<empty>,43,tmp13,,,5,,__builtin.dict
94489280605,LOCAL,,default_centers,9,,<empty>,41,default_centers,,,6,,__builtin.list
94489280606,LOCAL,Project.py:<module>.init_data:_save,_save,9,,<empty>,45,_save,,,7,,ANY
94489280607,LOCAL,Project.py:<module>.init_data:USERS_FILE,USERS_FILE,19,,<empty>,47,USERS_FILE,,,8,,__builtin.str
94489280608,LOCAL,Project.py:<module>.init_data:_load,_load,13,,<empty>,47,_load,,,9,,ANY
94489280609,LOCAL,,users,5,,<empty>,47,users,,,10,,json.py:<module>.load.<returnValue>
94489280610,LOCAL,Project.py:<module>.init_data:any,any,12,,<empty>,48,any,,,11,,ANY
94489280611,LOCAL,,tmp16,22,,<empty>,49,tmp16,,,12,,os.py:<module>.urandom.<returnValue>
94489280612,LOCAL,,admin_salt,9,,<empty>,49,admin_salt,,,13,,os.py:<module>.urandom.<returnValue>.hex
94489280613,LOCAL,,tmp17,22,,<empty>,50,tmp17,,,14,,__builtin.dict
94489280614,LOCAL,Project.py:<module>.init_data:_hash,_hash,25,,<empty>,54,_hash,,,15,,ANY
94489280615,LOCAL,,admin_user,9,,<empty>,50,admin_user,,,16,,__builtin.dict
94489280616,LOCAL,Project.py:<module>.init_data:RESERVATIONS_FILE,RESERVATIONS_FILE,27,,<empty>,63,RESERVATIONS_FILE,,,17,,__builtin.str
94489280617,LOCAL,,tmp18,12,,<empty>,63,tmp18,,,18,,os.py:<module>.<member>(path)
94489280618,LOCAL,Project.py:<module>._ask:input,input,17,,<empty>,71,input,,,1,,ANY
94489280619,LOCAL,,tmp19,17,,<empty>,71,tmp19,,,2,,__builtin.input.<returnValue>
94489280620,LOCAL,,value,9,,<empty>,71,value,,,3,,__builtin.input.<returnValue>.strip
94489280621,LOCAL,Project.py:<module>._ask:print,print,13,,<empty>,73,print,,,4,,ANY
94489280622,LOCAL,Project.py:<module>._ask_int:input,input,15,,<empty>,83,input,,,1,,ANY
94489280623,LOCAL,,tmp20,15,,<empty>,83,tmp20,,,2,,__builtin.input.<returnValue>
94489280624,LOCAL,,raw,9,,<empty>,83,raw,,,3,,__builtin.input.<returnValue>.strip
94489280625,LOCAL,Project.py:<module>._ask_int:int,int,20,,<empty>,85,int,,,4,,ANY
94489280626,LOCAL,Project.py:<module>._ask_int:print,print,9,,<empty>,86,print,,,5,,ANY
94489280627,LOCAL,Project.py:<module>._ask_date:input,input,15,,<empty>,91,input,,,1,,ANY
94489280628,LOCAL,,tmp21,15,,<empty>,91,tmp21,,,2,,__builtin.input.<returnValue>
94489280629,LOCAL,,raw,9,,<empty>,91,raw,,,3,,__builtin.input.<returnValue>.strip
94489280630,LOCAL,Project.py:<module>._ask_date:datetime,datetime,13,,<empty>,93,datetime,,,4,,datetime.py:<module>
94489280631,LOCAL,,tmp22,13,,<empty>,93,tmp22,,,5,,datetime.py:<module>.<member>(date)
94489280632,LOCAL,Project.py:<module>._confirm:input,input,12,,<empty>,100,input,,,1,,ANY
94489280633,LOCAL,,tmp24,12,,<empty>,100,tmp24,,,2,,__builtin.input.<returnValue>
94489280634,LOCAL,,tmp23,12,,<empty>,100,tmp23,,,3,,__builtin.input.<returnValue>.strip
94489280635,LOCAL,,tmp26,28,,<empty>,103,tmp26,,,1,,ANY
94489280636,LOCAL,Project.py:<module>._hash:hashlib,hashlib,12,,<empty>,103,hashlib,,,2,,hashlib.py:<module>
94489280637,LOCAL,,tmp25,12,,<empty>,103,tmp25,,,3,,hashlib.py:<module>.sha256.<returnValue>
94489280638,LOCAL,Project.py:<module>._valid_email:re,re,17,,<empty>,108,re,,,1,,re.py:<module>
94489280639,LOCAL,Project.py:<module>._valid_email:bool,bool,12,,<empty>,108,bool,,,2,,ANY
94489280640,LOCAL,Project.py:<module>._valid_phone:re,re,17,,<empty>,111,re,,,1,,re.py:<module>
94489280641,LOCAL,Project.py:<module>._valid_phone:bool,bool,12,,<empty>,111,bool,,,2,,ANY
94489280642,LOCAL,Project.py:<module>._valid_national_id:re,re,17,,<empty>,114,re,,,1,,re.py:<module>
94489280643,LOCAL,Project.py:<module>._valid_national_id:bool,bool,12,,<empty>,114,bool,,,2,,ANY
94489280644,LOCAL,Project.py:<module>.register_user:print,print,5,,<empty>,120,print,,,3,,ANY
94489280645,LOCAL,Project.py:<module>.register_user:_ask,_ask,19,,<empty>,121,_ask,,,4,,ANY
94489280646,LOCAL,,name,5,,<empty>,121,name,,,5,,__builtin.input.<returnValue>.strip
94489280647,LOCAL,Project.py:<module>.register_user:_valid_email,_valid_email,41,,<empty>,122,_valid_email,,,6,,ANY
94489280648,LOCAL,,email,5,,<empty>,122,email,,,7,,__builtin.input.<returnValue>.strip
94489280649,LOCAL,Project.py:<module>.register_user:_valid_phone,_valid_phone,41,,<empty>,123,_valid_phone,,,8,,ANY
94489280650,LOCAL,,phone,5,,<empty>,123,phone,,,9,,__builtin.input.<returnValue>.strip
94489280651,LOCAL,Project.py:<module>.register_user:_valid_national_id,_valid_national_id,41,,<empty>,124,_valid_national_id,,,10,,ANY
94489280652,LOCAL,,national_id,5,,<empty>,124,national_id,,,11,,__builtin.input.<returnValue>.strip
94489280653,LOCAL,,password,5,__builtin.input.<returnValue>.strip;__builtin.input.<returnValue>,<empty>,125,password,,,12,,ANY
94489280654,LOCAL,Project.py:<module>.register_user:USERS_FILE,USERS_FILE,19,,<empty>,128,USERS_FILE,,,13,,__builtin.str
94489280655,LOCAL,Project.py:<module>.register_user:_load,_load,13,,<empty>,128,_load,,,14,,ANY
94489280656,LOCAL,,users,5,,<empty>,128,users,,,15,,json.py:<module>.load.<returnValue>
94489280657,LOCAL,Project.py:<module>.register_user:any,any,8,,<empty>,131,any,,,16,,ANY
94489280658,LOCAL,Project.py:<module>.register_user:max,max,15,,<empty>,135,max,,,17,,ANY
94489280659,LOCAL,,user_id,5,,<empty>,135,user_id,,,18,,__builtin.int<meta>.<returnValue>
94489280660,LOCAL,Project.py:<module>.register_user:os,os,15,,<empty>,136,os,,,19,,os.py:<module>
94489280661,LOCAL,,tmp31,15,,<empty>,136,tmp31,,,20,,os.py:<module>.urandom.<returnValue>
94489280662,LOCAL,,salt,5,os.py:<module>.urandom.<returnValue>.hex;__builtin.next.<returnValue>.get.<returnValue>;json.py:<module>.load.<returnValue>.__iter__.<returnValue>.__next__.<returnValue>.get.<returnValue>,<empty>,136,salt,,,21,,ANY
94489280663,LOCAL,,tmp32,18,,<empty>,137,tmp32,,,22,,__builtin.dict
94489280664,LOCAL,Project.py:<module>.register_user:_hash,_hash,24,,<empty>,141,_hash,,,23,,ANY
94489280665,LOCAL,Project.py:<module>.register_user:_save,_save,5,,<empty>,146,_save,,,24,,ANY
94489280666,LOCAL,Project.py:<module>.login_admin:print,print,5,,<empty>,152,print,,,1,,ANY
94489280667,LOCAL,Project.py:<module>.login_admin:input,input,20,,<empty>,154,input,,,2,,ANY
94489280668,LOCAL,,password,9,__builtin.input.<returnValue>.strip;__builtin.input.<returnValue>,<empty>,154,password,,,3,,ANY
94489280669,LOCAL,Project.py:<module>.login_admin:USERS_FILE,USERS_FILE,26,,<empty>,155,USERS_FILE,,,4,,__builtin.str
94489280670,LOCAL,Project.py:<module>.login_admin:_load,_load,20,,<empty>,155,_load,,,5,,ANY
94489280671,LOCAL,,users,9,,<empty>,155,users,,,6,,json.py:<module>.load.<returnValue>
94489280672,LOCAL,Project.py:<module>.login_admin:next,next,20,,<empty>,156,next,,,7,,ANY
94489280673,LOCAL,,admin,9,,<empty>,156,admin,,,8,,__builtin.next.<returnValue>
94489280674,LOCAL,,salt,13,os.py:<module>.urandom.<returnValue>.hex;__builtin.next.<returnValue>.get.<returnValue>;json.py:<module>.load.<returnValue>.__iter__.<returnValue>.__next__.<returnValue>.get.<returnValue>,<empty>,158,salt,,,9,,ANY
94489280675,LOCAL,Project.py:<module>.login_admin:_hash,_hash,37,,<empty>,159,_hash,,,10,,ANY
94489280676,LOCAL,Project.py:<module>.login_admin:attempt,attempt,35,__builtin.range.<returnValue>.__iter__.__next__.<returnValue>;__builtin.range<meta>.<returnValue>.__iter__.__next__.<returnValue>,<empty>,162,attempt,,,11,,ANY
94489280677,LOCAL,,attempt,35,__builtin.range.<returnValue>.__iter__.__next__.<returnValue>;__builtin.range<meta>.<returnValue>.__iter__.__next__.<returnValue>,<empty>,162,attempt,,,100,,ANY
94489280678,LOCAL,Project.py:<module>.login_admin:MAX_LOGIN_ATTEMPTS,MAX_LOGIN_ATTEMPTS,45,,<empty>,162,MAX_LOGIN_ATTEMPTS,,,12,,__builtin.int
94489280679,LOCAL,Project.py:<module>.login_admin:range,range,20,,<empty>,153,range,,,13,,ANY
94489280680,LOCAL,,tmp36,5,__builtin.range.<returnValue>;__builtin.range<meta>.<returnValue>,<empty>,153,tmp36,,,14,,ANY
94489280681,LOCAL,,tmp35,5,__builtin.range.<returnValue>.__iter__;__builtin.range<meta>.<returnValue>.__iter__,<empty>,153,tmp35,,,15,,ANY
94489280682,LOCAL,Project.py:<module>.login_user:print,print,5,,<empty>,169,print,,,1,,ANY
94489280683,LOCAL,Project.py:<module>.login_user:input,input,20,,<empty>,171,input,,,2,,ANY
94489280684,LOCAL,,tmp37,20,,<empty>,171,tmp37,,,3,,__builtin.input.<returnValue>
94489280685,LOCAL,,email,9,,<empty>,171,email,,,4,,__builtin.input.<returnValue>.strip
94489280686,LOCAL,,password,9,__builtin.input.<returnValue>.strip;__builtin.input.<returnValue>,<empty>,172,password,,,5,,ANY
94489280687,LOCAL,Project.py:<module>.login_user:USERS_FILE,USERS_FILE,26,,<empty>,173,USERS_FILE,,,6,,__builtin.str
94489280688,LOCAL,Project.py:<module>.login_user:_load,_load,20,,<empty>,173,_load,,,7,,ANY
94489280689,LOCAL,,users,9,,<empty>,173,users,,,8,,json.py:<module>.load.<returnValue>
94489280690,LOCAL,Project.py:<module>.login_user:user,user,20,json.py:<module>.load.<returnValue>.__iter__.<returnValue>.__next__.<returnValue>;Project.py:<module>._load.<returnValue>.__iter__.<returnValue>.__next__.<returnValue>;Project.py:<module>.login_user.<returnValue>,<empty>,176,user,,,9,,ANY
94489280691,LOCAL,,user,20,json.py:<module>.load.<returnValue>.__iter__.<returnValue>.__next__.<returnValue>;Project.py:<module>._load.<returnValue>.__iter__.<returnValue>.__next__.<returnValue>;Project.py:<module>.login_user.<returnValue>,<empty>,176,user,,,101,,ANY
94489280692,LOCAL,,salt,17,os.py:<module>.urandom.<returnValue>.hex;__builtin.next.<returnValue>.get.<returnValue>;json.py:<module>.load.<returnValue>.__iter__.<returnValue>.__next__.<returnValue>.get.<returnValue>,<empty>,177,salt,,,10,,ANY
94489280693,LOCAL,Project.py:<module>.login_user:_hash,_hash,40,,<empty>,178,_hash,,,11,,ANY
94489280694,LOCAL,,tmp38,9,,<empty>,174,tmp38,,,12,,json.py:<module>.load.<returnValue>.__iter__.<returnValue>
94489280695,LOCAL,Project.py:<module>.login_user:attempt,attempt,44,__builtin.range.<returnValue>.__iter__.__next__.<returnValue>;__builtin.range<meta>.<returnValue>.__iter__.__next__.<returnValue>,<empty>,181,attempt,,,13,,ANY
94489280696,LOCAL,Project.py:<module>.login_user:MAX_LOGIN_ATTEMPTS,MAX_LOGIN_ATTEMPTS,54,,<empty>,181,MAX_LOGIN_ATTEMPTS,,,14,,__builtin.int
94489280697,LOCAL,Project.py:<module>.login_user:range,range,20,,<empty>,170,range,,,15,,ANY
94489280698,LOCAL,,tmp40,5,__builtin.range.<returnValue>;__builtin.range<meta>.<returnValue>,<empty>,170,tmp40,,,16,,ANY
94489280699,LOCAL,,tmp39,5,__builtin.range.<returnValue>.__iter__;__builtin.range<meta>.<returnValue>.__iter__,<empty>,170,tmp39,,,17,,ANY
94489280700,LOCAL,Project.py:<module>.add_or_remove_center:print,print,5,,<empty>,189,print,,,1,,ANY
94489280701,LOCAL,Project.py:<module>.add_or_remove_center:input,input,14,,<empty>,192,input,,,2,,ANY
94489280702,LOCAL,,choice,5,__builtin.input.<returnValue>;__builtin.input.<returnValue>.strip,<empty>,192,choice,,,3,,ANY
94489280703,LOCAL,Project.py:<module>.add_or_remove_center:_ask,_ask,20,,<empty>,195,_ask,,,4,,ANY
94489280704,LOCAL,,name,9,,<empty>,195,name,,,5,,__builtin.input.<returnValue>.strip
94489280705,LOCAL,,address,9,,<empty>,196,address,,,6,,__builtin.input.<returnValue>.strip
94489280706,LOCAL,,vaccines,9,,<empty>,197,vaccines,,,7,,__builtin.list
94489280707,LOCAL,Project.py:<module>.add_or_remove_center:CENTERS_FILE,CENTERS_FILE,25,,<empty>,203,CENTERS_FILE,,,8,,__builtin.str
94489280708,LOCAL,Project.py:<module>.add_or_remove_center:_load,_load,19,,<empty>,203,_load,,,9,,ANY
94489280709,LOCAL,,centers,9,,<empty>,203,centers,,,10,,json.py:<module>.load.<returnValue>
94489280710,LOCAL,Project.py:<module>.add_or_remove_center:max,max,19,,<empty>,204,max,,,11,,ANY
94489280711,LOCAL,,new_id,9,,<empty>,204,new_id,,,12,,ANY
94489280712,LOCAL,,tmp47,24,,<empty>,205,tmp47,,,13,,__builtin.dict
94489280713,LOCAL,Project.py:<module>.add_or_remove_center:_save,_save,9,,<empty>,207,_save,,,14,,ANY
94489280714,LOCAL,Project.py:<module>.add_or_remove_center:_ask_int,_ask_int,21,,<empty>,215,_ask_int,,,15,,ANY
94489280715,LOCAL,,center_id,9,,<empty>,215,center_id,,,16,,__builtin.int<meta>.<returnValue>
94489280716,LOCAL,Project.py:<module>.add_or_remove_center:next,next,21,,<empty>,216,next,,,17,,ANY
94489280717,LOCAL,,target,9,,<empty>,216,target,,,18,,__builtin.next.<returnValue>
94489280718,LOCAL,Project.py:<module>.add_or_remove_center:RESERVATIONS_FILE,RESERVATIONS_FILE,30,,<empty>,222,RESERVATIONS_FILE,,,19,,__builtin.str
94489280719,LOCAL,,reservations,9,,<empty>,222,reservations,,,20,,json.py:<module>.load.<returnValue>
94489280720,LOCAL,Project.py:<module>.add_or_remove_center:any,any,12,,<empty>,223,any,,,21,,ANY
94489280721,LOCAL,Project.py:<module>.add_or_remove_center:_confirm,_confirm,16,,<empty>,227,_confirm,,,22,,ANY
94489280722,LOCAL,Project.py:<module>.search_center_by_name:input,input,15,,<empty>,241,input,,,1,,ANY
94489280723,LOCAL,,tmp55,15,,<empty>,241,tmp55,,,2,,__builtin.input.<returnValue>
94489280724,LOCAL,,tmp54,15,,<empty>,241,tmp54,,,3,,__builtin.input.<returnValue>.strip
94489280725,LOCAL,,query,5,,<empty>,241,query,,,4,,__builtin.input.<returnValue>.strip.lower
94489280726,LOCAL,Project.py:<module>.search_center_by_name:CENTERS_FILE,CENTERS_FILE,21,,<empty>,242,CENTERS_FILE,,,5,,__builtin.str
94489280727,LOCAL,Project.py:<module>.search_center_by_name:_load,_load,15,,<empty>,242,_load,,,6,,ANY
94489280728,LOCAL,,centers,5,,<empty>,242,centers,,,7,,json.py:<module>.load.<returnValue>
94489280729,LOCAL,,found,5,,<empty>,243,found,,,8,,__builtin.list
94489280730,LOCAL,Project.py:<module>.search_center_by_name:len,len,26,,<empty>,246,len,,,9,,ANY
94489280731,LOCAL,Project.py:<module>.search_center_by_name:print,print,9,,<empty>,246,print,,,10,,ANY
94489280732,LOCAL,Project.py:<module>.search_center_by_name:c,c,34,json.py:<module>.load.<returnValue>.__iter__.<returnValue>.__next__.<returnValue>;__builtin.list.__iter__.<returnValue>.__next__.<returnValue>,<empty>,248,c,,,11,,ANY
94489280733,LOCAL,,c,34,json.py:<module>.load.<returnValue>.__iter__.<returnValue>.__next__.<returnValue>;__builtin.list.__iter__.<returnValue>.__next__.<returnValue>,<empty>,248,c,,,102,,ANY
94489280734,LOCAL,,tmp59,32,,<empty>,251,tmp59,,,12,,__builtin.str
94489280735,LOCAL,,tmp60,9,,<empty>,247,tmp60,,,13,,__builtin.list.__iter__.<returnValue>
94489280736,LOCAL,Project.py:<module>.list_users_and_reservations:USERS_FILE,USERS_FILE,26,,<empty>,259,USERS_FILE,,,1,,__builtin.str
94489280737,LOCAL,Project.py:<module>.list_users_and_reservations:_load,_load,20,,<empty>,259,_load,,,2,,ANY
94489280738,LOCAL,,users,5,,<empty>,259,users,,,3,,json.py:<module>.load.<returnValue>
94489280739,LOCAL,Project.py:<module>.list_users_and_reservations:RESERVATIONS_FILE,RESERVATIONS_FILE,26,,<empty>,260,RESERVATIONS_FILE,,,4,,__builtin.str
94489280740,LOCAL,,reservations,5,,<empty>,260,reservations,,,5,,json.py:<module>.load.<returnValue>
94489280741,LOCAL,Project.py:<module>.list_users_and_reservations:CENTERS_FILE,CENTERS_FILE,26,,<empty>,261,CENTERS_FILE,,,6,,__builtin.str
94489280742,LOCAL,,centers,5,,<empty>,261,centers,,,7,,json.py:<module>.load.<returnValue>
94489280743,LOCAL,Project.py:<module>.list_users_and_reservations:print,print,9,,<empty>,264,print,,,8,,ANY
94489280744,LOCAL,,center_map,5,,<empty>,267,center_map,,,9,,__builtin.dict
94489280745,LOCAL,Project.py:<module>.list_users_and_reservations:u,u,22,,<empty>,271,u,,,10,,json.py:<module>.load.<returnValue>.__iter__.<returnValue>.__next__.<returnValue>
94489280746,LOCAL,,u,22,,<empty>,271,u,,,103,,json.py:<module>.load.<returnValue>.__iter__.<returnValue>.__next__.<returnValue>
94489280747,LOCAL,Project.py:<module>.list_users_and_reservations:next,next,15,,<empty>,274,next,,,11,,ANY
94489280748,LOCAL,,res,9,,<empty>,274,res,,,12,,__builtin.next.<returnValue>
94489280749,LOCAL,,center_name,13,__builtin.dict.get.<returnValue>;__builtin.next.<returnValue>,<empty>,276,center_name,,,13,,ANY
94489280750,LOCAL,,date_str,13,,<empty>,277,date_str,,,14,,ANY
94489280751,LOCAL,,tmp65,5,,<empty>,270,tmp65,,,15,,json.py:<module>.load.<returnValue>.__iter__.<returnValue>
94489280752,LOCAL,Project.py:<module>.accept_reservation:RESERVATIONS_FILE,RESERVATIONS_FILE,26,,<empty>,287,RESERVATIONS_FILE,,,1,,__builtin.str
94489280753,LOCAL,Project.py:<module>.accept_reservation:_load,_load,20,,<empty>,287,_load,,,2,,ANY
94489280754,LOCAL,,reservations,5,,<empty>,287,reservations,,,3,,json.py:<module>.load.<returnValue>
94489280755,LOCAL,Project.py:<module>.accept_reservation:_ask_int,_ask_int,20,,<empty>,288,_ask_int,,,4,,ANY
94489280756,LOCAL,,user_id,5,,<empty>,288,user_id,,,5,,__builtin.int<meta>.<returnValue>
94489280757,LOCAL,Project.py:<module>.accept_reservation:next,next,11,,<empty>,290,next,,,6,,ANY
94489280758,LOCAL,,res,5,,<empty>,290,res,,,7,,__builtin.next.<returnValue>
94489280759,LOCAL,Project.py:<module>.accept_reservation:print,print,9,,<empty>,292,print,,,8,,ANY
94489280760,LOCAL,Project.py:<module>.accept_reservation:input,input,14,,<empty>,302,input,,,9,,ANY
94489280761,LOCAL,,tmp68,14,,<empty>,302,tmp68,,,10,,__builtin.input.<returnValue>
94489280762,LOCAL,,choice,5,__builtin.input.<returnValue>;__builtin.input.<returnValue>.strip,<empty>,302,choice,,,11,,ANY
94489280763,LOCAL,Project.py:<module>.accept_reservation:random,random,26,,<empty>,305,random,,,12,,random.py:<module>
94489280764,LOCAL,,delta,9,,<empty>,305,delta,,,13,,random.py:<module>.randint.<returnValue>
94489280765,LOCAL,Project.py:<module>.accept_reservation:datetime,datetime,27,,<empty>,306,datetime,,,14,,datetime.py:<module>
94489280766,LOCAL,,tmp70,27,,<empty>,306,tmp70,,,15,,datetime.py:<module>.<member>(date)
94489280767,LOCAL,,tmp69,27,,<empty>,306,tmp69,,,16,,ANY
94489280768,LOCAL,,assigned_date,9,,<empty>,306,assigned_date,,,17,,__builtin.input.<returnValue>.strip
94489280769,LOCAL,Project.py:<module>.accept_reservation:_ask_date,_ask_date,26,,<empty>,308,_ask_date,,,18,,ANY
94489280770,LOCAL,Project.py:<module>.accept_reservation:_save,_save,5,,<empty>,314,_save,,,19,,ANY
94489280771,LOCAL,Project.py:<module>.view_centers:CENTERS_FILE,CENTERS_FILE,21,,<empty>,321,CENTERS_FILE,,,1,,__builtin.str
94489280772,LOCAL,Project.py:<module>.view_centers:_load,_load,15,,<empty>,321,_load,,,2,,ANY
94489280773,LOCAL,,centers,5,,<empty>,321,centers,,,3,,json.py:<module>.load.<returnValue>
94489280774,LOCAL,Project.py:<module>.view_centers:print,print,9,,<empty>,323,print,,,4,,ANY
94489280775,LOCAL,Project.py:<module>.view_centers:c,c,22,json.py:<module>.load.<returnValue>.__iter__.<returnValue>.__next__.<returnValue>;__builtin.list.__iter__.<returnValue>.__next__.<returnValue>,<empty>,327,c,,,5,,ANY
94489280776,LOCAL,,tmp71,31,,<empty>,328,tmp71,,,6,,__builtin.str
94489280777,LOCAL,,tmp72,5,,<empty>,326,tmp72,,,7,,json.py:<module>.load.<returnValue>.__iter__.<returnValue>
94489280778,LOCAL,Project.py:<module>.reserve_vaccination:RESERVATIONS_FILE,RESERVATIONS_FILE,26,,<empty>,334,RESERVATIONS_FILE,,,1,,__builtin.str
94489280779,LOCAL,Project.py:<module>.reserve_vaccination:_load,_load,20,,<empty>,334,_load,,,2,,ANY
94489280780,LOCAL,,reservations,5,,<empty>,334,reservations,,,3,,json.py:<module>.load.<returnValue>
94489280781,LOCAL,Project.py:<module>.reserve_vaccination:any,any,8,,<empty>,337,any,,,4,,ANY
94489280782,LOCAL,Project.py:<module>.reserve_vaccination:print,print,9,,<empty>,338,print,,,5,,ANY
94489280783,LOCAL,Project.py:<module>.reserve_vaccination:view_centers,view_centers,5,,<empty>,341,view_centers,,,6,,ANY
94489280784,LOCAL,Project.py:<module>.reserve_vaccination:CENTERS_FILE,CENTERS_FILE,21,,<empty>,342,CENTERS_FILE,,,7,,__builtin.str
94489280785,LOCAL,,centers,5,,<empty>,342,centers,,,8,,json.py:<module>.load.<returnValue>
94489280786,LOCAL,Project.py:<module>.reserve_vaccination:_ask_int,_ask_int,17,,<empty>,346,_ask_int,,,9,,ANY
94489280787,LOCAL,,center_id,5,,<empty>,346,center_id,,,10,,__builtin.int<meta>.<returnValue>
94489280788,LOCAL,Project.py:<module>.reserve_vaccination:next,next,17,,<empty>,347,next,,,11,,ANY
94489280789,LOCAL,,center,5,,<empty>,347,center,,,12,,__builtin.next.<returnValue>
94489280790,LOCAL,,tmp77,34,,<empty>,353,tmp77,,,13,,__builtin.str
94489280791,LOCAL,Project.py:<module>.reserve_vaccination:_ask,_ask,15,,<empty>,354,_ask,,,14,,ANY
94489280792,LOCAL,,vaccine,5,,<empty>,354,vaccine,,,15,,__builtin.input.<returnValue>.strip
94489280793,LOCAL,,matched,5,,<empty>,357,matched,,,16,,__builtin.next.<returnValue>
94489280794,LOCAL,,tmp81,25,,<empty>,362,tmp81,,,17,,__builtin.dict
94489280795,LOCAL,Project.py:<module>.reserve_vaccination:_save,_save,5,,<empty>,368,_save,,,18,,ANY
94489280796,LOCAL,Project.py:<module>.view_vaccination_date:RESERVATIONS_FILE,RESERVATIONS_FILE,26,,<empty>,374,RESERVATIONS_FILE,,,1,,__builtin.str
94489280797,LOCAL,Project.py:<module>.view_vaccination_date:_load,_load,20,,<empty>,374,_load,,,2,,ANY
94489280798,LOCAL,,reservations,5,,<empty>,374,reservations,,,3,,json.py:<module>.load.<returnValue>
94489280799,LOCAL,Project.py:<module>.view_vaccination_date:next,next,11,,<empty>,375,next,,,4,,ANY
94489280800,LOCAL,,res,5,,<empty>,375,res,,,5,,__builtin.next.<returnValue>
94489280801,LOCAL,Project.py:<module>.view_vaccination_date:print,print,9,,<empty>,378,print,,,6,,ANY
94489280802,LOCAL,Project.py:<module>.view_vaccination_date:CENTERS_FILE,CENTERS_FILE,29,,<empty>,380,CENTERS_FILE,,,7,,__builtin.str
94489280803,LOCAL,,centers,9,,<empty>,380,centers,,,8,,json.py:<module>.load.<returnValue>
94489280804,LOCAL,,center_name,9,__builtin.dict.get.<returnValue>;__builtin.next.<returnValue>,<empty>,381,center_name,,,9,,ANY
94489280805,LOCAL,Project.py:<module>.admin_menu:print,print,9,,<empty>,394,print,,,1,,ANY
94489280806,LOCAL,Project.py:<module>.admin_menu:input,input,18,,<empty>,400,input,,,2,,ANY
94489280807,LOCAL,,choice,9,__builtin.input.<returnValue>;__builtin.input.<returnValue>.strip,<empty>,400,choice,,,3,,ANY
94489280808,LOCAL,Project.py:<module>.admin_menu:add_or_remove_center,add_or_remove_center,29,,<empty>,402,add_or_remove_center,,,4,,ANY
94489280809,LOCAL,Project.py:<module>.admin_menu:search_center_by_name,search_center_by_name,29,,<empty>,403,search_center_by_name,,,5,,ANY
94489280810,LOCAL,Project.py:<module>.admin_menu:list_users_and_reservations,list_users_and_reservations,29,,<empty>,404,list_users_and_reservations,,,6,,ANY
94489280811,LOCAL,Project.py:<module>.admin_menu:accept_reservation,accept_reservation,29,,<empty>,405,accept_reservation,,,7,,ANY
94489280812,LOCAL,Project.py:<module>.user_menu:print,print,9,,<empty>,415,print,,,1,,ANY
94489280813,LOCAL,Project.py:<module>.user_menu:input,input,18,,<empty>,420,input,,,2,,ANY
94489280814,LOCAL,,choice,9,__builtin.input.<returnValue>;__builtin.input.<returnValue>.strip,<empty>,420,choice,,,3,,ANY
94489280815,LOCAL,Project.py:<module>.user_menu:view_centers,view_centers,29,,<empty>,422,view_centers,,,4,,ANY
94489280816,LOCAL,Project.py:<module>.user_menu:reserve_vaccination,reserve_vaccination,29,,<empty>,423,reserve_vaccination,,,5,,ANY
94489280817,LOCAL,Project.py:<module>.user_menu:view_vaccination_date,view_vaccination_date,29,,<empty>,424,view_vaccination_date,,,6,,ANY
94489280818,LOCAL,Project.py:<module>.main:init_data,init_data,5,,<empty>,434,init_data,,,1,,ANY
94489280819,LOCAL,Project.py:<module>.main:print,print,9,,<empty>,436,print,,,2,,ANY
94489280820,LOCAL,Project.py:<module>.main:input,input,18,,<empty>,441,input,,,3,,ANY
94489280821,LOCAL,,choice,9,__builtin.input.<returnValue>;__builtin.input.<returnValue>.strip,<empty>,441,choice,,,4,,ANY
94489280822,LOCAL,Project.py:<module>.main:register_user,register_user,13,,<empty>,444,register_user,,,5,,ANY
94489280823,LOCAL,Project.py:<module>.main:login_admin,login_admin,16,,<empty>,446,login_admin,,,6,,ANY
94489280824,LOCAL,Project.py:<module>.main:admin_menu,admin_menu,17,,<empty>,447,admin_menu,,,7,,ANY
94489280825,LOCAL,Project.py:<module>.main:login_user,login_user,20,,<empty>,449,login_user,,,8,,ANY
94489280826,LOCAL,,user,13,json.py:<module>.load.<returnValue>.__iter__.<returnValue>.__next__.<returnValue>;Project.py:<module>._load.<returnValue>.__iter__.<returnValue>.__next__.<returnValue>;Project.py:<module>.login_user.<returnValue>,<empty>,449,user,,,9,,ANY
94489280827,LOCAL,Project.py:<module>.main:user_menu,user_menu,17,,<empty>,451,user_menu,,,10,,ANY
94489280828,LOCAL,,tmp14,16,,<empty>,48,tmp14,,,19,,ANY
94489280829,LOCAL,,tmp15,16,,<empty>,48,tmp15,,,20,,json.py:<module>.load.<returnValue>.__iter__.<returnValue>
94489280830,LOCAL,Project.py:<module>._ask_date:print,print,13,,<empty>,96,print,,,6,,ANY
94489280831,LOCAL,Project.py:<module>.register_user.<lambda>0:len,len,34,,<empty>,126,len,,,1,,ANY
94489280832,LOCAL,Project.py:<module>.register_user:len,len,34,,<empty>,126,len,,,25,,ANY
94489280833,LOCAL,,tmp27,12,,<empty>,131,tmp27,,,26,,ANY
94489280834,LOCAL,,tmp28,12,,<empty>,131,tmp28,,,27,,json.py:<module>.load.<returnValue>.__iter__.<returnValue>
94489280835,LOCAL,,tmp29,19,,<empty>,135,tmp29,,,28,,ANY
94489280836,LOCAL,,tmp30,19,,<empty>,135,tmp30,,,29,,json.py:<module>.load.<returnValue>.__iter__.<returnValue>
94489280837,LOCAL,,tmp33,25,,<empty>,156,tmp33,,,16,,ANY
94489280838,LOCAL,,tmp34,25,,<empty>,156,tmp34,,,17,,json.py:<module>.load.<returnValue>.__iter__.<returnValue>
94489280839,LOCAL,,tmp41,20,,<empty>,197,tmp41,,,23,,__builtin.list
94489280840,LOCAL,,tmp44,30,,<empty>,198,tmp44,,,24,,__builtin.input.<returnValue>.strip
94489280841,LOCAL,,tmp43,20,,<empty>,197,tmp43,,,25,,__builtin.input.<returnValue>.strip.split
94489280842,LOCAL,,tmp42,20,,<empty>,197,tmp42,,,26,,__builtin.input.<returnValue>.strip.split.__iter__
94489280843,LOCAL,,tmp45,23,,<empty>,204,tmp45,,,27,,ANY
94489280844,LOCAL,,tmp46,23,,<empty>,204,tmp46,,,28,,json.py:<module>.load.<returnValue>.__iter__.<returnValue>
94489280845,LOCAL,,tmp48,26,,<empty>,216,tmp48,,,29,,ANY
94489280846,LOCAL,,tmp49,26,,<empty>,216,tmp49,,,30,,json.py:<module>.load.<returnValue>.__iter__.<returnValue>
94489280847,LOCAL,,tmp50,16,,<empty>,223,tmp50,,,31,,ANY
94489280848,LOCAL,,tmp51,16,,<empty>,223,tmp51,,,32,,json.py:<module>.load.<returnValue>.__iter__.<returnValue>
94489280849,LOCAL,,tmp52,29,,<empty>,230,tmp52,,,33,,__builtin.list
94489280850,LOCAL,,tmp53,29,,<empty>,230,tmp53,,,34,,json.py:<module>.load.<returnValue>.__iter__.<returnValue>
94489280851,LOCAL,,tmp56,15,,<empty>,243,tmp56,,,14,,__builtin.list
94489280852,LOCAL,,tmp57,15,,<empty>,243,tmp57,,,15,,json.py:<module>.load.<returnValue>.__iter__.<returnValue>
94489280853,LOCAL,,tmp58,47,json.py:<module>.load.<returnValue>.__iter__.<returnValue>.__next__.<returnValue>.<indexAccess>;__builtin.list.__iter__.<returnValue>.__next__.<returnValue>.<indexAccess>,<empty>,243,tmp58,,,16,,ANY
94489280854,LOCAL,,tmp61,18,,<empty>,267,tmp61,,,16,,__builtin.dict
94489280855,LOCAL,,tmp62,18,,<empty>,267,tmp62,,,17,,json.py:<module>.load.<returnValue>.__iter__.<returnValue>
94489280856,LOCAL,,tmp63,20,,<empty>,274,tmp63,,,18,,ANY
94489280857,LOCAL,,tmp64,20,,<empty>,274,tmp64,,,19,,json.py:<module>.load.<returnValue>.__iter__.<returnValue>
94489280858,LOCAL,,tmp66,16,,<empty>,290,tmp66,,,20,,ANY
94489280859,LOCAL,,tmp67,16,,<empty>,290,tmp67,,,21,,json.py:<module>.load.<returnValue>.__iter__.<returnValue>
94489280860,LOCAL,,tmp73,12,,<empty>,337,tmp73,,,19,,ANY
94489280861,LOCAL,,tmp74,12,,<empty>,337,tmp74,,,20,,json.py:<module>.load.<returnValue>.__iter__.<returnValue>
94489280862,LOCAL,,tmp75,22,,<empty>,347,tmp75,,,21,,ANY
94489280863,LOCAL,,tmp76,22,,<empty>,347,tmp76,,,22,,json.py:<module>.load.<returnValue>.__iter__.<returnValue>
94489280864,LOCAL,,tmp78,20,,<empty>,357,tmp78,,,23,,ANY
94489280865,LOCAL,,tmp80,20,,<empty>,357,tmp80,,,24,,__builtin.next.<returnValue>.<indexAccess>
94489280866,LOCAL,,tmp79,20,,<empty>,357,tmp79,,,25,,__builtin.next.<returnValue>.<indexAccess>.__iter__
94489280867,LOCAL,,tmp82,16,,<empty>,375,tmp82,,,10,,ANY
94489280868,LOCAL,,tmp83,16,,<empty>,375,tmp83,,,11,,json.py:<module>.load.<returnValue>.__iter__.<returnValue>
94489280869,LOCAL,,tmp84,13,,<empty>,382,tmp84,,,12,,ANY
94489280870,LOCAL,,tmp85,13,,<empty>,382,tmp85,,,13,,json.py:<module>.load.<returnValue>.__iter__.<returnValue>
94489280871,LOCAL,,print,1,,<empty>,1,print,,,1,,ANY
94489280872,LOCAL,,code1,1,,<empty>,14,code1,,,2,,__builtin.str
94489280873,LOCAL,,tree1,1,,<empty>,15,tree1,,,3,,ast.py:<module>.parse.<returnValue>
94489280874,LOCAL,,code2,1,,<empty>,25,code2,,,4,,__builtin.str
94489280875,LOCAL,,tree2,1,,<empty>,31,tree2,,,5,,ast.py:<module>.parse.<returnValue>
94489280876,LOCAL,,code3,1,,<empty>,40,code3,,,6,,__builtin.str
94489280877,LOCAL,,tree3,1,,<empty>,47,tree3,,,7,,ast.py:<module>.parse.<returnValue>
94489280878,LOCAL,,ast,1,,<empty>,6,ast,,,8,,ast.py:<module>
94489280879,LOCAL,,import,1,,<empty>,6,import,,,9,,ANY
94489280880,LOCAL,,u,,__builtin.list.__iter__.<returnValue>.__next__.<returnValue>;scalene_demo.py:<module>.generate_bulk_users.<returnValue>.__iter__.<returnValue>.__next__.<returnValue>,<empty>,,u,,,1,,ANY
94489280881,LOCAL,,len,1,,<empty>,1,len,,,7,,ANY
94489280882,LOCAL,,print,1,,<empty>,1,print,,,8,,ANY
94489280883,LOCAL,,range,1,,<empty>,1,range,,,9,,ANY
94489280884,LOCAL,,str,1,,<empty>,1,str,,,10,,ANY
94489280885,LOCAL,,users,1,__builtin.list;scalene_demo.py:<module>.generate_bulk_users.<returnValue>,<empty>,42,users,,,11,,__builtin.list
94489280886,LOCAL,,processed,1,,<empty>,43,processed,,,12,,scalene_demo.py:<module>.process_users.<returnValue>
94489280887,LOCAL,,total,1,,<empty>,44,total,,,13,,__builtin.len.<returnValue>
94489280888,LOCAL,,_hash,1,,<empty>,8,_hash,,,14,,Project.py:<module>._hash
94489280889,LOCAL,,import,1,,<empty>,8,import,,,15,,ANY
94489280890,LOCAL,,_valid_email,1,,<empty>,8,_valid_email,,,16,,Project.py:<module>._valid_email
94489280891,LOCAL,,_valid_phone,1,,<empty>,8,_valid_phone,,,17,,Project.py:<module>._valid_phone
94489280892,LOCAL,,_valid_national_id,1,,<empty>,8,_valid_national_id,,,18,,Project.py:<module>._valid_national_id
94489280893,LOCAL,,generate_bulk_users,1,,<empty>,11,generate_bulk_users,,,19,,ANY
94489280894,LOCAL,,process_users,1,,<empty>,32,process_users,,,20,,ANY
94489280895,LOCAL,,calculate_stats,1,,<empty>,37,calculate_stats,,,21,,ANY
94489280896,LOCAL,,users,5,__builtin.list;scalene_demo.py:<module>.generate_bulk_users.<returnValue>,<empty>,13,users,,,1,,__builtin.list
94489280897,LOCAL,scalene_demo.py:<module>.generate_bulk_users:i,i,24,__builtin.range.<returnValue>.__iter__.__next__.<returnValue>;__builtin.range<meta>.<returnValue>.__iter__.__next__.<returnValue>,<empty>,15,i,,,2,,ANY
94489280898,LOCAL,,i,24,__builtin.range.<returnValue>.__iter__.__next__.<returnValue>;__builtin.range<meta>.<returnValue>.__iter__.__next__.<returnValue>,<empty>,15,i,,,22,,ANY
94489280899,LOCAL,,email,9,,<empty>,15,email,,,3,,ANY
94489280900,LOCAL,,phone,9,,<empty>,16,phone,,,4,,ANY
94489280901,LOCAL,scalene_demo.py:<module>.generate_bulk_users:str,str,23,,<empty>,17,str,,,5,,ANY
94489280902,LOCAL,,national_id,9,,<empty>,17,national_id,,,6,,__builtin.str<meta>.<returnValue>
94489280903,LOCAL,,password,9,,<empty>,18,password,,,7,,ANY
94489280904,LOCAL,scalene_demo.py:<module>.generate_bulk_users:_valid_email,_valid_email,12,,<empty>,20,_valid_email,,,8,,Project.py:<module>._valid_email
94489280905,LOCAL,scalene_demo.py:<module>.generate_bulk_users:_valid_phone,_valid_phone,36,,<empty>,20,_valid_phone,,,9,,Project.py:<module>._valid_phone
94489280906,LOCAL,scalene_demo.py:<module>.generate_bulk_users:_valid_national_id,_valid_national_id,60,,<empty>,20,_valid_national_id,,,10,,Project.py:<module>._valid_national_id
94489280907,LOCAL,scalene_demo.py:<module>.generate_bulk_users:_hash,_hash,22,,<empty>,21,_hash,,,11,,Project.py:<module>._hash
94489280908,LOCAL,,hashed,13,,<empty>,21,hashed,,,12,,Project.py:<module>._hash.<returnValue>
94489280909,LOCAL,,tmp0,26,,<empty>,22,tmp0,,,13,,__builtin.dict
94489280910,LOCAL,scalene_demo.py:<module>.generate_bulk_users:range,range,14,,<empty>,14,range,,,14,,ANY
94489280911,LOCAL,,tmp2,5,__builtin.range.<returnValue>;__builtin.range<meta>.<returnValue>,<empty>,14,tmp2,,,15,,ANY
94489280912,LOCAL,,tmp1,5,__builtin.range.<returnValue>.__iter__;__builtin.range<meta>.<returnValue>.__iter__,<empty>,14,tmp1,,,16,,ANY
94489280913,LOCAL,scalene_demo.py:<module>.calculate_stats:len,len,12,,<empty>,39,len,,,1,,ANY
94489280914,LOCAL,,tmp3,12,,<empty>,34,tmp3,,,1,,__builtin.list
94489280915,LOCAL,,tmp4,13,__builtin.list.__iter__.<returnValue>.__next__.<returnValue>.<indexAccess>;scalene_demo.py:<module>.generate_bulk_users.<returnValue>.__iter__.<returnValue>.__next__.<returnValue>.<indexAccess>,<empty>,34,tmp4,,,2,,ANY
94489280916,LOCAL,,tmp5,12,__builtin.list.__iter__.<returnValue>;scalene_demo.py:<module>.generate_bulk_users.<returnValue>.__iter__.<returnValue>,<empty>,34,tmp5,,,3,,ANY
94489280917,LOCAL,,print,1,,<empty>,1,print,,,5,,ANY
94489280918,LOCAL,,tmp0,5,,<empty>,14,tmp0,,,6,,os.py:<module>.<member>(path)
94489280919,LOCAL,,tmp1,5,,<empty>,15,tmp1,,,7,,os.py:<module>.<member>(path)
94489280920,LOCAL,,OWN_FILES,1,,<empty>,13,OWN_FILES,,,8,,__builtin.set
94489280921,LOCAL,,result,1,,<empty>,37,result,,,9,,Project.py:<module>._valid_email.<returnValue>.<operator>.tupleLiteral.<returnValue>
94489280922,LOCAL,,os,1,,<empty>,7,os,,,10,,os.py:<module>
94489280923,LOCAL,,import,1,,<empty>,7,import,,,11,,ANY
94489280924,LOCAL,,sys,1,,<empty>,8,sys,,,12,,sys.py:<module>
94489280925,LOCAL,,_valid_email,1,,<empty>,9,_valid_email,,,13,,Project.py:<module>._valid_email
94489280926,LOCAL,,_hash,1,,<empty>,9,_hash,,,14,,Project.py:<module>._hash
94489280927,LOCAL,,__file__,21,,<empty>,15,__file__,,,15,,ANY
94489280928,LOCAL,,my_tracer,1,,<empty>,19,my_tracer,,,16,,ANY
94489280929,LOCAL,,check_registration,1,,<empty>,29,check_registration,,,17,,ANY
94489280930,LOCAL,,code,5,,<empty>,20,code,,,1,,frame.f_code.<returnValue>.<member>(f_code)
94489280931,LOCAL,trace_demo.py:<module>.my_tracer:os,os,8,,<empty>,21,os,,,2,,os.py:<module>
94489280932,LOCAL,,tmp2,8,,<empty>,21,tmp2,,,3,,os.py:<module>.<member>(path)
94489280933,LOCAL,trace_demo.py:<module>.my_tracer:OWN_FILES,OWN_FILES,49,,<empty>,21,OWN_FILES,,,4,,__builtin.set
94489280934,LOCAL,,func_name,5,,<empty>,23,func_name,,,5,,frame.f_code.<returnValue>.<member>(f_code).<member>(co_name)
94489280935,LOCAL,,line_no,5,,<empty>,24,line_no,,,6,,frame.f_lineno.<returnValue>.<member>(f_lineno)
94489280936,LOCAL,trace_demo.py:<module>.my_tracer:print,print,5,,<empty>,25,print,,,7,,ANY
94489280937,LOCAL,trace_demo.py:<module>.my_tracer:my_tracer,my_tracer,12,,<empty>,26,my_tracer,,,8,,ANY
94489280938,LOCAL,trace_demo.py:<module>.check_registration:_valid_email,_valid_email,16,,<empty>,31,_valid_email,,,1,,Project.py:<module>._valid_email
94489280939,LOCAL,,is_valid,5,,<empty>,31,is_valid,,,2,,__builtin.bool<meta>.<returnValue>
94489280940,LOCAL,trace_demo.py:<module>.check_registration:_hash,_hash,23,,<empty>,32,_hash,,,3,,Project.py:<module>._hash
94489280941,LOCAL,,hashed_password,5,,<empty>,32,hashed_password,,,4,,Project.py:<module>._hash.<returnValue>
