115964116992,METHOD_PARAMETER_OUT,filepath,11,BY_SHARING,1,false,23,filepath,,,1,ANY
115964116993,METHOD_PARAMETER_OUT,filepath,11,BY_SHARING,1,false,33,filepath,,,1,ANY
115964116994,METHOD_PARAMETER_OUT,data,21,BY_SHARING,2,false,33,data,,,2,ANY
115964116995,METHOD_PARAMETER_OUT,prompt,10,BY_SHARING,1,false,68,prompt,,,1,ANY
115964116996,METHOD_PARAMETER_OUT,validator,18,BY_SHARING,2,false,68,validator,,,2,ANY
115964116997,METHOD_PARAMETER_OUT,error_msg,34,BY_SHARING,3,false,68,error_msg,,,3,ANY
115964116998,METHOD_PARAMETER_OUT,prompt,14,BY_SHARING,1,false,80,prompt,,,1,ANY
115964116999,METHOD_PARAMETER_OUT,prompt,15,BY_SHARING,1,false,88,prompt,,,1,ANY
115964117000,METHOD_PARAMETER_OUT,prompt,14,BY_SHARING,1,false,98,prompt,,,1,ANY
115964117001,METHOD_PARAMETER_OUT,password,11,BY_SHARING,1,false,102,password,,,1,ANY
115964117002,METHOD_PARAMETER_OUT,salt,21,BY_SHARING,2,false,102,salt,,,2,ANY
115964117003,METHOD_PARAMETER_OUT,email,18,BY_SHARING,1,false,107,email,,,1,ANY
115964117004,METHOD_PARAMETER_OUT,phone,18,BY_SHARING,1,false,110,phone,,,1,ANY
115964117005,METHOD_PARAMETER_OUT,nid,24,BY_SHARING,1,false,113,nid,,,1,ANY
115964117006,METHOD_PARAMETER_OUT,p,31,BY_SHARING,1,false,126,p,,,1,ANY
115964117007,METHOD_PARAMETER_OUT,user,25,BY_SHARING,1,false,332,user,,,1,ANY
115964117008,METHOD_PARAMETER_OUT,user,27,BY_SHARING,1,false,372,user,,,1,ANY
115964117009,METHOD_PARAMETER_OUT,user,15,BY_SHARING,1,false,413,user,,,1,ANY
115964117010,METHOD_PARAMETER_OUT,n,25,BY_SHARING,1,false,11,n,,,1,ANY
115964117011,METHOD_PARAMETER_OUT,users,19,BY_SHARING,1,false,32,users,,,1,ANY
115964117012,METHOD_PARAMETER_OUT,users,21,BY_SHARING,1,false,37,users,,,1,ANY
115964117013,METHOD_PARAMETER_OUT,frame,15,BY_SHARING,1,false,19,frame,,,1,ANY
115964117014,METHOD_PARAMETER_OUT,event,22,BY_SHARING,2,false,19,event,,,2,ANY
115964117015,METHOD_PARAMETER_OUT,arg,29,BY_SHARING,3,false,19,arg,,,3,ANY
115964117016,METHOD_PARAMETER_OUT,email,24,BY_SHARING,1,false,29,email,,,1,ANY
115964117017,METHOD_PARAMETER_OUT,password,31,BY_SHARING,2,false,29,password,,,2,ANY
115964117018,METHOD_PARAMETER_OUT,p1,,BY_VALUE,1,false,,p1,,,1,ANY
115964117019,METHOD_PARAMETER_OUT,p2,,BY_VALUE,2,false,,p2,,,2,ANY
115964117020,METHOD_PARAMETER_OUT,p3,,BY_VALUE,3,false,,p3,,,3,ANY
115964117021,METHOD_PARAMETER_OUT,p1,,BY_VALUE,1,false,,p1,,,1,ANY
115964117022,METHOD_PARAMETER_OUT,p2,,BY_VALUE,2,false,,p2,,,2,ANY
115964117023,METHOD_PARAMETER_OUT,p1,,BY_VALUE,1,false,,p1,,,1,ANY
115964117024,METHOD_PARAMETER_OUT,p0,,BY_VALUE,0,false,,p0,,,0,ANY
115964117025,METHOD_PARAMETER_OUT,p1,,BY_VALUE,1,false,,p1,,,1,ANY
115964117026,METHOD_PARAMETER_OUT,p2,,BY_VALUE,2,false,,p2,,,2,ANY
115964117027,METHOD_PARAMETER_OUT,p1,,BY_VALUE,1,false,,p1,,,1,ANY
115964117028,METHOD_PARAMETER_OUT,p2,,BY_VALUE,2,false,,p2,,,2,ANY
115964117029,METHOD_PARAMETER_OUT,p1,,BY_VALUE,1,false,,p1,,,1,ANY
115964117030,METHOD_PARAMETER_OUT,p2,,BY_VALUE,2,false,,p2,,,2,ANY
115964117031,METHOD_PARAMETER_OUT,p3,,BY_VALUE,3,false,,p3,,,3,ANY
115964117032,METHOD_PARAMETER_OUT,p4,,BY_VALUE,4,false,,p4,,,4,ANY
115964117033,METHOD_PARAMETER_OUT,p5,,BY_VALUE,5,false,,p5,,,5,ANY
115964117034,METHOD_PARAMETER_OUT,p6,,BY_VALUE,6,false,,p6,,,6,ANY
115964117035,METHOD_PARAMETER_OUT,p1,,BY_VALUE,1,false,,p1,,,1,ANY
115964117036,METHOD_PARAMETER_OUT,p2,,BY_VALUE,2,false,,p2,,,2,ANY
115964117037,METHOD_PARAMETER_OUT,p1,,BY_VALUE,1,false,,p1,,,1,ANY
115964117038,METHOD_PARAMETER_OUT,p2,,BY_VALUE,2,false,,p2,,,2,ANY
115964117039,METHOD_PARAMETER_OUT,p0,,BY_VALUE,0,false,,p0,,,0,ANY
115964117040,METHOD_PARAMETER_OUT,p1,,BY_VALUE,1,false,,p1,,,1,ANY
115964117041,METHOD_PARAMETER_OUT,p2,,BY_VALUE,2,false,,p2,,,2,ANY
115964117042,METHOD_PARAMETER_OUT,p1,,BY_VALUE,1,false,,p1,,,1,ANY
115964117043,METHOD_PARAMETER_OUT,p2,,BY_VALUE,2,false,,p2,,,2,ANY
115964117044,METHOD_PARAMETER_OUT,p1,,BY_VALUE,1,false,,p1,,,1,ANY
115964117045,METHOD_PARAMETER_OUT,p2,,BY_VALUE,2,false,,p2,,,2,ANY
115964117046,METHOD_PARAMETER_OUT,p1,,BY_VALUE,1,false,,p1,,,1,ANY
115964117047,METHOD_PARAMETER_OUT,p2,,BY_VALUE,2,false,,p2,,,2,ANY
115964117048,METHOD_PARAMETER_OUT,p1,,BY_VALUE,1,false,,p1,,,1,ANY
115964117049,METHOD_PARAMETER_OUT,p0,,BY_VALUE,0,false,,p0,,,0,ANY
115964117050,METHOD_PARAMETER_OUT,p1,,BY_VALUE,1,false,,p1,,,1,ANY
115964117051,METHOD_PARAMETER_OUT,p2,,BY_VALUE,2,false,,p2,,,2,ANY
115964117052,METHOD_PARAMETER_OUT,p1,,BY_VALUE,1,false,,p1,,,1,ANY
115964117053,METHOD_PARAMETER_OUT,p2,,BY_VALUE,2,false,,p2,,,2,ANY
115964117054,METHOD_PARAMETER_OUT,p1,,BY_VALUE,1,false,,p1,,,1,ANY
115964117055,METHOD_PARAMETER_OUT,p2,,BY_VALUE,2,false,,p2,,,2,ANY
115964117056,METHOD_PARAMETER_OUT,p1,,BY_VALUE,1,false,,p1,,,1,ANY
115964117057,METHOD_PARAMETER_OUT,p2,,BY_VALUE,2,false,,p2,,,2,ANY
115964117058,METHOD_PARAMETER_OUT,p1,,BY_VALUE,1,false,,p1,,,1,ANY
115964117059,METHOD_PARAMETER_OUT,p2,,BY_VALUE,2,false,,p2,,,2,ANY
115964117060,METHOD_PARAMETER_OUT,p1,,BY_VALUE,1,false,,p1,,,1,ANY
115964117061,METHOD_PARAMETER_OUT,p2,,BY_VALUE,2,false,,p2,,,2,ANY
115964117062,METHOD_PARAMETER_OUT,p1,,BY_VALUE,1,false,,p1,,,1,ANY
115964117063,METHOD_PARAMETER_OUT,p2,,BY_VALUE,2,false,,p2,,,2,ANY
115964117064,METHOD_PARAMETER_OUT,p1,,BY_VALUE,1,false,,p1,,,1,ANY
115964117065,METHOD_PARAMETER_OUT,p2,,BY_VALUE,2,false,,p2,,,2,ANY
