47244640256,CONTROL_STRUCTURE,-1,,,if ... : ...,1,IF,10,189,461,19,<empty>
47244640257,CONTROL_STRUCTURE,-1,,,try: ...,18,TRY,27,901,920,5,<empty>
47244640258,CONTROL_STRUCTURE,-1,,,__exit__(),18,FINALLY,27,901,920,2,<empty>
47244640259,CONTROL_STRUCTURE,-1,,,try: ...,9,TRY,26,879,1026,1,<empty>
47244640260,CONTROL_STRUCTURE,-1,,,return [],9,CATCH,26,879,1026,2,<empty>
47244640261,CONTROL_STRUCTURE,-1,,,if ... : ...,5,IF,25,808,1026,2,<empty>
47244640262,CONTROL_STRUCTURE,-1,,,try: ...,10,TRY,35,1109,1128,5,<empty>
47244640263,CONTROL_STRUCTURE,-1,,,__exit__(),10,FINALLY,35,1109,1128,2,<empty>
47244640264,CONTROL_STRUCTURE,-1,,,if ... : ...,5,IF,40,1267,1651,2,<empty>
47244640265,CONTROL_STRUCTURE,-1,,,while ... : ...,16,WHILE,48,1692,1724,2,<empty>
47244640266,CONTROL_STRUCTURE,-1,,,if ... : ...,5,IF,48,1681,2164,4,<empty>
47244640267,CONTROL_STRUCTURE,-1,,,if ... : ...,5,IF,63,2164,2326,5,<empty>
47244640268,CONTROL_STRUCTURE,-1,,,continue,13,CONTINUE,74,2589,2597,2,<empty>
47244640269,CONTROL_STRUCTURE,-1,,,if ... : ...,9,IF,72,2514,2606,2,<empty>
47244640270,CONTROL_STRUCTURE,-1,,,continue,13,CONTINUE,77,2686,2694,2,<empty>
47244640271,CONTROL_STRUCTURE,-1,,,if ... : ...,9,IF,75,2606,2703,3,<empty>
47244640272,CONTROL_STRUCTURE,-1,,,while ... : ...,5,WHILE,70,2456,2717,2,<empty>
47244640273,CONTROL_STRUCTURE,-1,,,if ... : ...,9,IF,84,2855,2909,2,<empty>
47244640274,CONTROL_STRUCTURE,-1,,,while ... : ...,5,WHILE,82,2799,2948,2,<empty>
47244640275,CONTROL_STRUCTURE,-1,,,try: ...,9,TRY,92,3095,3254,2,<empty>
47244640276,CONTROL_STRUCTURE,-1,,,"print(""Invalid date. Use YYYY-MM-DD format."")",9,CATCH,92,3095,3254,2,<empty>
47244640277,CONTROL_STRUCTURE,-1,,,while ... : ...,5,WHILE,90,3039,3254,2,<empty>
47244640278,CONTROL_STRUCTURE,-1,,,while ... : ...,12,WHILE,131,4588,4622,2,<empty>
47244640279,CONTROL_STRUCTURE,-1,,,if ... : ...,5,IF,131,4581,4705,9,<empty>
47244640280,CONTROL_STRUCTURE,-1,,,while ... : ...,19,WHILE,135,4719,4743,2,<empty>
47244640281,CONTROL_STRUCTURE,-1,,,while ... : ...,25,WHILE,156,5462,5501,2,<empty>
47244640282,CONTROL_STRUCTURE,-1,,,continue,46,CONTINUE,156,5483,5500,1,<empty>
47244640283,CONTROL_STRUCTURE,-1,,,if ... : ...,46,IF,156,5483,5500,2,<empty>
47244640284,CONTROL_STRUCTURE,-1,,,if ... : ...,13,IF,159,5580,5706,2,<empty>
47244640285,CONTROL_STRUCTURE,-1,,,if ... : ...,9,IF,157,5517,5706,5,<empty>
47244640286,CONTROL_STRUCTURE,-1,,,while ... : ...,5,WHILE,153,5307,5769,2,<empty>
47244640287,CONTROL_STRUCTURE,-1,,,if ... : ...,17,IF,178,6406,6547,2,<empty>
47244640288,CONTROL_STRUCTURE,-1,,,if ... : ...,13,IF,176,6290,6547,2,<empty>
47244640289,CONTROL_STRUCTURE,-1,,,while ... : ...,9,WHILE,174,6170,6547,2,<empty>
47244640290,CONTROL_STRUCTURE,-1,,,while ... : ...,5,WHILE,170,5993,6619,2,<empty>
47244640291,CONTROL_STRUCTURE,-1,,,while ... : ...,20,WHILE,197,7092,7213,2,<empty>
47244640292,CONTROL_STRUCTURE,-1,,,continue,24,CONTINUE,199,7203,7212,1,<empty>
47244640293,CONTROL_STRUCTURE,-1,,,if ... : ...,24,IF,199,7203,7212,2,<empty>
47244640294,CONTROL_STRUCTURE,-1,,,if ... : ...,9,IF,200,7222,7324,4,<empty>
47244640295,CONTROL_STRUCTURE,-1,,,while ... : ...,23,WHILE,204,7376,7402,2,<empty>
47244640296,CONTROL_STRUCTURE,-1,,,if ... : ...,5,IF,194,6977,8581,6,<empty>
47244640297,CONTROL_STRUCTURE,-1,,,if ... : ...,9,IF,212,7705,7789,2,<empty>
47244640298,CONTROL_STRUCTURE,-1,,,while ... : ...,26,WHILE,216,7866,7910,2,<empty>
47244640299,CONTROL_STRUCTURE,-1,,,continue,49,CONTINUE,216,7889,7909,1,<empty>
47244640300,CONTROL_STRUCTURE,-1,,,if ... : ...,49,IF,216,7889,7909,2,<empty>
47244640301,CONTROL_STRUCTURE,-1,,,if ... : ...,9,IF,217,7926,8074,5,<empty>
47244640302,CONTROL_STRUCTURE,-1,,,while ... : ...,16,WHILE,223,8129,8178,2,<empty>
47244640303,CONTROL_STRUCTURE,-1,,,if ... : ...,9,IF,223,8122,8290,7,<empty>
47244640304,CONTROL_STRUCTURE,-1,,,if ... : ...,9,IF,227,8290,8397,8,<empty>
47244640305,CONTROL_STRUCTURE,-1,,,while ... : ...,29,WHILE,230,8417,8461,2,<empty>
47244640306,CONTROL_STRUCTURE,-1,,,continue,52,CONTINUE,230,8440,8460,1,<empty>
47244640307,CONTROL_STRUCTURE,-1,,,if ... : ...,52,IF,230,8440,8460,2,<empty>
47244640308,CONTROL_STRUCTURE,-1,,,if ... : ...,5,IF,210,7639,8581,1,<empty>
47244640309,CONTROL_STRUCTURE,-1,,,if ... : ...,5,IF,233,8501,8581,1,<empty>
47244640310,CONTROL_STRUCTURE,-1,,,while ... : ...,15,WHILE,243,8813,8863,2,<empty>
47244640311,CONTROL_STRUCTURE,-1,,,continue,38,CONTINUE,243,8836,8862,1,<empty>
47244640312,CONTROL_STRUCTURE,-1,,,if ... : ...,38,IF,243,8836,8862,2,<empty>
47244640313,CONTROL_STRUCTURE,-1,,,while ... : ...,9,WHILE,247,8937,9179,2,<empty>
47244640314,CONTROL_STRUCTURE,-1,,,if ... : ...,5,IF,245,8869,9240,5,<empty>
47244640315,CONTROL_STRUCTURE,-1,,,if ... : ...,5,IF,263,9468,9544,5,<empty>
47244640316,CONTROL_STRUCTURE,-1,,,while ... : ...,18,WHILE,267,9557,9594,2,<empty>
47244640317,CONTROL_STRUCTURE,-1,,,while ... : ...,20,WHILE,274,9818,9870,2,<empty>
47244640318,CONTROL_STRUCTURE,-1,,,continue,48,CONTINUE,274,9846,9869,1,<empty>
47244640319,CONTROL_STRUCTURE,-1,,,if ... : ...,48,IF,274,9846,9869,2,<empty>
47244640320,CONTROL_STRUCTURE,-1,,,if ... : ...,9,IF,275,9886,10197,4,<empty>
47244640321,CONTROL_STRUCTURE,-1,,,while ... : ...,5,WHILE,270,9662,10215,2,<empty>
47244640322,CONTROL_STRUCTURE,-1,,,while ... : ...,16,WHILE,290,10438,10490,2,<empty>
47244640323,CONTROL_STRUCTURE,-1,,,continue,44,CONTINUE,290,10466,10489,1,<empty>
47244640324,CONTROL_STRUCTURE,-1,,,if ... : ...,44,IF,290,10466,10489,2,<empty>
47244640325,CONTROL_STRUCTURE,-1,,,if ... : ...,5,IF,291,10502,10587,5,<empty>
47244640326,CONTROL_STRUCTURE,-1,,,if ... : ...,5,IF,295,10587,10695,6,<empty>
47244640327,CONTROL_STRUCTURE,-1,,,if ... : ...,5,IF,304,10900,11241,11,<empty>
47244640328,CONTROL_STRUCTURE,-1,,,if ... : ...,5,IF,307,11073,11241,1,<empty>
47244640329,CONTROL_STRUCTURE,-1,,,if ... : ...,5,IF,322,11566,11656,3,<empty>
47244640330,CONTROL_STRUCTURE,-1,,,while ... : ...,5,WHILE,326,11718,11865,2,<empty>
47244640331,CONTROL_STRUCTURE,-1,,,while ... : ...,12,WHILE,337,12057,12105,2,<empty>
47244640332,CONTROL_STRUCTURE,-1,,,if ... : ...,5,IF,337,12050,12200,3,<empty>
47244640333,CONTROL_STRUCTURE,-1,,,if ... : ...,5,IF,343,12253,12289,6,<empty>
47244640334,CONTROL_STRUCTURE,-1,,,while ... : ...,22,WHILE,347,12346,12390,2,<empty>
47244640335,CONTROL_STRUCTURE,-1,,,continue,45,CONTINUE,347,12369,12389,1,<empty>
47244640336,CONTROL_STRUCTURE,-1,,,if ... : ...,45,IF,347,12369,12389,2,<empty>
47244640337,CONTROL_STRUCTURE,-1,,,if ... : ...,5,IF,349,12403,12473,9,<empty>
47244640338,CONTROL_STRUCTURE,-1,,,while ... : ...,20,WHILE,357,12621,12684,2,<empty>
47244640339,CONTROL_STRUCTURE,-1,,,continue,54,CONTINUE,357,12655,12683,1,<empty>
47244640340,CONTROL_STRUCTURE,-1,,,if ... : ...,54,IF,357,12655,12683,2,<empty>
47244640341,CONTROL_STRUCTURE,-1,,,if ... : ...,5,IF,358,12696,12795,13,<empty>
47244640342,CONTROL_STRUCTURE,-1,,,while ... : ...,16,WHILE,375,13239,13294,2,<empty>
47244640343,CONTROL_STRUCTURE,-1,,,continue,44,CONTINUE,375,13267,13293,1,<empty>
47244640344,CONTROL_STRUCTURE,-1,,,if ... : ...,44,IF,375,13267,13293,2,<empty>
47244640345,CONTROL_STRUCTURE,-1,,,if ... : ...,5,IF,377,13307,13841,4,<empty>
47244640346,CONTROL_STRUCTURE,-1,,,while ... : ...,13,WHILE,382,13469,13528,2,<empty>
47244640347,CONTROL_STRUCTURE,-1,,,continue,44,CONTINUE,382,13500,13527,1,<empty>
47244640348,CONTROL_STRUCTURE,-1,,,if ... : ...,44,IF,382,13500,13527,2,<empty>
47244640349,CONTROL_STRUCTURE,-1,,,if ... : ...,5,IF,379,13369,13841,1,<empty>
47244640350,CONTROL_STRUCTURE,-1,,,if ... : ...,9,IF,402,14231,14565,8,<empty>
47244640351,CONTROL_STRUCTURE,-1,,,if ... : ...,9,IF,403,14282,14565,1,<empty>
47244640352,CONTROL_STRUCTURE,-1,,,if ... : ...,9,IF,404,14334,14565,1,<empty>
47244640353,CONTROL_STRUCTURE,-1,,,if ... : ...,9,IF,405,14392,14565,1,<empty>
47244640354,CONTROL_STRUCTURE,-1,,,break,13,BREAK,408,14506,14511,2,<empty>
47244640355,CONTROL_STRUCTURE,-1,,,if ... : ...,9,IF,406,14441,14565,1,<empty>
47244640356,CONTROL_STRUCTURE,-1,,,while ... : ...,5,WHILE,393,13863,14565,1,<empty>
47244640357,CONTROL_STRUCTURE,-1,,,if ... : ...,9,IF,422,14882,15240,7,<empty>
47244640358,CONTROL_STRUCTURE,-1,,,if ... : ...,9,IF,423,14925,15240,1,<empty>
47244640359,CONTROL_STRUCTURE,-1,,,if ... : ...,9,IF,424,14979,15240,1,<empty>
47244640360,CONTROL_STRUCTURE,-1,,,break,13,BREAK,427,15100,15105,2,<empty>
47244640361,CONTROL_STRUCTURE,-1,,,if ... : ...,9,IF,425,15035,15240,1,<empty>
47244640362,CONTROL_STRUCTURE,-1,,,while ... : ...,5,WHILE,414,14590,15240,1,<empty>
47244640363,CONTROL_STRUCTURE,-1,,,if ... : ...,9,IF,443,15568,15943,7,<empty>
47244640364,CONTROL_STRUCTURE,-1,,,if ... : ...,13,IF,446,15654,15709,1,<empty>
47244640365,CONTROL_STRUCTURE,-1,,,if ... : ...,9,IF,445,15622,15943,1,<empty>
47244640366,CONTROL_STRUCTURE,-1,,,if ... : ...,13,IF,450,15773,15822,2,<empty>
47244640367,CONTROL_STRUCTURE,-1,,,if ... : ...,9,IF,448,15709,15943,1,<empty>
47244640368,CONTROL_STRUCTURE,-1,,,break,13,BREAK,454,15884,15889,2,<empty>
47244640369,CONTROL_STRUCTURE,-1,,,if ... : ...,9,IF,452,15822,15943,1,<empty>
47244640370,CONTROL_STRUCTURE,-1,,,while ... : ...,5,WHILE,435,15316,15943,2,<empty>
47244640371,CONTROL_STRUCTURE,-1,,,if ... : ...,1,IF,459,15943,15980,48,<empty>
47244640372,CONTROL_STRUCTURE,-1,,,if ... : ...,9,IF,20,640,989,6,<empty>
47244640373,CONTROL_STRUCTURE,-1,,,while ... : ...,5,WHILE,14,450,989,2,<empty>
47244640374,CONTROL_STRUCTURE,-1,,,while ... : ...,12,WHILE,34,1110,1148,2,<empty>
47244640375,CONTROL_STRUCTURE,-1,,,if ... : ...,5,IF,21,509,635,2,<empty>
