111669149696,METHOD_PARAMETER_IN,,filepath,11,,BY_SHARING,1,false,23,filepath,716,724,1,,ANY
111669149697,METHOD_PARAMETER_IN,,filepath,11,,BY_SHARING,1,false,33,filepath,1047,1055,1,,ANY
111669149698,METHOD_PARAMETER_IN,,data,21,,BY_SHARING,2,false,33,data,1057,1061,2,,ANY
111669149699,METHOD_PARAMETER_IN,,prompt,10,,BY_SHARING,1,false,68,prompt,2335,2341,1,,ANY
111669149700,METHOD_PARAMETER_IN,,validator,18,,BY_SHARING,2,false,68,validator,2343,2352,2,,ANY
111669149701,METHOD_PARAMETER_IN,,error_msg,34,,BY_SHARING,3,false,68,error_msg,2359,2368,3,,ANY
111669149702,METHOD_PARAMETER_IN,,prompt,14,,BY_SHARING,1,false,80,prompt,2730,2736,1,,ANY
111669149703,METHOD_PARAMETER_IN,,prompt,15,,BY_SHARING,1,false,88,prompt,2962,2968,1,,ANY
111669149704,METHOD_PARAMETER_IN,,prompt,14,,BY_SHARING,1,false,98,prompt,3267,3273,1,,ANY
111669149705,METHOD_PARAMETER_IN,,password,11,,BY_SHARING,1,false,102,password,3402,3410,1,,ANY
111669149706,METHOD_PARAMETER_IN,,salt,21,,BY_SHARING,2,false,102,salt,3412,3416,2,,ANY
111669149707,METHOD_PARAMETER_IN,,email,18,,BY_SHARING,1,false,107,email,3588,3593,1,,ANY
111669149708,METHOD_PARAMETER_IN,,phone,18,,BY_SHARING,1,false,110,phone,3685,3690,1,,ANY
111669149709,METHOD_PARAMETER_IN,,nid,24,,BY_SHARING,1,false,113,nid,3774,3777,1,,ANY
111669149710,METHOD_PARAMETER_IN,,p,31,,BY_SHARING,1,false,126,p,4454,4455,1,,ANY
111669149711,METHOD_PARAMETER_IN,,user,25,,BY_SHARING,1,false,332,user,11907,11911,1,,ANY
111669149712,METHOD_PARAMETER_IN,,user,27,,BY_SHARING,1,false,372,user,13116,13120,1,,ANY
111669149713,METHOD_PARAMETER_IN,,user,15,,BY_SHARING,1,false,413,user,14579,14583,1,,ANY
111669149714,METHOD_PARAMETER_IN,,n,25,,BY_SHARING,1,false,11,n,353,354,1,,ANY
111669149715,METHOD_PARAMETER_IN,,users,19,,BY_SHARING,1,false,32,users,1022,1027,1,,ANY
111669149716,METHOD_PARAMETER_IN,,users,21,,BY_SHARING,1,false,37,users,1171,1176,1,,ANY
111669149717,METHOD_PARAMETER_IN,,frame,15,,BY_SHARING,1,false,19,frame,456,461,1,,ANY
111669149718,METHOD_PARAMETER_IN,,event,22,,BY_SHARING,2,false,19,event,463,468,2,,ANY
111669149719,METHOD_PARAMETER_IN,,arg,29,,BY_SHARING,3,false,19,arg,470,473,3,,ANY
111669149720,METHOD_PARAMETER_IN,,email,24,,BY_SHARING,1,false,29,email,819,824,1,,ANY
111669149721,METHOD_PARAMETER_IN,,password,31,,BY_SHARING,2,false,29,password,826,834,2,,ANY
111669149722,METHOD_PARAMETER_IN,,p1,,,BY_VALUE,1,false,,p1,,,1,,ANY
111669149723,METHOD_PARAMETER_IN,,p2,,,BY_VALUE,2,false,,p2,,,2,,ANY
111669149724,METHOD_PARAMETER_IN,,p3,,,BY_VALUE,3,false,,p3,,,3,,ANY
111669149725,METHOD_PARAMETER_IN,,p1,,,BY_VALUE,1,false,,p1,,,1,,ANY
111669149726,METHOD_PARAMETER_IN,,p2,,,BY_VALUE,2,false,,p2,,,2,,ANY
111669149727,METHOD_PARAMETER_IN,,p1,,,BY_VALUE,1,false,,p1,,,1,,ANY
111669149728,METHOD_PARAMETER_IN,,p0,,,BY_VALUE,0,false,,p0,,,0,,ANY
111669149729,METHOD_PARAMETER_IN,,p1,,,BY_VALUE,1,false,,p1,,,1,,ANY
111669149730,METHOD_PARAMETER_IN,,p2,,,BY_VALUE,2,false,,p2,,,2,,ANY
111669149731,METHOD_PARAMETER_IN,,p1,,,BY_VALUE,1,false,,p1,,,1,,ANY
111669149732,METHOD_PARAMETER_IN,,p2,,,BY_VALUE,2,false,,p2,,,2,,ANY
111669149733,METHOD_PARAMETER_IN,,p1,,,BY_VALUE,1,false,,p1,,,1,,ANY
111669149734,METHOD_PARAMETER_IN,,p2,,,BY_VALUE,2,false,,p2,,,2,,ANY
111669149735,METHOD_PARAMETER_IN,,p3,,,BY_VALUE,3,false,,p3,,,3,,ANY
111669149736,METHOD_PARAMETER_IN,,p4,,,BY_VALUE,4,false,,p4,,,4,,ANY
111669149737,METHOD_PARAMETER_IN,,p5,,,BY_VALUE,5,false,,p5,,,5,,ANY
111669149738,METHOD_PARAMETER_IN,,p6,,,BY_VALUE,6,false,,p6,,,6,,ANY
111669149739,METHOD_PARAMETER_IN,,p1,,,BY_VALUE,1,false,,p1,,,1,,ANY
111669149740,METHOD_PARAMETER_IN,,p2,,,BY_VALUE,2,false,,p2,,,2,,ANY
111669149741,METHOD_PARAMETER_IN,,p1,,,BY_VALUE,1,false,,p1,,,1,,ANY
111669149742,METHOD_PARAMETER_IN,,p2,,,BY_VALUE,2,false,,p2,,,2,,ANY
111669149743,METHOD_PARAMETER_IN,,p0,,,BY_VALUE,0,false,,p0,,,0,,ANY
111669149744,METHOD_PARAMETER_IN,,p1,,,BY_VALUE,1,false,,p1,,,1,,ANY
111669149745,METHOD_PARAMETER_IN,,p2,,,BY_VALUE,2,false,,p2,,,2,,ANY
111669149746,METHOD_PARAMETER_IN,,p1,,,BY_VALUE,1,false,,p1,,,1,,ANY
111669149747,METHOD_PARAMETER_IN,,p2,,,BY_VALUE,2,false,,p2,,,2,,ANY
111669149748,METHOD_PARAMETER_IN,,p1,,,BY_VALUE,1,false,,p1,,,1,,ANY
111669149749,METHOD_PARAMETER_IN,,p2,,,BY_VALUE,2,false,,p2,,,2,,ANY
111669149750,METHOD_PARAMETER_IN,,p1,,,BY_VALUE,1,false,,p1,,,1,,ANY
111669149751,METHOD_PARAMETER_IN,,p2,,,BY_VALUE,2,false,,p2,,,2,,ANY
111669149752,METHOD_PARAMETER_IN,,p1,,,BY_VALUE,1,false,,p1,,,1,,ANY
111669149753,METHOD_PARAMETER_IN,,p0,,,BY_VALUE,0,false,,p0,,,0,,ANY
111669149754,METHOD_PARAMETER_IN,,p1,,,BY_VALUE,1,false,,p1,,,1,,ANY
111669149755,METHOD_PARAMETER_IN,,p2,,,BY_VALUE,2,false,,p2,,,2,,ANY
111669149756,METHOD_PARAMETER_IN,,p1,,,BY_VALUE,1,false,,p1,,,1,,ANY
111669149757,METHOD_PARAMETER_IN,,p2,,,BY_VALUE,2,false,,p2,,,2,,ANY
111669149758,METHOD_PARAMETER_IN,,p1,,,BY_VALUE,1,false,,p1,,,1,,ANY
111669149759,METHOD_PARAMETER_IN,,p2,,,BY_VALUE,2,false,,p2,,,2,,ANY
111669149760,METHOD_PARAMETER_IN,,p1,,,BY_VALUE,1,false,,p1,,,1,,ANY
111669149761,METHOD_PARAMETER_IN,,p2,,,BY_VALUE,2,false,,p2,,,2,,ANY
111669149762,METHOD_PARAMETER_IN,,p1,,,BY_VALUE,1,false,,p1,,,1,,ANY
111669149763,METHOD_PARAMETER_IN,,p2,,,BY_VALUE,2,false,,p2,,,2,,ANY
111669149764,METHOD_PARAMETER_IN,,p1,,,BY_VALUE,1,false,,p1,,,1,,ANY
111669149765,METHOD_PARAMETER_IN,,p2,,,BY_VALUE,2,false,,p2,,,2,,ANY
111669149766,METHOD_PARAMETER_IN,,p1,,,BY_VALUE,1,false,,p1,,,1,,ANY
111669149767,METHOD_PARAMETER_IN,,p2,,,BY_VALUE,2,false,,p2,,,2,,ANY
111669149768,METHOD_PARAMETER_IN,,p1,,,BY_VALUE,1,false,,p1,,,1,,ANY
111669149769,METHOD_PARAMETER_IN,,p2,,,BY_VALUE,2,false,,p2,,,2,,ANY
111669149770,METHOD_PARAMETER_IN,,p0,,,BY_VALUE,1,false,,p0,,,0,,ANY
111669149771,METHOD_PARAMETER_IN,,p1,,,BY_VALUE,2,false,,p1,,,1,,ANY
111669149772,METHOD_PARAMETER_IN,,p2,,,BY_VALUE,3,false,,p2,,,2,,ANY
111669149773,METHOD_PARAMETER_IN,,p0,,,BY_VALUE,1,false,,p0,,,0,,ANY
111669149774,METHOD_PARAMETER_IN,,p1,,,BY_VALUE,2,false,,p1,,,1,,ANY
111669149775,METHOD_PARAMETER_IN,,p2,,,BY_VALUE,3,false,,p2,,,2,,ANY
111669149776,METHOD_PARAMETER_IN,,p3,,,BY_VALUE,4,false,,p3,,,3,,ANY
111669149777,METHOD_PARAMETER_IN,,p0,,,BY_VALUE,1,false,,p0,,,0,,ANY
111669149778,METHOD_PARAMETER_IN,,p1,,,BY_VALUE,2,false,,p1,,,1,,ANY
111669149779,METHOD_PARAMETER_IN,,p2,,,BY_VALUE,3,false,,p2,,,2,,ANY
111669149780,METHOD_PARAMETER_IN,,p0,,,BY_VALUE,1,false,,p0,,,0,,ANY
111669149781,METHOD_PARAMETER_IN,,p1,,,BY_VALUE,2,false,,p1,,,1,,ANY
111669149782,METHOD_PARAMETER_IN,,p2,,,BY_VALUE,3,false,,p2,,,2,,ANY
111669149783,METHOD_PARAMETER_IN,,p0,,,BY_VALUE,1,false,,p0,,,0,,ANY
111669149784,METHOD_PARAMETER_IN,,p1,,,BY_VALUE,2,false,,p1,,,1,,ANY
111669149785,METHOD_PARAMETER_IN,,p2,,,BY_VALUE,3,false,,p2,,,2,,ANY
111669149786,METHOD_PARAMETER_IN,,p0,,,BY_VALUE,1,false,,p0,,,0,,ANY
111669149787,METHOD_PARAMETER_IN,,p1,,,BY_VALUE,2,false,,p1,,,1,,ANY
111669149788,METHOD_PARAMETER_IN,,p2,,,BY_VALUE,3,false,,p2,,,2,,ANY
111669149789,METHOD_PARAMETER_IN,,p0,,,BY_VALUE,1,false,,p0,,,0,,ANY
111669149790,METHOD_PARAMETER_IN,,p1,,,BY_VALUE,2,false,,p1,,,1,,ANY
111669149791,METHOD_PARAMETER_IN,,p0,,,BY_VALUE,1,false,,p0,,,0,,ANY
111669149792,METHOD_PARAMETER_IN,,p1,,,BY_VALUE,2,false,,p1,,,1,,ANY
111669149793,METHOD_PARAMETER_IN,,p2,,,BY_VALUE,3,false,,p2,,,2,,ANY
111669149794,METHOD_PARAMETER_IN,,p3,,,BY_VALUE,4,false,,p3,,,3,,ANY
111669149795,METHOD_PARAMETER_IN,,p4,,,BY_VALUE,5,false,,p4,,,4,,ANY
111669149796,METHOD_PARAMETER_IN,,p0,,,BY_VALUE,1,false,,p0,,,0,,ANY
111669149797,METHOD_PARAMETER_IN,,p1,,,BY_VALUE,2,false,,p1,,,1,,ANY
111669149798,METHOD_PARAMETER_IN,,p2,,,BY_VALUE,3,false,,p2,,,2,,ANY
111669149799,METHOD_PARAMETER_IN,,p0,,,BY_VALUE,1,false,,p0,,,0,,ANY
111669149800,METHOD_PARAMETER_IN,,p1,,,BY_VALUE,2,false,,p1,,,1,,ANY
111669149801,METHOD_PARAMETER_IN,,p0,,,BY_VALUE,1,false,,p0,,,0,,ANY
111669149802,METHOD_PARAMETER_IN,,p1,,,BY_VALUE,2,false,,p1,,,1,,ANY
111669149803,METHOD_PARAMETER_IN,,p0,,,BY_VALUE,1,false,,p0,,,0,,ANY
111669149804,METHOD_PARAMETER_IN,,p1,,,BY_VALUE,2,false,,p1,,,1,,ANY
111669149805,METHOD_PARAMETER_IN,,p0,,,BY_VALUE,1,false,,p0,,,0,,ANY
111669149806,METHOD_PARAMETER_IN,,p1,,,BY_VALUE,2,false,,p1,,,1,,ANY
111669149807,METHOD_PARAMETER_IN,,p2,,,BY_VALUE,3,false,,p2,,,2,,ANY
111669149808,METHOD_PARAMETER_IN,,p0,,,BY_VALUE,1,false,,p0,,,0,,ANY
111669149809,METHOD_PARAMETER_IN,,p1,,,BY_VALUE,2,false,,p1,,,1,,ANY
111669149810,METHOD_PARAMETER_IN,,p0,,,BY_VALUE,1,false,,p0,,,0,,ANY
111669149811,METHOD_PARAMETER_IN,,p1,,,BY_VALUE,2,false,,p1,,,1,,ANY
111669149812,METHOD_PARAMETER_IN,,p2,,,BY_VALUE,3,false,,p2,,,2,,ANY
111669149813,METHOD_PARAMETER_IN,,p0,,,BY_VALUE,1,false,,p0,,,0,,ANY
111669149814,METHOD_PARAMETER_IN,,p1,,,BY_VALUE,2,false,,p1,,,1,,ANY
111669149815,METHOD_PARAMETER_IN,,p0,,,BY_VALUE,1,false,,p0,,,0,,ANY
111669149816,METHOD_PARAMETER_IN,,p1,,,BY_VALUE,2,false,,p1,,,1,,ANY
111669149817,METHOD_PARAMETER_IN,,p0,,,BY_VALUE,1,false,,p0,,,0,,ANY
111669149818,METHOD_PARAMETER_IN,,p1,,,BY_VALUE,2,false,,p1,,,1,,ANY
111669149819,METHOD_PARAMETER_IN,,p0,,,BY_VALUE,1,false,,p0,,,0,,ANY
111669149820,METHOD_PARAMETER_IN,,p1,,,BY_VALUE,2,false,,p1,,,1,,ANY
111669149821,METHOD_PARAMETER_IN,,p0,,,BY_VALUE,1,false,,p0,,,0,,ANY
111669149822,METHOD_PARAMETER_IN,,p1,,,BY_VALUE,2,false,,p1,,,1,,ANY
111669149823,METHOD_PARAMETER_IN,,p0,,,BY_VALUE,1,false,,p0,,,0,,ANY
111669149824,METHOD_PARAMETER_IN,,p1,,,BY_VALUE,2,false,,p1,,,1,,ANY
111669149825,METHOD_PARAMETER_IN,,p2,,,BY_VALUE,3,false,,p2,,,2,,ANY
111669149826,METHOD_PARAMETER_IN,,p0,,,BY_VALUE,1,false,,p0,,,0,,ANY
111669149827,METHOD_PARAMETER_IN,,p1,,,BY_VALUE,2,false,,p1,,,1,,ANY
111669149828,METHOD_PARAMETER_IN,,p0,,,BY_VALUE,1,false,,p0,,,0,,ANY
111669149829,METHOD_PARAMETER_IN,,p1,,,BY_VALUE,2,false,,p1,,,1,,ANY
111669149830,METHOD_PARAMETER_IN,,p2,,,BY_VALUE,3,false,,p2,,,2,,ANY
111669149831,METHOD_PARAMETER_IN,,p0,,,BY_VALUE,1,false,,p0,,,0,,ANY
111669149832,METHOD_PARAMETER_IN,,p1,,,BY_VALUE,2,false,,p1,,,1,,ANY
111669149833,METHOD_PARAMETER_IN,,p0,,,BY_VALUE,1,false,,p0,,,0,,ANY
111669149834,METHOD_PARAMETER_IN,,p1,,,BY_VALUE,2,false,,p1,,,1,,ANY
111669149835,METHOD_PARAMETER_IN,,p2,,,BY_VALUE,3,false,,p2,,,2,,ANY
111669149836,METHOD_PARAMETER_IN,,p3,,,BY_VALUE,4,false,,p3,,,3,,ANY
111669149837,METHOD_PARAMETER_IN,,p0,,,BY_VALUE,1,false,,p0,,,0,,ANY
111669149838,METHOD_PARAMETER_IN,,p1,,,BY_VALUE,2,false,,p1,,,1,,ANY
111669149839,METHOD_PARAMETER_IN,,p0,,,BY_VALUE,1,false,,p0,,,0,,ANY
111669149840,METHOD_PARAMETER_IN,,p1,,,BY_VALUE,2,false,,p1,,,1,,ANY
111669149841,METHOD_PARAMETER_IN,,p0,,,BY_VALUE,1,false,,p0,,,0,,ANY
111669149842,METHOD_PARAMETER_IN,,p1,,,BY_VALUE,2,false,,p1,,,1,,ANY
111669149843,METHOD_PARAMETER_IN,,p2,,,BY_VALUE,3,false,,p2,,,2,,ANY
111669149844,METHOD_PARAMETER_IN,,p0,,,BY_VALUE,1,false,,p0,,,0,,ANY
111669149845,METHOD_PARAMETER_IN,,p1,,,BY_VALUE,2,false,,p1,,,1,,ANY
111669149846,METHOD_PARAMETER_IN,,p2,,,BY_VALUE,3,false,,p2,,,2,,ANY
111669149847,METHOD_PARAMETER_IN,,p0,,,BY_VALUE,1,false,,p0,,,0,,ANY
111669149848,METHOD_PARAMETER_IN,,p1,,,BY_VALUE,2,false,,p1,,,1,,ANY
111669149849,METHOD_PARAMETER_IN,,p2,,,BY_VALUE,3,false,,p2,,,2,,ANY
111669149850,METHOD_PARAMETER_IN,,p3,,,BY_VALUE,4,false,,p3,,,3,,ANY
111669149851,METHOD_PARAMETER_IN,,p0,,,BY_VALUE,1,false,,p0,,,0,,ANY
111669149852,METHOD_PARAMETER_IN,,p1,,,BY_VALUE,2,false,,p1,,,1,,ANY
111669149853,METHOD_PARAMETER_IN,,p2,,,BY_VALUE,3,false,,p2,,,2,,ANY
111669149854,METHOD_PARAMETER_IN,,p0,,,BY_VALUE,1,false,,p0,,,0,,ANY
111669149855,METHOD_PARAMETER_IN,,p1,,,BY_VALUE,2,false,,p1,,,1,,ANY
111669149856,METHOD_PARAMETER_IN,,p2,,,BY_VALUE,3,false,,p2,,,2,,ANY
111669149857,METHOD_PARAMETER_IN,,p0,,,BY_VALUE,1,false,,p0,,,0,,ANY
111669149858,METHOD_PARAMETER_IN,,p1,,,BY_VALUE,2,false,,p1,,,1,,ANY
111669149859,METHOD_PARAMETER_IN,,p0,,,BY_VALUE,1,false,,p0,,,0,,ANY
111669149860,METHOD_PARAMETER_IN,,p1,,,BY_VALUE,2,false,,p1,,,1,,ANY
111669149861,METHOD_PARAMETER_IN,,p0,,,BY_VALUE,1,false,,p0,,,0,,ANY
111669149862,METHOD_PARAMETER_IN,,p1,,,BY_VALUE,2,false,,p1,,,1,,ANY
111669149863,METHOD_PARAMETER_IN,,p0,,,BY_VALUE,1,false,,p0,,,0,,ANY
111669149864,METHOD_PARAMETER_IN,,p1,,,BY_VALUE,2,false,,p1,,,1,,ANY
111669149865,METHOD_PARAMETER_IN,,p0,,,BY_VALUE,1,false,,p0,,,0,,ANY
111669149866,METHOD_PARAMETER_IN,,p1,,,BY_VALUE,2,false,,p1,,,1,,ANY
111669149867,METHOD_PARAMETER_IN,,p0,,,BY_VALUE,1,false,,p0,,,0,,ANY
111669149868,METHOD_PARAMETER_IN,,p1,,,BY_VALUE,2,false,,p1,,,1,,ANY
111669149869,METHOD_PARAMETER_IN,,p0,,,BY_VALUE,1,false,,p0,,,0,,ANY
111669149870,METHOD_PARAMETER_IN,,p1,,,BY_VALUE,2,false,,p1,,,1,,ANY
111669149871,METHOD_PARAMETER_IN,,p2,,,BY_VALUE,3,false,,p2,,,2,,ANY
111669149872,METHOD_PARAMETER_IN,,p0,,,BY_VALUE,1,false,,p0,,,0,,ANY
111669149873,METHOD_PARAMETER_IN,,p1,,,BY_VALUE,2,false,,p1,,,1,,ANY
111669149874,METHOD_PARAMETER_IN,,p2,,,BY_VALUE,3,false,,p2,,,2,,ANY
111669149875,METHOD_PARAMETER_IN,,p0,,,BY_VALUE,1,false,,p0,,,0,,ANY
111669149876,METHOD_PARAMETER_IN,,p1,,,BY_VALUE,2,false,,p1,,,1,,ANY
111669149877,METHOD_PARAMETER_IN,,p0,,,BY_VALUE,1,false,,p0,,,0,,ANY
111669149878,METHOD_PARAMETER_IN,,p1,,,BY_VALUE,2,false,,p1,,,1,,ANY
111669149879,METHOD_PARAMETER_IN,,p0,,,BY_VALUE,1,false,,p0,,,0,,ANY
111669149880,METHOD_PARAMETER_IN,,p1,,,BY_VALUE,2,false,,p1,,,1,,ANY
111669149881,METHOD_PARAMETER_IN,,p0,,,BY_VALUE,1,false,,p0,,,0,,ANY
111669149882,METHOD_PARAMETER_IN,,p1,,,BY_VALUE,2,false,,p1,,,1,,ANY
111669149883,METHOD_PARAMETER_IN,,p0,,,BY_VALUE,1,false,,p0,,,0,,ANY
111669149884,METHOD_PARAMETER_IN,,p1,,,BY_VALUE,2,false,,p1,,,1,,ANY
111669149885,METHOD_PARAMETER_IN,,p2,,,BY_VALUE,3,false,,p2,,,2,,ANY
111669149886,METHOD_PARAMETER_IN,,p0,,,BY_VALUE,1,false,,p0,,,0,,ANY
111669149887,METHOD_PARAMETER_IN,,p1,,,BY_VALUE,2,false,,p1,,,1,,ANY
111669149888,METHOD_PARAMETER_IN,,p0,,,BY_VALUE,1,false,,p0,,,0,,ANY
111669149889,METHOD_PARAMETER_IN,,p1,,,BY_VALUE,2,false,,p1,,,1,,ANY
111669149890,METHOD_PARAMETER_IN,,p0,,,BY_VALUE,1,false,,p0,,,0,,ANY
111669149891,METHOD_PARAMETER_IN,,p1,,,BY_VALUE,2,false,,p1,,,1,,ANY
111669149892,METHOD_PARAMETER_IN,,p2,,,BY_VALUE,3,false,,p2,,,2,,ANY
111669149893,METHOD_PARAMETER_IN,,p3,,,BY_VALUE,4,false,,p3,,,3,,ANY
111669149894,METHOD_PARAMETER_IN,,p0,,,BY_VALUE,1,false,,p0,,,0,,ANY
111669149895,METHOD_PARAMETER_IN,,p1,,,BY_VALUE,2,false,,p1,,,1,,ANY
111669149896,METHOD_PARAMETER_IN,,p2,,,BY_VALUE,3,false,,p2,,,2,,ANY
111669149897,METHOD_PARAMETER_IN,,p3,,,BY_VALUE,4,false,,p3,,,3,,ANY
111669149898,METHOD_PARAMETER_IN,,p0,,,BY_VALUE,1,false,,p0,,,0,,ANY
111669149899,METHOD_PARAMETER_IN,,p1,,,BY_VALUE,2,false,,p1,,,1,,ANY
111669149900,METHOD_PARAMETER_IN,,p0,,,BY_VALUE,1,false,,p0,,,0,,ANY
111669149901,METHOD_PARAMETER_IN,,p1,,,BY_VALUE,2,false,,p1,,,1,,ANY
111669149902,METHOD_PARAMETER_IN,,p2,,,BY_VALUE,3,false,,p2,,,2,,ANY
111669149903,METHOD_PARAMETER_IN,,p0,,,BY_VALUE,1,false,,p0,,,0,,ANY
111669149904,METHOD_PARAMETER_IN,,p1,,,BY_VALUE,2,false,,p1,,,1,,ANY
111669149905,METHOD_PARAMETER_IN,,p0,,,BY_VALUE,1,false,,p0,,,0,,ANY
111669149906,METHOD_PARAMETER_IN,,p1,,,BY_VALUE,2,false,,p1,,,1,,ANY
111669149907,METHOD_PARAMETER_IN,,p0,,,BY_VALUE,1,false,,p0,,,0,,ANY
111669149908,METHOD_PARAMETER_IN,,p1,,,BY_VALUE,2,false,,p1,,,1,,ANY
111669149909,METHOD_PARAMETER_IN,,p0,,,BY_VALUE,1,false,,p0,,,0,,ANY
111669149910,METHOD_PARAMETER_IN,,p1,,,BY_VALUE,2,false,,p1,,,1,,ANY
111669149911,METHOD_PARAMETER_IN,,p0,,,BY_VALUE,1,false,,p0,,,0,,ANY
111669149912,METHOD_PARAMETER_IN,,p1,,,BY_VALUE,2,false,,p1,,,1,,ANY
111669149913,METHOD_PARAMETER_IN,,p2,,,BY_VALUE,3,false,,p2,,,2,,ANY
111669149914,METHOD_PARAMETER_IN,,p0,,,BY_VALUE,1,false,,p0,,,0,,ANY
111669149915,METHOD_PARAMETER_IN,,p1,,,BY_VALUE,2,false,,p1,,,1,,ANY
111669149916,METHOD_PARAMETER_IN,,p2,,,BY_VALUE,3,false,,p2,,,2,,ANY
111669149917,METHOD_PARAMETER_IN,,p3,,,BY_VALUE,4,false,,p3,,,3,,ANY
111669149918,METHOD_PARAMETER_IN,,p0,,,BY_VALUE,1,false,,p0,,,0,,ANY
111669149919,METHOD_PARAMETER_IN,,p1,,,BY_VALUE,2,false,,p1,,,1,,ANY
111669149920,METHOD_PARAMETER_IN,,p0,,,BY_VALUE,1,false,,p0,,,0,,ANY
111669149921,METHOD_PARAMETER_IN,,p1,,,BY_VALUE,2,false,,p1,,,1,,ANY
111669149922,METHOD_PARAMETER_IN,,p2,,,BY_VALUE,3,false,,p2,,,2,,ANY
111669149923,METHOD_PARAMETER_IN,,p0,,,BY_VALUE,1,false,,p0,,,0,,ANY
111669149924,METHOD_PARAMETER_IN,,p1,,,BY_VALUE,2,false,,p1,,,1,,ANY
111669149925,METHOD_PARAMETER_IN,,p0,,,BY_VALUE,1,false,,p0,,,0,,ANY
111669149926,METHOD_PARAMETER_IN,,p1,,,BY_VALUE,2,false,,p1,,,1,,ANY
111669149927,METHOD_PARAMETER_IN,,p0,,,BY_VALUE,1,false,,p0,,,0,,ANY
111669149928,METHOD_PARAMETER_IN,,p1,,,BY_VALUE,2,false,,p1,,,1,,ANY
111669149929,METHOD_PARAMETER_IN,,p0,,,BY_VALUE,1,false,,p0,,,0,,ANY
111669149930,METHOD_PARAMETER_IN,,p1,,,BY_VALUE,2,false,,p1,,,1,,ANY
111669149931,METHOD_PARAMETER_IN,,p0,,,BY_VALUE,1,false,,p0,,,0,,ANY
111669149932,METHOD_PARAMETER_IN,,p1,,,BY_VALUE,2,false,,p1,,,1,,ANY
111669149933,METHOD_PARAMETER_IN,,p2,,,BY_VALUE,3,false,,p2,,,2,,ANY
111669149934,METHOD_PARAMETER_IN,,p0,,,BY_VALUE,1,false,,p0,,,0,,ANY
111669149935,METHOD_PARAMETER_IN,,p1,,,BY_VALUE,2,false,,p1,,,1,,ANY
111669149936,METHOD_PARAMETER_IN,,p2,,,BY_VALUE,3,false,,p2,,,2,,ANY
