73014444032,IMPORT,import json,1,,json,json,,,,1,,,2
73014444033,IMPORT,import os,1,,os,os,,,,2,,,2
73014444034,IMPORT,import re,1,,re,re,,,,3,,,2
73014444035,IMPORT,import random,1,,random,random,,,,4,,,2
73014444036,IMPORT,import datetime,1,,datetime,datetime,,,,5,,,2
73014444037,IMPORT,import hashlib,1,,hashlib,hashlib,,,,6,,,2
73014444038,IMPORT,import sys,1,,sys,sys,,,,7,,,2
73014444039,IMPORT,import io,5,,io,io,,,,11,,,2
73014444040,IMPORT,import ast,1,,ast,ast,,,,6,,,2
73014444041,IMPORT,"from Project import _hash, _valid_email, _valid_phone, _valid_national_id",1,,_hash,Project._hash,,,,8,,,2
73014444042,IMPORT,"from Project import _hash, _valid_email, _valid_phone, _valid_national_id",1,,_valid_email,Project._valid_email,,,,8,,,2
73014444043,IMPORT,"from Project import _hash, _valid_email, _valid_phone, _valid_national_id",1,,_valid_phone,Project._valid_phone,,,,8,,,2
73014444044,IMPORT,"from Project import _hash, _valid_email, _valid_phone, _valid_national_id",1,,_valid_national_id,Project._valid_national_id,,,,8,,,2
73014444045,IMPORT,import os,1,,os,os,,,,7,,,2
73014444046,IMPORT,import sys,1,,sys,sys,,,,8,,,2
73014444047,IMPORT,"from Project import _valid_email, _hash",1,,_valid_email,Project._valid_email,,,,9,,,2
73014444048,IMPORT,"from Project import _valid_email, _hash",1,,_hash,Project._hash,,,,9,,,2
