55834574848,FIELD_IDENTIFIER,2,,,platform,platform,4,10,192,204,2
55834574849,FIELD_IDENTIFIER,2,,,startswith,startswith,4,10,192,222,2
55834574850,FIELD_IDENTIFIER,2,,,stdout,stdout,35,12,272,282,2
55834574851,FIELD_IDENTIFIER,2,,,buffer,buffer,35,12,272,289,2
55834574852,FIELD_IDENTIFIER,2,,,TextIOWrapper,TextIOWrapper,18,12,255,308,2
55834574853,FIELD_IDENTIFIER,2,,,stdout,stdout,5,12,242,252,2
55834574854,FIELD_IDENTIFIER,2,,,stderr,stderr,35,13,343,353,2
55834574855,FIELD_IDENTIFIER,2,,,buffer,buffer,35,13,343,360,2
55834574856,FIELD_IDENTIFIER,2,,,TextIOWrapper,TextIOWrapper,18,13,326,379,2
55834574857,FIELD_IDENTIFIER,2,,,stderr,stderr,5,13,313,323,2
55834574858,FIELD_IDENTIFIER,2,,,path,path,8,25,811,818,2
55834574859,FIELD_IDENTIFIER,2,,,exists,exists,8,25,811,835,2
55834574860,FIELD_IDENTIFIER,2,,,path,path,37,25,840,847,2
55834574861,FIELD_IDENTIFIER,2,,,getsize,getsize,37,25,840,865,2
55834574862,FIELD_IDENTIFIER,2,,,load,load,24,28,950,962,2
55834574863,FIELD_IDENTIFIER,2,,,__enter__,__enter__,18,27,901,920,2
55834574864,FIELD_IDENTIFIER,2,,,__exit__,__exit__,18,27,901,920,2
55834574865,FIELD_IDENTIFIER,2,,,dump,dump,9,36,1143,1171,2
55834574866,FIELD_IDENTIFIER,2,,,__enter__,__enter__,10,35,1109,1128,2
55834574867,FIELD_IDENTIFIER,2,,,__exit__,__exit__,10,35,1109,1128,2
55834574868,FIELD_IDENTIFIER,2,,,path,path,12,40,1274,1281,2
55834574869,FIELD_IDENTIFIER,2,,,exists,exists,12,40,1274,1302,2
55834574870,FIELD_IDENTIFIER,2,,,get,get,16,48,1692,1709,2
55834574871,FIELD_IDENTIFIER,2,,,append,append,16,48,1692,1724,2
55834574872,FIELD_IDENTIFIER,2,,,__iter__,__iter__,16,48,1692,1724,2
55834574873,FIELD_IDENTIFIER,2,,,__next__,__next__,16,48,1692,1724,2
55834574874,FIELD_IDENTIFIER,2,,,urandom,urandom,22,49,1748,1762,2
55834574875,FIELD_IDENTIFIER,2,,,hex,hex,22,49,1748,1768,2
55834574876,FIELD_IDENTIFIER,2,,,append,append,9,60,2101,2125,2
55834574877,FIELD_IDENTIFIER,2,,,path,path,12,63,2171,2178,2
55834574878,FIELD_IDENTIFIER,2,,,exists,exists,12,63,2171,2204,2
55834574879,FIELD_IDENTIFIER,2,,,strip,strip,17,71,2484,2505,2
55834574880,FIELD_IDENTIFIER,2,,,strip,strip,15,83,2825,2846,2
55834574881,FIELD_IDENTIFIER,2,,,isdigit,isdigit,12,84,2858,2871,2
55834574882,FIELD_IDENTIFIER,2,,,strip,strip,15,91,3065,3086,2
55834574883,FIELD_IDENTIFIER,2,,,date,date,13,93,3112,3125,2
55834574884,FIELD_IDENTIFIER,2,,,fromisoformat,fromisoformat,13,93,3112,3144,2
55834574885,FIELD_IDENTIFIER,2,,,strip,strip,12,100,3341,3375,2
55834574886,FIELD_IDENTIFIER,2,,,lower,lower,12,100,3341,3383,2
55834574887,FIELD_IDENTIFIER,2,,,encode,encode,28,103,3449,3474,2
55834574888,FIELD_IDENTIFIER,2,,,sha256,sha256,12,103,3433,3475,2
55834574889,FIELD_IDENTIFIER,2,,,hexdigest,hexdigest,12,103,3433,3487,2
55834574890,FIELD_IDENTIFIER,2,,,match,match,17,108,3612,3665,2
55834574891,FIELD_IDENTIFIER,2,,,match,match,17,111,3709,3748,2
55834574892,FIELD_IDENTIFIER,2,,,match,match,17,114,3796,3825,2
55834574893,FIELD_IDENTIFIER,2,,,append,append,12,131,4588,4622,2
55834574894,FIELD_IDENTIFIER,2,,,__iter__,__iter__,12,131,4588,4622,2
55834574895,FIELD_IDENTIFIER,2,,,__next__,__next__,12,131,4588,4622,2
55834574896,FIELD_IDENTIFIER,2,,,append,append,19,135,4719,4743,2
55834574897,FIELD_IDENTIFIER,2,,,__iter__,__iter__,19,135,4719,4743,2
55834574898,FIELD_IDENTIFIER,2,,,__next__,__next__,19,135,4719,4743,2
55834574899,FIELD_IDENTIFIER,2,,,urandom,urandom,15,136,4774,4788,2
55834574900,FIELD_IDENTIFIER,2,,,hex,hex,15,136,4774,4794,2
55834574901,FIELD_IDENTIFIER,2,,,append,append,5,137,4799,5052,2
55834574902,FIELD_IDENTIFIER,2,,,append,append,25,156,5462,5501,2
55834574903,FIELD_IDENTIFIER,2,,,__iter__,__iter__,25,156,5462,5501,2
55834574904,FIELD_IDENTIFIER,2,,,__next__,__next__,25,156,5462,5501,2
55834574905,FIELD_IDENTIFIER,2,,,get,get,46,156,5483,5500,2
55834574906,FIELD_IDENTIFIER,2,,,get,get,20,158,5546,5567,2
55834574907,FIELD_IDENTIFIER,2,,,__iter__,__iter__,5,153,5307,5769,2
55834574908,FIELD_IDENTIFIER,2,,,__next__,__next__,5,153,5307,5769,2
55834574909,FIELD_IDENTIFIER,2,,,strip,strip,20,171,6061,6085,2
55834574910,FIELD_IDENTIFIER,2,,,get,get,20,176,6297,6317,2
55834574911,FIELD_IDENTIFIER,2,,,get,get,24,177,6369,6389,2
55834574912,FIELD_IDENTIFIER,2,,,__iter__,__iter__,9,174,6170,6547,2
55834574913,FIELD_IDENTIFIER,2,,,__next__,__next__,9,174,6170,6547,2
55834574914,FIELD_IDENTIFIER,2,,,__iter__,__iter__,5,170,5993,6619,2
55834574915,FIELD_IDENTIFIER,2,,,__next__,__next__,5,170,5993,6619,2
55834574916,FIELD_IDENTIFIER,2,,,strip,strip,21,197,7093,7102,2
55834574917,FIELD_IDENTIFIER,2,,,append,append,20,197,7092,7213,2
55834574918,FIELD_IDENTIFIER,2,,,split,split,30,198,7132,7179,2
55834574919,FIELD_IDENTIFIER,2,,,__iter__,__iter__,20,197,7092,7213,2
55834574920,FIELD_IDENTIFIER,2,,,__next__,__next__,20,197,7092,7213,2
55834574921,FIELD_IDENTIFIER,2,,,strip,strip,24,199,7203,7212,2
55834574922,FIELD_IDENTIFIER,2,,,append,append,23,204,7376,7402,2
55834574923,FIELD_IDENTIFIER,2,,,__iter__,__iter__,23,204,7376,7402,2
55834574924,FIELD_IDENTIFIER,2,,,__next__,__next__,23,204,7376,7402,2
55834574925,FIELD_IDENTIFIER,2,,,append,append,9,205,7427,7538,2
55834574926,FIELD_IDENTIFIER,2,,,append,append,26,216,7866,7910,2
55834574927,FIELD_IDENTIFIER,2,,,__iter__,__iter__,26,216,7866,7910,2
55834574928,FIELD_IDENTIFIER,2,,,__next__,__next__,26,216,7866,7910,2
55834574929,FIELD_IDENTIFIER,2,,,append,append,16,223,8129,8178,2
55834574930,FIELD_IDENTIFIER,2,,,__iter__,__iter__,16,223,8129,8178,2
55834574931,FIELD_IDENTIFIER,2,,,__next__,__next__,16,223,8129,8178,2
55834574932,FIELD_IDENTIFIER,2,,,append,append,29,230,8417,8461,2
55834574933,FIELD_IDENTIFIER,2,,,__iter__,__iter__,29,230,8417,8461,2
55834574934,FIELD_IDENTIFIER,2,,,__next__,__next__,29,230,8417,8461,2
55834574935,FIELD_IDENTIFIER,2,,,strip,strip,15,241,8710,8756,2
55834574936,FIELD_IDENTIFIER,2,,,lower,lower,15,241,8710,8764,2
55834574937,FIELD_IDENTIFIER,2,,,append,append,15,243,8813,8863,2
55834574938,FIELD_IDENTIFIER,2,,,__iter__,__iter__,15,243,8813,8863,2
55834574939,FIELD_IDENTIFIER,2,,,__next__,__next__,15,243,8813,8863,2
55834574940,FIELD_IDENTIFIER,2,,,lower,lower,47,243,8845,8862,2
55834574941,FIELD_IDENTIFIER,2,,,join,join,32,251,9119,9143,2
55834574942,FIELD_IDENTIFIER,2,,,__iter__,__iter__,9,247,8937,9179,2
55834574943,FIELD_IDENTIFIER,2,,,__next__,__next__,9,247,8937,9179,2
55834574944,FIELD_IDENTIFIER,2,,,__iter__,__iter__,18,267,9557,9594,2
55834574945,FIELD_IDENTIFIER,2,,,__next__,__next__,18,267,9557,9594,2
55834574946,FIELD_IDENTIFIER,2,,,append,append,20,274,9818,9870,2
55834574947,FIELD_IDENTIFIER,2,,,__iter__,__iter__,20,274,9818,9870,2
55834574948,FIELD_IDENTIFIER,2,,,__next__,__next__,20,274,9818,9870,2
55834574949,FIELD_IDENTIFIER,2,,,get,get,27,276,9920,9963,2
55834574950,FIELD_IDENTIFIER,2,,,get,get,27,277,9990,10005,2
55834574951,FIELD_IDENTIFIER,2,,,__iter__,__iter__,5,270,9662,10215,2
55834574952,FIELD_IDENTIFIER,2,,,__next__,__next__,5,270,9662,10215,2
55834574953,FIELD_IDENTIFIER,2,,,append,append,16,290,10438,10490,2
55834574954,FIELD_IDENTIFIER,2,,,__iter__,__iter__,16,290,10438,10490,2
55834574955,FIELD_IDENTIFIER,2,,,__next__,__next__,16,290,10438,10490,2
55834574956,FIELD_IDENTIFIER,2,,,strip,strip,14,302,10863,10894,2
55834574957,FIELD_IDENTIFIER,2,,,randint,randint,26,305,10943,10965,2
55834574958,FIELD_IDENTIFIER,2,,,date,date,27,306,10992,11005,2
55834574959,FIELD_IDENTIFIER,2,,,today,today,27,306,10992,11013,2
55834574960,FIELD_IDENTIFIER,2,,,timedelta,timedelta,51,306,11016,11046,2
55834574961,FIELD_IDENTIFIER,2,,,strftime,strftime,27,306,10992,11068,2
55834574962,FIELD_IDENTIFIER,2,,,join,join,31,328,11833,11857,2
55834574963,FIELD_IDENTIFIER,2,,,__iter__,__iter__,5,326,11718,11865,2
55834574964,FIELD_IDENTIFIER,2,,,__next__,__next__,5,326,11718,11865,2
55834574965,FIELD_IDENTIFIER,2,,,append,append,12,337,12057,12105,2
55834574966,FIELD_IDENTIFIER,2,,,__iter__,__iter__,12,337,12057,12105,2
55834574967,FIELD_IDENTIFIER,2,,,__next__,__next__,12,337,12057,12105,2
55834574968,FIELD_IDENTIFIER,2,,,append,append,22,347,12346,12390,2
55834574969,FIELD_IDENTIFIER,2,,,__iter__,__iter__,22,347,12346,12390,2
55834574970,FIELD_IDENTIFIER,2,,,__next__,__next__,22,347,12346,12390,2
55834574971,FIELD_IDENTIFIER,2,,,join,join,34,353,12502,12531,2
55834574972,FIELD_IDENTIFIER,2,,,append,append,20,357,12621,12684,2
55834574973,FIELD_IDENTIFIER,2,,,__iter__,__iter__,20,357,12621,12684,2
55834574974,FIELD_IDENTIFIER,2,,,__next__,__next__,20,357,12621,12684,2
55834574975,FIELD_IDENTIFIER,2,,,lower,lower,54,357,12655,12664,2
55834574976,FIELD_IDENTIFIER,2,,,lower,lower,67,357,12668,12683,2
55834574977,FIELD_IDENTIFIER,2,,,append,append,5,362,12795,12980,2
55834574978,FIELD_IDENTIFIER,2,,,append,append,16,375,13239,13294,2
55834574979,FIELD_IDENTIFIER,2,,,__iter__,__iter__,16,375,13239,13294,2
55834574980,FIELD_IDENTIFIER,2,,,__next__,__next__,16,375,13239,13294,2
55834574981,FIELD_IDENTIFIER,2,,,append,append,13,382,13469,13528,2
55834574982,FIELD_IDENTIFIER,2,,,__iter__,__iter__,13,382,13469,13528,2
55834574983,FIELD_IDENTIFIER,2,,,__next__,__next__,13,382,13469,13528,2
55834574984,FIELD_IDENTIFIER,2,,,parse,parse,9,15,504,520,2
55834574985,FIELD_IDENTIFIER,2,,,dump,dump,7,16,527,552,2
55834574986,FIELD_IDENTIFIER,2,,,parse,parse,9,31,963,979,2
55834574987,FIELD_IDENTIFIER,2,,,dump,dump,7,32,986,1011,2
55834574988,FIELD_IDENTIFIER,2,,,parse,parse,9,47,1416,1432,2
55834574989,FIELD_IDENTIFIER,2,,,dump,dump,7,48,1439,1464,2
55834574990,FIELD_IDENTIFIER,2,,,append,append,13,22,786,984,2
55834574991,FIELD_IDENTIFIER,2,,,__iter__,__iter__,5,14,450,989,2
55834574992,FIELD_IDENTIFIER,2,,,__next__,__next__,5,14,450,989,2
55834574993,FIELD_IDENTIFIER,2,,,upper,upper,13,34,1111,1132,2
55834574994,FIELD_IDENTIFIER,2,,,append,append,12,34,1110,1148,2
55834574995,FIELD_IDENTIFIER,2,,,__iter__,__iter__,12,34,1110,1148,2
55834574996,FIELD_IDENTIFIER,2,,,__next__,__next__,12,34,1110,1148,2
55834574997,FIELD_IDENTIFIER,2,,,path,path,5,14,376,383,2
55834574998,FIELD_IDENTIFIER,2,,,abspath,abspath,5,14,376,405,2
55834574999,FIELD_IDENTIFIER,2,,,path,path,5,15,411,418,2
55834575000,FIELD_IDENTIFIER,2,,,abspath,abspath,5,15,411,436,2
55834575001,FIELD_IDENTIFIER,2,,,f_code,f_code,12,20,492,504,2
55834575002,FIELD_IDENTIFIER,2,,,co_filename,co_filename,24,21,528,544,2
55834575003,FIELD_IDENTIFIER,2,,,path,path,8,21,512,519,2
55834575004,FIELD_IDENTIFIER,2,,,abspath,abspath,8,21,512,545,2
55834575005,FIELD_IDENTIFIER,2,,,co_name,co_name,17,23,647,659,2
55834575006,FIELD_IDENTIFIER,2,,,f_lineno,f_lineno,15,24,674,688,2
55834575007,FIELD_IDENTIFIER,2,,,settrace,settrace,1,36,1039,1062,2
55834575008,FIELD_IDENTIFIER,2,,,settrace,settrace,1,38,1150,1168,2
