146028888064,TAG,UNKNOWN_IMPORT,json.py:<module>
146028888065,TAG,UNKNOWN_IMPORT,os.py:<module>
146028888066,TAG,UNKNOWN_IMPORT,re.py:<module>
146028888067,TAG,UNKNOWN_IMPORT,random.py:<module>
146028888068,TAG,UNKNOWN_IMPORT,datetime.py:<module>
146028888069,TAG,UNKNOWN_IMPORT,hashlib.py:<module>
146028888070,TAG,UNKNOWN_IMPORT,sys.py:<module>
146028888071,TAG,UNKNOWN_IMPORT,io.py:<module>
146028888072,TAG,UNKNOWN_IMPORT,ast.py:<module>
146028888073,TAG,RESOLVED_METHOD,"FULL_NAME,UHJvamVjdC5weTo8bW9kdWxlPi5faGFzaA==,ALIAS,X2hhc2g="
146028888074,TAG,RESOLVED_METHOD,"FULL_NAME,UHJvamVjdC5weTo8bW9kdWxlPi5faGFzaA==,ALIAS,X2hhc2g="
146028888075,TAG,RESOLVED_METHOD,"FULL_NAME,UHJvamVjdC5weTo8bW9kdWxlPi5fdmFsaWRfZW1haWw=,ALIAS,X3ZhbGlkX2VtYWls"
146028888076,TAG,RESOLVED_METHOD,"FULL_NAME,UHJvamVjdC5weTo8bW9kdWxlPi5fdmFsaWRfZW1haWw=,ALIAS,X3ZhbGlkX2VtYWls"
146028888077,TAG,RESOLVED_METHOD,"FULL_NAME,UHJvamVjdC5weTo8bW9kdWxlPi5fdmFsaWRfcGhvbmU=,ALIAS,X3ZhbGlkX3Bob25l"
146028888078,TAG,RESOLVED_METHOD,"FULL_NAME,UHJvamVjdC5weTo8bW9kdWxlPi5fdmFsaWRfcGhvbmU=,ALIAS,X3ZhbGlkX3Bob25l"
146028888079,TAG,RESOLVED_METHOD,"FULL_NAME,UHJvamVjdC5weTo8bW9kdWxlPi5fdmFsaWRfbmF0aW9uYWxfaWQ=,ALIAS,X3ZhbGlkX25hdGlvbmFsX2lk"
146028888080,TAG,RESOLVED_METHOD,"FULL_NAME,UHJvamVjdC5weTo8bW9kdWxlPi5fdmFsaWRfbmF0aW9uYWxfaWQ=,ALIAS,X3ZhbGlkX25hdGlvbmFsX2lk"
146028888081,TAG,UNKNOWN_IMPORT,os.py:<module>
146028888082,TAG,UNKNOWN_IMPORT,sys.py:<module>
146028888083,TAG,RESOLVED_METHOD,"FULL_NAME,UHJvamVjdC5weTo8bW9kdWxlPi5fdmFsaWRfZW1haWw=,ALIAS,X3ZhbGlkX2VtYWls"
146028888084,TAG,RESOLVED_METHOD,"FULL_NAME,UHJvamVjdC5weTo8bW9kdWxlPi5fdmFsaWRfZW1haWw=,ALIAS,X3ZhbGlkX2VtYWls"
146028888085,TAG,RESOLVED_METHOD,"FULL_NAME,UHJvamVjdC5weTo8bW9kdWxlPi5faGFzaA==,ALIAS,X2hhc2g="
146028888086,TAG,RESOLVED_METHOD,"FULL_NAME,UHJvamVjdC5weTo8bW9kdWxlPi5faGFzaA==,ALIAS,X2hhc2g="
